any,1248,1249,2111,2332,2515,2693,2731,3059,5978,5979,6524,6844,7507,7508,7575,7593,10297,11551,11844,11906,12084,12221,12222,12612,13080,13124,13379,13501,13978,15288,15350,15594,15719,15722,17338,17806,18406,20103,20259,24659,28996,31587,31872,32221,32354,33313,34384
Y,255,290,299,290,290,235,300,220,219,225,259,299,299,300,290,200,290,300,215,225,190,130,300,200,239,299,290,190,290,300,210,190,249,290,,190,275,340,225,290,,190,290,220,290,290,299
Y,365,,370,370,,365,380,325,355,365,359,379,379,370,,370,370,370,325,,350,,370,380,299,379,,370,,370,355,360,299,,,360,379,410,365,,,370,,325,,,370
Y,275,315,350,350,315,275,350,250,250,275,289,350,350,350,300,230,350,350,250,280,230,175,350,230,289,350,315,230,315,350,250,230,289,300,,230,350,385,265,315,,230,300,250,315,315,350
Y,400,480,450,450,480,400,450,395,395,400,429,450,450,450,490,430,450,450,395,400,430,370,450,430,399,450,480,430,480,450,395,430,399,480,,430,450,525,400,480,,430,470,395,480,480,450
Y,570,680,700,749,680,570,750,585,585,570,599,749,700,750,680,580,725,750,585,590,580,560,749,580,579,749,680,580,680,750,585,580,579,680,,580,749,775,570,680,,580,710,585,680,680,725
Y,585,,,,,585,,595,595,570,589,,,,,,,,585,,550,,,,569,,,,,,595,,589,,,550,,,615,,,,,590,,,
Y,630,730,759,750,730,630,765,680,680,615,629,750,749,775,740,600,769,750,660,590,600,540,750,630,619,769,730,600,730,769,680,600,619,720,,600,750,775,645,730,,600,725,675,730,730,750
Y,100,120,119,119,120,100,115,100,100,100,100,119,119,115,120,100,119,119,100,115,100,100,119,100,100,119,120,100,120,119,100,100,100,120,,100,119,119,100,120,,100,120,100,120,120,119
Y,245,255,275,200,255,235,205,250,250,230,189,219,275,200,220,230,219,219,250,190,240,220,200,260,189,200,255,225,255,219,250,240,189,260,,240,200,300,230,255,,225,220,250,255,255,239
Y,435,445,575,575,445,435,580,470,459,445,499,575,579,585,390,440,579,579,450,395,430,300,575,430,449,579,445,430,445,579,475,430,449,395,,430,575,600,440,445,,420,395,460,445,445,575
Y,535,550,699,699,550,515,700,585,630,520,579,699,719,700,550,540,679,700,615,495,560,400,675,530,539,679,550,560,550,700,580,550,549,545,,590,699,700,530,550,,530,555,605,550,550,699
Y,210,235,275,250,235,170,255,245,225,165,199,269,275,250,200,240,269,259,225,160,240,180,250,260,189,250,235,230,235,269,225,240,189,260,,240,250,250,165,235,,225,205,225,235,235,279
Y,175,130,250,259,130,175,250,200,200,175,169,259,250,250,130,225,250,250,200,165,225,150,250,225,169,250,130,225,130,250,200,225,149,130,,225,250,250,175,130,,225,130,200,130,130,250
Y,185,220,250,250,220,185,250,185,185,180,249,250,250,250,220,180,250,250,185,180,180,190,250,180,209,250,220,180,220,250,185,180,209,220,,180,250,250,180,220,,180,220,185,220,220,250
Y,475,550,500,519,550,455,515,470,475,455,449,519,500,515,540,440,515,515,460,440,440,375,515,440,449,515,550,440,550,515,475,440,449,540,,440,515,600,445,550,,440,555,470,550,550,515
Y,135,100,139,139,100,135,139,100,100,135,149,139,139,139,100,100,139,139,100,139,100,100,139,100,139,139,100,100,100,139,100,100,139,100,,100,139,139,135,100,,100,100,100,100,100,139
Y,350,415,475,475,415,340,475,385,385,340,369,475,475,475,400,380,475,475,385,375,380,370,475,380,379,475,415,380,415,475,385,380,379,400,,380,475,575,340,415,,380,400,385,415,415,475
Y,870,870,1059,1050,600,875,1080,885,895,875,600,1050,1059,1050,600,1000,1050,1050,885,600,1000,600,1050,1000,600,1050,600,1000,600,1059,895,1000,600,600,,1030,1050,1225,870,600,,1000,600,875,600,600,1050
Y,285,330,300,325,330,285,325,265,265,285,299,325,300,325,330,290,325,325,265,280,290,150,325,290,279,325,330,290,330,325,265,290,279,330,,290,325,425,275,330,,290,330,265,330,330,325
Y,165,190,269,250,190,195,250,200,200,200,159,250,269,250,180,230,250,250,200,155,200,150,269,240,149,250,190,240,190,269,200,200,149,190,,200,250,250,165,190,,200,170,200,190,190,250
Y,225,215,100,100,215,225,100,100,100,225,149,100,100,100,215,100,100,100,100,215,100,145,100,100,149,100,215,100,215,100,100,100,149,215,,100,100,140,225,215,,100,215,100,215,215,100
Y,285,330,375,340,330,285,325,300,300,285,299,340,375,325,330,325,340,325,300,295,325,230,340,325,299,340,330,325,330,325,300,325,299,330,,325,340,450,285,330,,325,330,300,330,330,340
Y,160,139,,,139,160,,100,100,160,100,,,,139,100,,,100,139,100,100,,100,100,,139,100,139,,100,100,100,139,,100,,,160,139,,100,139,100,139,139,
Y,135,139,139,139,139,135,139,135,139,135,149,139,139,139,139,135,139,139,135,139,135,100,139,135,139,139,139,135,139,139,135,135,139,139,,135,139,139,135,139,,135,139,135,139,139,139
Y,100,120,119,119,120,100,115,100,100,100,100,119,119,115,120,100,119,119,100,115,100,100,119,100,100,119,120,100,120,119,100,100,100,120,,100,119,119,100,120,,100,120,100,120,120,119
Y,465,540,300,300,540,465,300,300,300,465,459,300,300,300,550,300,300,300,300,430,300,375,300,300,449,300,540,300,540,300,300,300,449,540,,300,300,300,445,540,,300,540,300,540,540,300
Y,485,570,539,539,570,475,540,460,465,475,499,529,539,540,560,460,539,540,460,460,460,375,539,460,459,539,570,460,570,540,465,460,459,560,,460,529,600,455,570,,450,560,460,570,570,529
Y,475,560,519,515,560,465,515,440,445,455,479,515,500,515,560,440,519,519,435,450,440,375,515,440,449,515,560,440,560,515,440,440,459,560,,440,515,600,445,560,,440,560,440,560,560,515
Y,985,1160,1169,1149,1160,985,1150,960,959,985,1009,1149,1169,1150,1150,990,1149,1149,960,975,990,850,1149,990,999,1149,1160,990,1160,1149,960,990,979,1150,,990,1149,1179,990,1160,,990,1155,960,1160,1160,1149
Y,925,1095,1069,1049,1095,925,1050,900,899,925,969,1049,1069,1050,1085,900,1049,1049,900,920,900,800,1049,900,959,1049,1095,900,1095,1049,900,900,929,1085,,900,1049,1079,925,1095,,900,1095,900,1095,1095,1049
Y,675,815,750,750,815,675,750,625,625,675,649,750,750,750,800,630,750,750,625,660,630,575,750,630,659,750,815,630,815,750,625,630,659,800,,630,750,759,675,815,,630,800,625,815,815,750
Y,50,35,30,30,35,50,30,,,50,39,30,30,30,35,40,30,30,,50,40,35,30,40,39,30,35,40,35,30,,40,39,35,,40,30,30,50,35,,40,35,,35,35,30
Y,560,640,819,819,640,560,825,600,595,550,599,800,800,825,650,575,800,825,590,545,575,500,819,590,589,800,640,580,640,825,595,580,589,640,,590,800,850,560,640,,575,660,590,640,640,800
Y,950,1020,1129,1109,1020,950,1110,920,919,950,969,1109,1129,1110,1020,960,1109,1109,920,915,960,770,1109,960,949,1109,1020,960,1020,1109,920,960,949,1020,,960,1109,1150,955,1020,,960,1020,920,1020,1020,1109
Y,890,970,1029,1029,970,890,1010,860,859,890,909,1009,1029,1010,970,880,1009,1009,860,860,870,725,1009,870,899,1029,970,870,970,1009,860,870,869,970,,870,1029,1050,890,970,,870,975,860,970,970,1029
Y,635,690,729,729,690,655,730,580,579,635,569,700,729,700,690,600,700,700,580,590,600,530,719,600,579,729,690,600,690,719,580,600,579,690,,600,729,725,655,690,,600,680,580,690,690,729
Y,50,65,99,75,65,50,75,50,50,50,59,79,99,80,60,50,79,99,50,80,50,100,75,60,69,89,65,50,65,99,50,60,50,70,,50,79,75,60,65,,60,70,50,65,65,79
Y,440,420,400,400,420,440,400,375,375,440,489,400,400,400,420,,400,400,375,,,,400,,329,400,420,,420,400,375,,329,420,,,400,439,440,420,,,420,375,420,420,400
Y,545,620,550,549,620,545,545,500,500,545,599,549,550,545,620,535,549,549,500,,535,,549,535,489,549,620,535,620,549,500,535,499,620,,535,549,639,535,620,,535,620,500,620,620,549
Y,3290,2815,,,2815,3290,2600,2700,2700,3290,,,,2600,2800,2200,,2600,2700,2800,2200,2200,,2200,,,2815,2200,2815,2600,2700,2200,,2800,,2200,,2600,3290,2815,,2200,2800,2700,2815,2815,
Y,350,390,350,350,390,350,350,325,325,350,249,350,350,350,390,200,350,350,325,329,200,200,350,200,200,350,390,200,390,350,325,200,259,390,,200,350,350,350,390,,200,390,,390,390,350
Y,450,470,450,450,470,450,450,375,375,450,300,450,450,450,470,340,450,450,375,419,340,340,450,340,310,450,470,340,470,450,375,340,359,470,,340,450,450,450,470,,340,470,,470,470,450
Y,515,520,550,550,520,515,550,425,425,515,359,550,550,550,520,400,550,550,425,479,400,390,550,400,360,550,520,400,520,550,425,400,419,520,,400,550,550,515,520,,400,520,,520,520,550
Y,100,115,100,100,115,100,100,100,100,100,135,100,100,100,100,100,100,100,100,100,100,100,90,100,100,100,115,100,115,100,100,100,100,100,,100,90,100,100,115,,100,100,100,115,115,100
Y,135,139,139,139,139,135,139,135,139,135,149,139,139,139,139,135,139,139,135,139,135,100,139,135,139,139,139,135,139,139,135,135,139,139,,135,139,139,135,139,,135,139,135,139,139,139
Y,650,745,769,749,745,645,765,620,619,640,719,759,769,765,765,620,759,769,620,640,620,560,749,620,639,759,745,620,745,769,635,620,639,765,,620,759,799,620,745,,620,765,630,745,745,739
Y,690,790,819,819,790,690,835,680,679,685,779,819,819,835,795,675,839,839,680,680,675,625,819,675,699,839,790,675,790,839,690,675,709,795,,675,819,900,685,790,,675,790,690,790,790,819
Y,620,755,729,729,755,620,745,630,629,620,669,729,729,745,735,610,749,749,630,620,610,560,729,610,629,749,755,610,755,749,640,610,629,735,,610,729,799,615,755,,610,745,640,755,755,729
Y,125,140,179,175,140,125,175,125,129,125,100,175,179,175,140,130,179,179,125,135,130,100,175,130,100,179,140,130,140,179,130,130,100,140,,130,175,175,125,140,,130,140,130,140,140,175
Y,225,215,100,100,215,225,100,100,100,225,149,100,100,100,215,100,100,100,100,215,100,145,100,100,149,100,215,100,215,100,100,100,149,215,,100,100,140,225,215,,100,215,100,215,215,100
Y,280,280,300,325,280,280,300,285,285,280,279,325,300,300,280,325,325,300,285,250,325,230,325,325,279,325,280,325,280,300,285,325,279,280,,325,325,350,280,280,,325,280,285,280,280,325
Y,250,360,375,300,360,275,300,185,170,225,289,319,375,300,365,150,300,319,185,220,150,150,300,150,249,300,360,150,360,300,185,150,269,365,,150,300,400,255,360,,150,370,180,360,360,300
Y,250,360,375,300,360,275,300,185,170,225,289,319,375,300,365,150,300,319,185,220,150,150,300,150,249,300,360,150,360,300,185,150,269,365,,150,300,400,255,360,,150,370,180,360,360,300
Y,350,390,350,350,390,350,350,325,325,350,229,350,350,350,390,200,350,350,325,329,200,200,350,200,,350,390,200,390,350,325,200,259,390,,200,350,350,350,390,,200,390,,390,390,350
Y,195,215,259,210,215,215,210,100,100,180,125,210,250,210,200,100,210,210,100,180,100,150,210,100,119,210,215,100,215,229,105,100,169,230,,100,210,325,190,215,,100,215,100,215,215,210
Y,960,1115,1169,1149,1115,960,1150,960,959,970,1009,1149,1169,1150,1100,990,1149,1149,960,970,990,830,1149,990,979,1149,1115,990,1115,1149,960,990,969,1125,,990,1149,1169,980,1115,,990,1130,960,1115,1115,1149
Y,905,1050,1069,1049,1050,900,1050,900,899,910,969,1049,1069,1050,1050,900,1049,1049,900,915,900,780,1049,900,939,1049,1050,900,1050,1049,900,900,929,1050,,900,1049,1069,910,1050,,900,1070,900,1050,1050,1049
Y,660,770,750,750,770,670,750,625,625,670,649,750,750,750,790,630,750,750,625,655,630,550,750,630,619,750,770,630,770,750,625,630,629,770,,630,750,750,660,770,,630,775,625,770,770,750
Y,450,470,450,450,470,450,450,375,375,450,329,450,450,450,470,340,450,450,375,419,340,340,450,340,,450,470,340,470,450,375,340,359,470,,340,450,450,450,470,,340,470,,470,470,450
Y,920,1015,1129,1109,1015,920,1110,900,899,920,939,1110,1129,1109,1000,960,1109,1109,900,905,960,750,1109,960,919,1109,1015,960,1015,1109,900,960,899,1000,,960,1109,1150,925,1015,,960,1000,900,1015,1015,1109
Y,860,960,1029,1009,960,860,1010,840,839,860,889,1009,1029,1010,950,880,1009,1009,840,850,870,700,1009,870,889,1009,960,870,960,1009,840,870,869,950,,870,1009,1050,860,960,,870,960,840,960,960,1009
Y,600,680,700,700,680,600,700,560,565,600,559,700,700,700,680,600,700,700,560,580,600,475,700,600,559,700,680,600,680,700,565,600,559,680,,600,700,725,600,680,,600,670,560,680,680,700
Y,515,520,550,550,520,515,550,425,425,515,335,550,550,550,520,400,550,550,425,479,400,390,550,400,,550,520,400,520,550,425,400,419,520,,400,550,550,515,520,,400,520,,520,520,550
Y,350,390,350,350,390,350,350,325,325,350,279,350,350,350,390,200,350,350,325,329,200,200,350,200,,350,390,200,390,350,325,200,259,390,,200,350,350,350,390,,200,390,,390,390,350
Y,450,470,450,450,470,450,450,375,375,450,300,450,450,450,470,340,450,450,375,419,340,340,450,340,,450,470,340,470,450,375,340,359,470,,340,450,450,450,470,,340,470,,470,470,450
Y,515,520,550,550,520,515,550,425,425,515,399,550,550,550,520,400,550,550,425,479,400,390,550,400,,550,520,400,520,550,425,400,419,520,,400,550,550,515,520,,400,520,,520,520,550
Y,125,140,179,175,140,125,175,125,129,125,100,175,179,175,140,130,179,179,125,135,130,100,175,130,100,179,140,130,140,179,130,130,100,140,,130,175,175,125,140,,130,140,130,140,140,175
Y,160,139,,,139,160,,100,100,160,,,,,139,100,,,100,139,100,100,,100,100,,139,100,139,,100,100,100,139,,100,,,160,139,,100,139,100,139,139,
Y,135,100,139,139,100,135,139,100,100,135,149,139,139,139,100,100,139,139,100,139,100,100,139,100,139,139,100,100,100,139,100,100,100,100,,100,139,139,135,100,,100,100,100,100,100,139
Y,135,139,139,139,139,135,139,135,139,135,159,139,139,139,139,135,139,139,135,139,135,100,139,135,139,139,139,135,139,139,135,135,100,139,,135,139,139,135,139,,135,139,135,139,139,139
Y,135,139,139,139,139,135,139,135,139,135,169,139,139,139,139,135,139,139,135,139,135,100,139,135,139,139,139,135,139,139,135,135,100,139,,135,139,139,135,139,,135,139,135,139,139,139
Y,160,139,,,139,160,,100,100,160,,,,,139,100,,,100,139,100,100,,100,100,,139,100,139,,100,100,100,139,,100,,,160,139,,100,139,100,139,139,
Y,135,100,139,139,100,135,139,100,100,135,,139,139,139,100,100,139,139,100,139,100,100,139,100,139,139,100,100,100,139,100,100,100,100,,100,139,139,135,100,,100,100,100,100,100,139
Y,135,139,139,139,139,135,139,135,139,135,,139,139,139,139,135,139,139,135,139,135,100,139,135,139,139,139,135,139,139,135,135,100,139,,135,139,139,135,139,,135,139,135,139,139,139
Y,135,139,139,139,139,135,139,135,139,135,,139,139,139,139,135,139,139,135,139,135,100,139,135,139,139,139,135,139,139,135,135,100,139,,135,139,139,135,139,,135,139,135,139,139,139
Y,155,160,219,200,160,155,215,155,150,150,100,200,219,215,165,160,219,219,155,155,160,100,200,160,100,219,160,160,160,219,155,160,100,170,,160,200,200,160,160,,160,160,155,160,160,200
Y,155,160,219,200,160,155,215,155,150,150,100,200,219,215,165,160,219,219,155,155,160,100,200,160,100,219,160,160,160,219,155,160,100,170,,160,200,200,160,160,,160,160,155,160,160,200
Y,200,130,100,,130,200,100,100,100,200,195,,100,100,130,150,,100,100,150,150,100,,150,100,,130,150,130,100,100,150,100,130,,150,,100,200,130,,150,130,100,130,130,
Y,260,250,259,300,250,250,300,300,300,250,279,300,250,300,250,280,300,300,300,250,280,230,300,280,279,300,250,280,250,300,300,280,279,250,,280,300,360,250,250,,280,250,300,250,250,300
Y,160,139,,,139,160,,100,100,160,139,,,,139,100,,,100,139,100,100,,100,100,,139,100,139,,100,100,100,139,,100,,,160,139,,100,139,100,139,139,
Y,135,100,139,139,100,135,139,100,100,135,149,139,139,139,100,100,139,139,100,139,100,100,139,100,139,139,100,100,100,139,100,100,100,100,,100,139,139,135,100,,100,100,100,100,100,139
Y,135,139,139,139,139,135,139,135,139,135,159,139,139,139,139,135,139,139,135,139,135,100,139,135,139,139,139,135,139,139,135,135,100,139,,135,139,139,135,139,,135,139,135,139,139,139
Y,135,139,139,139,139,135,139,135,139,135,169,139,139,139,139,135,139,139,135,139,135,100,139,135,139,139,139,135,139,139,135,135,100,139,,135,139,139,135,139,,135,139,135,139,139,139
Y,25,,,,,25,59,,,25,35,,,59,,60,,59,,45,60,,,60,35,,,60,,59,,60,35,,,60,,,25,,,60,,,,,59
Y,35,,,,,35,,,,,,,,,,,,,,,,,,,,,,,,,,,35,,,,,,35,,,,,,,,
Y,50,40,59,59,40,50,50,40,40,50,39,59,59,50,40,59,59,59,40,75,59,50,59,59,39,59,40,59,40,59,40,59,39,40,,59,59,59,50,40,,59,40,40,40,40,59
Y,540,570,699,649,570,540,625,550,549,535,609,649,699,625,570,565,669,629,550,,565,,649,565,569,669,570,565,570,629,560,565,569,570,,565,649,689,535,570,,565,570,560,570,570,649
Y,180,120,100,100,120,180,100,100,100,180,139,100,100,100,120,125,100,100,100,125,125,100,100,125,100,100,120,125,120,100,100,125,100,120,,125,100,100,180,120,,125,120,100,120,120,100
Y,395,460,400,425,460,395,400,380,379,390,399,425,400,400,455,400,425,400,385,390,390,330,425,390,399,425,460,390,460,400,380,390,399,460,,390,425,450,395,460,,400,460,380,460,460,425
Y,485,480,579,549,480,485,555,415,415,475,489,549,579,555,480,380,549,549,415,440,380,455,549,380,449,549,480,380,480,549,415,380,449,460,,380,549,559,485,480,,380,490,415,480,480,549
Y,160,139,,,139,160,,100,100,160,139,,,,139,100,,,100,139,100,100,,100,100,,139,100,139,,100,100,100,139,,100,,,160,139,,100,139,100,139,139,
Y,135,100,139,139,100,135,139,100,100,135,149,139,139,139,100,100,139,139,100,139,100,100,139,100,139,139,100,100,100,139,100,100,100,100,,100,139,139,135,100,,100,100,100,100,100,139
Y,135,139,139,139,139,135,139,135,139,135,159,139,139,139,139,135,139,139,135,139,135,100,139,135,139,139,139,135,139,139,135,135,100,139,,135,139,139,135,139,,135,139,135,139,139,139
Y,135,139,139,139,139,135,139,135,139,135,169,139,139,139,139,135,139,139,135,139,135,100,139,135,139,139,139,135,139,139,135,135,100,139,,135,139,139,135,139,,135,139,135,139,139,139
Y,160,139,,,139,160,,100,100,160,139,,,,139,100,,,100,139,100,100,,100,100,,139,100,139,,100,100,100,139,,100,,,160,139,,100,139,100,139,139,
Y,135,100,139,139,100,135,139,100,100,135,149,139,139,139,100,100,139,139,100,139,100,100,139,100,139,139,100,100,100,139,100,100,100,100,,100,139,139,135,100,,100,100,100,100,100,139
Y,135,139,139,139,139,135,139,135,139,135,159,139,139,139,139,135,139,139,135,139,135,100,139,135,139,139,139,135,139,139,135,135,100,139,,135,139,139,135,139,,135,139,135,139,139,139
Y,135,139,139,139,139,135,139,135,139,135,169,139,139,139,139,135,139,139,135,139,135,100,139,135,139,139,139,135,139,139,135,135,100,139,,135,139,139,135,139,,135,139,135,139,139,139
Y,30,,50,50,,30,50,,,30,,50,50,50,,30,50,50,,,30,25,50,30,45,50,,30,,50,,30,45,,,30,50,50,30,,,30,,,,,50
Y,30,,50,50,,30,50,,,30,,50,50,50,,30,50,50,,,30,25,50,30,50,50,,30,,50,,30,50,,,30,50,50,30,,,30,,,,,50
Y,1150,,,,,1150,,1190,1189,1150,1179,,,,,1270,,,1190,,1270,1000,,1270,1189,,,1270,,,1190,1270,1169,,,1270,,,1160,,,1270,,1190,,,
Y,1085,,,,,1085,,1120,1119,1085,1129,,,,,1160,,,1120,,1160,930,,1160,1099,,,1160,,,1120,1160,1099,,,1160,,,1085,,,1160,,1120,,,
Y,730,,,,,730,,750,750,730,739,,,,,800,,,750,,800,680,,800,739,,,800,,,750,800,739,,,800,,,730,,,800,,750,,,
Y,180,215,200,175,215,175,175,125,125,175,149,175,200,175,200,100,175,175,125,160,100,150,175,100,149,175,215,100,215,175,125,100,149,220,,100,175,200,175,215,,100,210,125,215,215,175
Y,160,139,,,139,160,,100,100,160,,,,,139,100,,,100,139,100,100,,100,,,139,100,139,,100,100,100,139,,100,,,160,139,,100,139,100,139,139,
Y,135,100,139,139,100,135,139,100,100,135,149,139,139,139,100,100,139,139,100,139,100,100,139,100,139,139,100,100,100,139,100,100,100,100,,100,139,139,135,100,,100,100,100,100,100,139
Y,135,139,139,139,139,135,139,135,139,135,159,139,139,139,139,135,139,139,135,139,135,100,139,135,139,139,139,135,139,139,135,135,100,139,,135,139,139,135,139,,135,139,135,139,139,139
Y,135,139,139,139,139,135,139,135,139,135,169,139,139,139,139,135,139,139,135,139,135,100,139,135,139,139,139,135,139,139,135,135,100,139,,135,139,139,135,139,,135,139,135,139,139,139
Y,530,,599,599,,550,625,500,545,565,589,599,599,605,,580,599,599,520,525,580,500,589,590,549,589,,560,,599,575,590,559,,,590,599,600,550,,,590,,520,,,599
Y,85,68,68,70,68,85,57,68,68,85,68,70,68,57,68,68,70,56,68,68,68,58,70,68,68,70,68,68,68,57,68,68,68,68,,68,70,57,85,68,,68,68,68,68,68,70
Y,30,,,,,30,,25,25,30,19,,,,,,,,25,,,25,,,19,,,,,,25,,19,,,,,30,30,,,,,25,,,
Y,30,,,,,30,,25,25,30,19,,,,,,,,25,,,25,,,19,,,,,,25,,19,,,,,30,30,,,,,25,,,
Y,30,,,,,30,,25,25,30,19,,,,,,,,25,,,25,,,19,,,,,,25,,19,,,,,30,30,,,,,25,,,
Y,25,,10,10,,25,10,25,25,25,25,10,10,10,,15,10,10,25,35,15,25,10,15,25,10,,15,,10,25,15,40,,,15,10,10,25,,,15,,25,,,10
Y,75,,50,50,,75,50,,,75,20,50,50,50,,,50,50,,45,,25,50,,30,50,,,,50,,,30,,,,50,50,75,,,,,,,,50
Y,25,,,,,25,,15,15,25,50,,,,,100,,,15,50,50,25,,50,50,,,50,,,15,50,50,,,50,,,25,,,50,,15,,,
Y,430,,,,,430,,,,529,,,,,,,,,,,389,,,,275,,,,,,,,275,,,389,,,430,,,,,,,,
Y,525,590,569,569,590,515,560,480,479,515,489,569,569,580,580,490,589,589,490,515,490,430,569,490,499,569,590,490,590,589,480,490,499,590,,490,569,539,490,590,,490,580,485,590,590,569
Y,75,70,100,100,70,75,100,50,50,75,30,100,100,100,70,60,100,100,50,50,60,50,100,60,30,100,70,60,70,100,50,60,30,70,,60,100,100,75,70,,60,70,50,70,70,100
Y,25,,,,,25,,,,30,100,,,,,,,,,,,,,,25,,,,,,,,25,,,,,,25,,,,,,,,
Y,470,,800,800,,470,825,459,459,500,449,800,800,825,,450,800,825,459,475,429,425,800,450,420,800,,450,,825,459,450,420,,,429,800,850,470,,,450,,459,,,800
Y,535,,900,900,,535,925,539,539,579,689,900,900,925,,719,900,925,539,650,719,515,900,719,689,900,,719,,925,539,719,699,,,719,900,950,535,,,719,,539,,,900
Y,170,185,300,300,185,170,300,,,170,219,300,300,300,185,,300,300,,189,,,300,,199,300,185,,185,300,,,199,185,,,300,300,170,185,,,185,,185,185,300
Y,200,215,329,329,215,200,320,220,219,200,239,329,329,320,215,230,329,329,220,219,230,200,329,220,199,329,215,230,215,329,220,220,199,215,,230,329,329,200,215,,230,215,220,215,215,329
Y,220,280,439,439,280,220,425,245,239,220,259,439,439,435,280,270,439,439,240,239,250,230,439,250,219,439,280,270,280,439,255,250,200,280,,270,439,429,220,280,,270,280,250,280,280,439
Y,200,215,329,329,215,200,320,220,219,200,239,329,329,320,215,230,329,329,220,219,230,200,329,230,199,329,215,230,215,329,220,230,199,215,,230,329,329,200,215,,230,215,220,215,215,329
Y,220,280,439,439,280,220,425,245,239,220,259,439,439,435,280,270,439,439,240,239,250,230,439,250,219,439,280,270,280,439,255,250,200,280,,270,439,429,220,280,,270,280,250,280,280,439
Y,200,215,329,329,215,200,320,220,219,200,239,329,329,320,215,230,329,329,220,219,230,200,329,230,199,329,215,230,215,329,220,230,199,215,,230,329,329,200,215,,230,215,220,215,215,329
Y,220,280,439,439,280,220,425,245,239,220,259,439,439,435,280,270,439,439,240,239,250,230,439,250,219,439,280,270,280,439,255,250,200,280,,270,439,429,220,280,,270,280,250,280,280,439
Y,170,185,300,300,185,170,300,,,170,219,300,300,300,185,,300,300,,189,,,300,,199,300,185,,185,300,,,199,185,,,300,300,170,185,,,185,,185,185,300
Y,50,,75,75,,50,75,75,75,50,65,75,75,75,,75,75,75,75,,75,50,,75,85,75,,75,,75,75,75,85,,,75,,75,50,,,75,,75,,,75
Y,170,185,300,300,185,170,300,,,170,219,300,300,300,185,,300,300,,189,,,300,,199,300,185,,185,300,,,199,185,,,300,300,170,185,,,185,,185,185,300
Y,160,139,,,139,160,,100,100,160,139,,,,139,100,,,100,139,100,100,,100,100,,139,100,139,,100,100,100,139,,100,,,160,139,,100,139,100,139,139,
Y,135,100,139,139,100,135,139,100,100,135,149,139,139,139,100,100,139,139,100,139,100,100,139,100,139,139,100,100,100,139,100,100,100,100,,100,139,139,135,100,,100,100,100,100,100,139
Y,135,139,139,139,139,135,139,135,139,135,159,139,139,139,139,135,139,139,135,139,135,100,139,135,139,139,139,135,139,139,135,135,100,139,,135,139,139,135,139,,135,139,135,139,139,139
Y,135,139,139,139,139,135,139,135,139,135,169,139,139,139,139,135,139,139,135,139,135,100,139,135,139,139,139,135,139,139,135,135,100,139,,135,139,139,135,139,,135,139,135,139,139,139
Y,315,270,300,300,270,315,300,100,100,315,250,300,300,300,270,200,300,300,100,219,200,200,300,200,200,300,270,200,270,300,105,200,200,270,,200,300,300,315,270,,200,270,,270,270,300
Y,335,315,375,375,315,335,375,100,100,335,300,375,375,375,315,300,375,375,100,289,300,275,375,300,250,375,315,300,315,375,120,300,269,315,,300,375,375,335,315,,300,315,,315,315,375
Y,370,350,425,425,350,370,425,100,100,370,399,425,425,425,350,350,425,425,100,329,350,325,425,350,300,425,350,350,350,425,130,350,319,350,,350,425,425,370,350,,350,350,,350,350,425
Y,350,390,350,350,390,350,350,325,325,350,259,350,350,350,390,200,350,350,325,329,200,200,350,200,,350,390,200,390,350,325,200,259,390,,200,350,350,350,390,,200,390,,390,390,350
Y,450,470,450,450,470,450,450,375,359,450,349,450,450,450,470,340,450,450,375,419,340,340,450,340,310,450,470,340,470,450,375,340,359,470,,340,450,450,450,470,,340,470,,470,470,450
Y,515,520,550,550,520,515,550,425,425,515,399,550,550,550,520,400,550,550,425,479,400,390,550,400,,550,520,400,520,550,425,400,419,520,,400,550,550,515,520,,400,520,,520,520,550
Y,350,390,350,350,390,350,350,325,325,350,279,350,350,350,390,200,350,350,325,329,200,200,350,200,,350,390,200,390,350,325,200,259,390,,200,350,350,350,390,,200,390,,390,390,350
Y,450,470,450,450,470,450,450,375,359,450,300,450,450,450,470,340,450,450,375,419,340,340,450,340,,450,470,340,470,450,375,340,359,470,,340,450,450,450,470,,340,470,,470,470,450
Y,1560,1620,1550,1449,1620,1560,1625,1710,1710,1530,1399,1419,1550,1630,1650,1880,1449,1629,1710,,1880,1230,1449,1880,1219,1449,1620,1880,1620,1629,1710,1880,1219,1620,,1880,1449,2000,1500,1620,,1880,1650,1710,1620,1620,1449
Y,515,520,550,550,520,515,550,425,425,515,399,550,550,550,520,400,550,550,425,479,400,390,550,400,,550,520,400,520,550,425,400,419,520,,400,550,550,515,520,,400,520,,520,520,550
Y,350,390,350,350,390,350,350,300,300,350,279,350,350,350,390,200,350,350,300,329,200,200,350,200,,350,390,200,390,350,300,200,200,390,,200,350,350,350,390,,200,390,,390,390,350
Y,450,470,450,450,470,450,450,360,359,450,300,450,450,450,470,325,450,450,360,419,325,340,450,325,,450,470,325,470,450,360,325,339,470,,325,450,450,450,470,,325,470,,470,470,450
Y,515,520,550,550,520,515,550,410,410,515,399,550,550,550,520,375,550,550,410,479,375,390,550,375,,550,520,375,520,550,410,375,399,520,,375,550,550,515,520,,375,520,,520,520,550
Y,40,65,79,79,65,40,79,50,50,,59,79,79,79,60,50,79,79,50,80,50,100,79,50,59,79,65,50,65,79,50,50,50,70,,50,79,79,40,65,,50,70,50,65,65,79
Y,310,380,419,419,380,310,410,340,329,310,249,419,400,420,370,260,400,400,325,,270,250,400,270,249,400,380,270,380,400,340,260,269,400,,260,400,400,300,380,,260,390,335,380,380,419
Y,50,,75,75,,50,75,25,25,50,25,75,75,75,,50,75,75,25,,50,50,75,50,50,75,,50,,75,25,50,50,,,50,75,75,50,,,50,,25,,,75
Y,50,,75,75,,50,75,25,25,50,25,75,75,75,,50,75,75,25,,50,50,75,50,50,75,,50,,75,25,50,50,,,50,75,75,50,,,50,,25,,,75
Y,345,415,369,369,415,345,360,300,299,335,399,359,359,360,445,350,359,359,300,355,350,270,369,350,379,359,415,350,415,369,300,350,399,430,,350,359,350,345,415,,340,445,300,415,415,359
Y,445,515,469,469,515,425,460,385,385,445,459,450,459,460,515,400,459,459,385,395,400,350,469,400,419,459,515,400,515,469,385,400,439,495,,400,459,459,425,515,,400,515,375,515,515,459
Y,495,560,539,539,560,495,535,425,425,495,519,529,529,535,560,440,529,529,425,455,440,420,539,440,499,529,560,440,560,539,425,440,519,560,,440,529,529,495,560,,440,560,415,560,560,529
Y,345,415,369,369,415,345,360,300,299,335,399,359,359,360,445,350,359,359,300,355,350,270,369,350,379,359,415,350,415,369,300,350,399,430,,350,359,350,345,415,,340,445,300,415,415,359
Y,445,515,469,469,515,425,460,385,385,445,459,450,459,460,515,400,459,459,385,395,400,350,469,400,419,459,515,400,515,469,385,400,439,495,,400,459,459,425,515,,400,515,375,515,515,459
Y,350,390,350,350,390,350,350,300,300,350,279,350,350,350,390,200,350,350,300,329,200,200,350,200,,350,390,200,390,350,300,200,200,390,,200,350,350,350,390,,200,390,,390,390,350
Y,495,560,539,539,560,495,535,425,425,495,519,529,529,535,560,440,529,529,425,455,440,420,539,440,499,529,560,440,560,539,425,440,519,560,,440,529,529,495,560,,440,560,415,560,560,529
Y,450,470,450,450,470,450,450,360,359,450,349,450,450,450,470,325,450,450,360,419,325,340,450,325,,450,470,325,470,450,360,325,339,470,,325,450,450,450,470,,325,470,,470,470,450
Y,515,520,550,550,520,515,550,410,410,515,399,550,550,550,520,375,550,550,410,479,375,390,550,375,,550,520,375,520,550,410,375,399,520,,375,550,550,515,520,,375,520,,520,520,550
Y,345,415,369,369,415,345,360,300,299,335,399,359,359,360,445,350,359,359,300,355,350,270,369,350,379,359,415,350,415,369,300,350,399,430,,350,359,350,345,415,,340,445,300,415,415,359
Y,445,515,469,469,515,425,460,385,385,445,459,450,459,460,515,400,459,459,385,395,400,350,469,400,419,459,515,400,515,469,385,400,439,495,,400,459,459,425,515,,400,515,375,515,515,459
Y,570,595,589,589,595,560,575,600,599,560,519,579,579,585,595,540,579,579,600,540,540,450,579,540,499,579,595,540,595,589,600,540,499,595,,540,579,625,550,595,,540,595,600,595,595,579
Y,570,595,599,589,595,570,575,600,599,580,519,579,589,585,590,535,579,579,600,550,535,450,589,535,499,575,595,550,595,589,600,550,499,590,,550,575,625,550,595,,535,595,600,595,595,579
Y,495,560,539,539,560,495,535,425,425,495,519,529,529,535,560,440,529,529,425,455,440,420,539,440,499,529,560,440,560,539,425,440,519,560,,440,529,529,495,560,,440,560,415,560,560,529
Y,165,195,250,250,195,165,250,250,250,155,199,269,250,250,190,195,269,259,250,160,195,180,250,195,180,250,195,150,195,269,250,195,180,195,,200,250,250,160,195,,195,195,250,195,195,269
Y,100,90,60,,90,100,50,30,30,100,35,,60,50,90,50,,50,30,,,,,50,30,,90,50,90,50,30,50,50,90,,50,,50,100,90,,50,90,30,90,90,
Y,375,470,450,450,470,375,450,275,275,375,300,450,450,450,470,260,450,450,275,359,260,250,450,260,260,450,470,260,470,450,275,260,269,470,,260,450,450,375,470,,260,470,,470,470,450
Y,1380,1415,1499,1499,1415,1380,1499,1400,1400,1380,1199,1499,1499,1499,1400,,1499,1499,1400,1225,,,1499,,1199,1499,1415,,1415,1499,1400,,,1400,,,1499,1499,1380,1415,,,1400,1400,1415,1415,1499
Y,535,620,525,525,620,535,525,550,550,535,569,525,525,525,620,535,525,525,550,,535,,525,535,499,525,620,535,620,525,550,535,499,620,,535,525,619,535,620,,535,620,550,620,620,525
Y,775,870,,829,870,775,845,780,779,770,819,829,,845,870,770,849,849,780,,770,,829,770,759,849,870,770,870,849,790,770,759,870,,770,829,829,770,870,,770,880,790,870,870,829
Y,790,820,889,869,820,790,890,830,829,785,799,869,889,890,820,770,889,889,830,790,770,680,869,770,759,889,820,770,820,889,840,770,759,820,,770,869,919,785,820,,770,820,840,820,820,869
Y,800,820,900,869,820,800,890,830,829,795,789,869,900,890,820,775,889,889,830,790,775,680,869,775,749,889,820,775,820,900,840,775,749,820,,775,869,919,785,820,,775,820,840,820,820,869
Y,615,660,639,629,660,595,590,585,575,595,609,629,629,590,670,640,619,589,580,,640,,629,640,549,619,660,640,660,599,575,640,549,660,,640,619,659,595,660,,640,670,575,660,660,619
Y,835,870,939,879,870,835,895,810,809,830,899,879,939,895,870,780,919,909,810,,820,,879,820,799,919,870,820,870,909,820,820,799,870,,820,879,939,830,870,,820,870,820,870,870,879
Y,350,390,350,350,390,350,350,325,325,350,259,350,350,350,390,200,350,350,325,329,200,200,350,200,,350,390,200,390,350,325,200,259,390,,200,350,350,350,390,,200,390,,390,390,350
Y,515,520,550,550,520,515,550,425,425,515,399,550,550,550,520,400,550,550,425,479,390,390,550,390,,550,520,400,520,550,425,390,419,520,,390,550,550,515,520,,390,520,,520,520,550
Y,325,390,350,350,390,325,350,300,300,325,289,350,350,350,390,200,350,350,300,319,200,200,350,200,329,350,390,200,390,350,300,200,329,390,,200,350,350,325,390,,200,390,,390,390,350
Y,475,520,550,550,520,475,550,410,410,475,399,550,550,550,520,400,550,550,410,469,400,390,550,400,479,550,520,400,520,550,410,400,479,520,,400,550,550,475,520,,400,520,,520,520,550
Y,350,390,350,350,390,350,350,300,300,350,279,350,350,350,390,200,350,350,300,329,200,200,350,200,,350,390,200,390,350,300,200,200,390,,200,350,350,350,390,,200,390,,390,390,350
Y,515,520,550,550,520,515,550,410,410,515,399,550,550,550,520,375,550,550,410,479,375,390,550,375,,550,520,375,520,550,410,375,399,520,,375,550,550,515,520,,375,520,,520,520,550
Y,215,215,125,100,215,215,90,100,100,,165,100,125,90,200,30,100,50,100,100,30,,100,30,,100,215,30,215,90,105,30,75,200,,30,100,,215,215,,30,200,,215,215,100
Y,325,390,350,350,390,325,350,250,250,325,269,350,350,350,390,200,350,350,250,319,200,200,350,200,200,350,390,200,390,350,250,200,200,390,,200,350,350,325,390,,200,390,,390,390,350
Y,50,,50,50,,50,50,40,40,50,30,50,50,50,,30,50,50,40,75,30,25,50,30,35,50,,30,,50,40,30,35,,,30,50,50,50,,,30,,40,,,50
Y,50,,50,50,,50,50,40,40,50,30,50,50,50,,30,50,50,40,75,30,25,50,30,35,50,,30,,50,40,30,35,,,30,50,50,50,,,30,,40,,,50
Y,50,,50,50,,50,50,40,40,50,,50,50,50,,30,50,50,40,75,30,25,50,30,35,50,,30,,50,40,30,35,,,30,50,50,50,,,30,,40,,,50
Y,75,,50,50,,75,50,,,75,35,50,50,50,,30,50,50,,,30,25,50,30,45,50,,30,,50,,30,45,,,30,50,50,75,,,30,,,,,50
Y,100,60,100,100,60,100,100,75,75,100,50,100,100,100,60,30,100,100,75,100,30,75,100,30,75,100,60,30,60,100,75,30,75,60,,30,100,100,100,60,,30,60,,60,60,100
Y,309,,499,,,309,,,,420,,,499,,,,,,,399,,,,,,,,,,,,,,,,,,,309,,,,,,,,
Y,450,470,450,450,470,450,450,360,359,450,300,450,450,450,470,325,450,450,360,419,325,340,450,325,,450,470,325,470,450,360,325,339,470,,325,450,450,450,470,,325,470,,470,470,450
Y,450,470,450,450,470,450,450,375,359,450,300,450,450,450,470,340,450,450,375,419,330,340,450,330,,450,470,340,470,450,375,330,359,470,,330,450,450,450,470,,330,470,,470,470,450
Y,320,420,325,325,420,330,325,350,350,300,299,325,325,325,420,270,325,325,350,360,250,260,325,280,250,329,420,280,420,325,350,270,250,420,,270,325,325,320,420,,250,390,350,420,420,325
Y,425,495,500,500,495,425,500,400,419,425,399,500,500,500,495,370,500,500,400,445,370,350,500,370,399,500,495,370,495,500,425,370,399,495,,370,500,500,425,495,,370,515,420,495,495,500
Y,425,470,450,450,470,425,450,360,359,425,300,450,450,450,470,340,450,450,360,399,340,340,450,340,419,450,470,340,470,450,360,340,419,470,,340,450,450,425,470,,340,470,,470,470,450
Y,325,390,325,325,390,325,325,200,200,325,289,325,325,325,390,200,325,325,200,279,200,200,325,200,200,325,390,200,390,325,200,200,200,390,,200,325,325,325,390,,200,390,,390,390,325
Y,425,470,500,500,470,425,500,360,359,425,300,500,500,500,470,325,500,500,360,369,325,340,500,325,310,500,470,325,470,500,360,325,319,470,,325,500,500,425,470,,325,470,,470,470,500
Y,475,540,550,550,540,475,550,410,410,475,429,550,550,550,520,375,550,550,410,429,375,390,550,375,369,550,540,375,540,550,410,375,379,540,,375,550,550,475,540,,375,520,,540,540,550
Y,475,540,550,550,540,475,550,410,410,475,419,550,550,550,520,375,550,550,410,429,375,390,550,375,360,550,540,375,540,550,410,375,369,520,,375,550,550,475,540,,375,540,,540,540,550
Y,320,420,325,325,420,330,325,350,350,300,299,325,325,325,420,270,325,325,350,360,250,260,325,280,250,329,420,280,420,325,350,270,250,420,,270,325,325,320,420,,250,390,350,420,420,325
Y,425,495,500,500,495,425,500,400,419,425,399,500,500,500,495,370,500,500,400,445,370,350,500,370,399,500,495,370,495,500,425,370,399,495,,370,500,500,425,495,,370,515,420,495,495,500
Y,505,560,569,569,560,515,560,465,475,515,499,550,550,550,580,470,550,550,475,495,450,400,569,460,425,559,560,470,560,569,475,460,425,580,,470,550,550,495,560,,450,550,470,560,560,559
Y,100,150,125,125,150,100,125,75,75,100,119,125,125,125,150,50,125,125,75,100,50,100,125,50,119,125,150,50,150,125,75,50,119,160,,50,125,125,100,150,,50,160,75,150,150,125
Y,425,470,500,500,470,425,500,360,359,425,300,500,500,500,470,325,500,500,360,369,325,340,500,325,310,500,470,325,470,500,360,325,319,470,,325,500,500,425,470,,325,470,,470,470,500
Y,325,390,325,325,390,325,325,200,200,325,289,325,325,325,390,200,325,325,200,279,200,200,325,200,200,325,390,200,390,325,200,200,200,390,,200,325,325,325,390,,200,390,,390,390,325
Y,425,490,500,500,490,425,500,440,439,425,439,500,500,500,490,360,500,500,440,415,360,350,500,360,419,500,490,360,490,500,440,360,399,490,,360,500,500,425,490,,360,490,440,490,490,500
Y,475,560,569,550,560,495,550,490,495,495,499,550,559,550,560,400,550,559,495,480,400,420,559,400,479,559,560,400,560,569,495,400,479,560,,400,550,550,495,560,,400,540,490,560,560,559
Y,505,560,569,569,560,515,560,465,475,515,499,550,550,550,580,470,550,550,475,495,450,400,569,460,425,559,560,470,560,569,475,460,425,580,,470,550,550,495,560,,450,550,470,560,560,559
Y,160,139,,,139,160,,100,100,160,139,,,,139,100,,,100,139,100,100,,100,100,,139,100,139,,100,100,100,139,,100,,,160,139,,100,139,100,139,139,
Y,135,100,139,139,100,135,139,100,100,135,149,139,139,139,100,100,139,139,100,139,100,100,139,100,139,139,100,100,100,139,100,100,100,100,,100,139,139,135,100,,100,100,100,100,100,139
Y,135,139,139,139,139,135,139,135,139,135,159,139,139,139,139,135,139,139,135,139,135,100,139,135,139,139,139,135,139,139,135,135,100,139,,135,139,139,135,139,,135,139,135,139,139,139
Y,135,139,139,139,139,135,139,135,139,135,169,139,139,139,139,135,139,139,135,139,135,100,139,135,139,139,139,135,139,139,135,135,100,139,,135,139,139,135,139,,135,139,135,139,139,139
Y,160,139,,,139,160,,100,100,160,100,,,,139,100,,,100,139,100,100,,100,100,,139,100,139,,100,100,100,139,,100,,,160,139,,100,139,100,139,139,
Y,135,100,139,139,100,135,139,100,100,135,149,139,139,139,100,100,139,139,100,139,100,100,139,100,139,139,100,100,100,139,100,100,139,100,,100,139,139,135,100,,100,100,100,100,100,139
Y,685,670,725,709,670,685,725,620,619,680,699,709,725,725,670,,700,700,620,,,,709,,589,700,670,,670,700,630,,589,670,,,709,700,680,670,,,670,630,670,670,709
Y,865,915,1109,1089,915,870,1085,910,909,870,969,1089,1109,1085,915,960,1089,1089,940,860,960,770,1089,960,909,1089,915,960,915,1089,910,960,889,915,,990,1089,1159,865,915,,960,915,930,915,915,1089
Y,225,215,100,100,215,225,100,100,100,225,149,100,100,100,215,100,100,100,100,215,100,145,100,100,149,100,215,100,215,100,100,100,149,215,,100,100,140,225,215,,100,215,100,215,215,100
Y,350,390,350,350,390,350,350,325,325,350,279,350,350,350,390,200,350,350,325,329,200,200,350,200,,350,390,200,390,350,325,200,259,390,,200,350,350,350,390,,200,390,,390,390,350
Y,450,470,450,450,470,450,450,375,359,450,300,450,450,450,470,340,450,450,375,419,340,340,450,326,,450,470,340,470,450,375,326,359,470,,340,450,450,450,470,,340,470,,470,470,450
Y,515,520,550,550,520,515,550,425,425,515,399,550,550,550,520,400,550,550,425,479,376,390,550,376,,550,520,400,520,550,425,376,419,520,,400,550,550,515,520,,400,520,,520,520,550
Y,350,390,350,350,390,350,350,300,300,350,279,350,350,350,390,200,350,350,300,329,200,200,350,200,,350,390,200,390,350,300,200,200,390,,200,350,350,350,390,,200,390,,390,390,350
Y,450,470,450,450,470,450,450,360,359,450,300,450,450,450,470,325,450,450,360,419,325,340,450,325,,450,470,325,470,450,360,325,339,470,,325,450,450,450,470,,325,470,,470,470,450
Y,515,520,550,550,520,515,550,410,410,515,399,550,550,550,520,375,550,550,410,479,375,390,550,375,,550,520,375,520,550,410,375,399,520,,375,550,550,515,520,,375,520,,520,520,550
Y,200,215,329,329,215,200,320,220,219,200,239,329,329,320,215,230,329,329,220,219,230,200,329,220,199,329,215,230,215,329,220,220,199,215,,230,329,329,200,215,,230,215,220,215,215,329
Y,220,280,439,439,280,220,425,245,239,220,259,439,439,435,280,270,439,439,240,239,250,230,439,250,219,439,280,270,280,439,255,250,200,280,,270,439,429,220,280,,270,280,250,280,280,439
Y,50,,30,30,,50,50,40,40,50,30,30,30,50,,30,30,50,40,75,30,25,30,30,35,30,,30,,50,40,30,35,,,30,30,50,50,,,30,,40,,,30
Y,275,,,,,275,,,,,,,,,,400,,,,,400,,,400,,,,400,,,,400,,,,400,,,275,,,400,,,,,
Y,2180,2220,2289,1750,2220,2170,2200,2300,2300,2170,,1750,2289,2200,2200,2360,1750,2259,2300,,2300,1750,1750,2300,,1799,2220,2300,2220,2200,2300,2300,,2200,,2300,1750,2200,2170,2220,,2300,2260,2300,2220,2220,1799
Y,300,270,350,350,270,300,350,300,299,300,279,350,350,350,270,300,350,350,300,260,300,229,350,300,269,350,270,300,270,350,300,300,269,270,,300,350,350,300,270,,300,270,300,270,270,350
Y,780,930,949,949,930,785,950,825,825,780,869,949,949,950,940,800,949,950,795,735,800,660,949,800,769,949,930,800,930,950,825,800,779,930,,800,949,925,780,930,,800,920,795,930,930,949
Y,135,139,139,139,139,135,139,135,139,135,149,139,139,139,139,135,139,139,135,139,135,100,139,135,139,139,139,135,139,139,135,135,139,139,,135,139,139,135,139,,135,139,135,139,139,139
Y,135,139,139,139,139,135,139,135,139,135,149,139,139,139,139,135,139,139,135,139,135,100,139,135,139,139,139,135,139,139,135,135,139,139,,135,139,139,135,139,,135,139,135,139,139,139
Y,425,490,500,500,490,425,500,440,439,425,439,500,500,500,490,360,500,500,440,415,360,350,500,360,419,500,490,360,490,500,440,360,399,490,,360,500,500,425,490,,360,490,440,490,490,500
Y,475,560,569,550,560,495,550,490,495,495,499,550,559,550,560,400,550,559,495,480,400,420,559,400,479,559,560,400,560,569,495,400,479,560,,400,550,550,495,560,,400,540,490,560,560,559
Y,320,415,339,325,415,320,330,370,369,320,349,325,325,325,415,235,325,325,370,360,235,250,325,240,329,329,415,235,415,325,375,235,329,415,,235,325,325,320,415,,235,415,370,415,415,329
Y,320,415,339,325,415,320,330,370,369,320,349,325,325,325,415,235,325,325,370,360,235,250,325,240,329,329,415,235,415,325,375,235,329,415,,235,325,325,320,415,,235,415,370,415,415,329
Y,255,335,200,200,335,265,205,220,229,275,299,200,200,210,295,250,200,200,235,260,240,200,200,250,239,200,335,250,335,200,235,250,239,300,,260,200,200,275,335,,230,290,230,335,335,200
Y,305,360,259,250,360,295,255,275,295,295,339,259,259,260,360,290,250,250,270,295,290,260,250,300,269,259,360,290,360,259,285,290,269,350,,290,250,250,300,360,,290,350,280,360,360,259
Y,695,760,919,919,760,695,925,790,790,695,639,900,900,925,760,720,900,925,800,685,720,600,900,730,589,900,760,730,760,925,790,720,619,770,,730,900,950,705,760,,720,755,790,760,760,900
Y,620,745,729,729,745,620,630,550,550,615,679,609,629,630,735,610,629,629,550,615,610,500,609,610,639,629,745,610,745,629,555,610,639,735,,610,609,609,615,745,,610,745,555,745,745,609
Y,345,435,369,369,435,345,360,315,315,340,419,359,359,360,465,370,359,359,315,375,370,295,369,370,399,359,435,370,435,369,315,370,419,450,,370,359,359,340,435,,370,465,315,435,435,359
Y,450,535,469,469,535,450,460,385,385,450,479,459,459,460,535,420,459,459,385,415,420,375,469,420,469,459,535,420,535,469,385,420,469,520,,420,459,459,450,535,,420,535,385,535,535,459
Y,515,580,539,539,580,515,535,425,425,515,519,529,529,535,580,460,529,529,425,475,460,445,539,460,549,529,580,460,580,539,425,460,549,580,,460,529,529,515,580,,460,580,425,580,580,529
Y,465,470,565,539,470,475,535,395,395,455,469,539,565,545,470,370,539,539,395,420,370,430,539,370,429,539,470,360,470,539,375,380,429,450,,350,539,539,465,470,,350,470,390,470,470,539
Y,465,470,565,539,470,475,535,395,395,455,469,539,565,545,470,370,539,539,395,420,370,430,539,370,429,539,470,360,470,539,375,380,429,450,,350,539,539,465,470,,350,470,390,470,470,539
Y,100,90,125,125,90,100,125,50,50,100,40,125,125,125,90,85,125,125,50,75,85,50,125,85,35,125,90,85,90,125,50,85,35,90,,85,125,125,100,90,,85,90,50,90,90,125
Y,775,870,869,849,870,775,860,740,739,770,879,849,869,860,870,770,869,869,740,,770,,849,770,749,869,870,770,870,869,750,770,759,870,,770,849,939,770,870,,770,870,750,870,870,849
Y,660,,699,699,,675,740,680,659,635,729,699,679,740,,560,699,749,675,650,560,570,699,530,669,699,,560,,749,685,560,669,,,560,699,769,675,,,560,,660,,,699
Y,200,180,250,250,180,200,250,225,225,200,169,250,250,250,180,245,250,250,225,160,245,130,250,245,100,250,180,245,180,250,225,245,100,180,,245,250,250,200,180,,245,180,225,180,180,250
Y,175,160,250,250,160,175,250,150,150,175,150,250,250,250,160,225,250,250,150,100,225,50,250,225,150,250,160,225,160,250,150,225,150,160,,225,250,250,175,160,,225,160,150,160,160,250
Y,595,595,799,729,595,615,800,715,745,620,649,799,775,800,620,620,775,800,735,,630,,775,600,579,775,595,630,595,800,700,600,589,615,,670,799,800,630,595,,620,595,725,595,595,799
Y,650,,900,849,,660,925,740,745,650,,900,900,925,,675,900,925,740,,675,,900,680,,900,,680,,925,745,675,,,,680,900,950,650,,,675,,740,,,900
Y,275,315,300,300,315,275,300,250,250,275,150,300,300,300,300,350,300,300,250,210,350,150,300,350,150,300,315,350,315,300,250,350,150,300,,350,300,300,275,315,,350,300,250,315,315,300
Y,425,520,550,550,520,425,550,300,300,425,399,550,550,550,520,325,550,550,300,419,325,300,550,325,310,550,520,325,520,550,300,325,319,520,,325,550,550,425,520,,325,520,,520,520,550
Y,600,,,,,600,,1200,1200,1000,,,,,,,,,1200,1000,,,,,,,,,,,1200,,,,,,,,600,,,,,1200,,,
Y,605,930,829,800,930,595,830,800,800,525,649,829,819,820,930,820,829,800,830,530,820,530,800,830,649,829,930,800,930,800,800,830,689,930,,800,829,850,585,930,,800,950,820,930,930,829
Y,195,,300,300,,210,300,,,205,159,300,300,300,,,300,300,,180,,,300,,159,300,,,,300,,,159,,,,300,400,210,,,,,,,,300
Y,450,440,515,485,440,450,485,500,499,450,399,485,515,485,440,350,485,485,500,,350,350,485,350,429,485,440,350,440,485,500,350,429,440,,350,485,485,450,440,,350,440,500,440,440,485
Y,150,150,175,175,150,150,175,150,150,150,100,175,175,175,150,195,175,175,150,100,195,99,175,195,129,175,150,195,150,175,150,195,129,150,,195,175,175,150,150,,195,150,150,150,150,175
Y,670,815,789,775,815,670,790,745,745,670,699,775,789,795,800,675,789,775,745,675,675,560,775,675,679,789,815,675,815,789,745,675,679,800,,675,775,799,670,815,,675,800,745,815,815,775
Y,920,1095,1099,1069,1095,920,1085,1000,999,920,1019,1069,1099,1090,1085,930,1079,1069,1000,930,940,790,1069,950,989,1079,1095,930,1095,1079,1000,930,969,1085,,930,1069,1109,920,1095,,930,1095,1005,1095,1095,1069
Y,990,1155,1199,1169,1155,980,1185,1060,1059,980,1079,1169,1199,1190,1150,1030,1179,1169,1060,985,1030,840,1169,1030,1049,1179,1155,1030,1155,1179,1060,1030,1009,1150,,1030,1169,1209,985,1155,,1040,1150,1065,1155,1155,1169
Y,780,865,879,879,865,780,865,795,795,780,729,879,879,880,860,720,879,879,785,765,720,650,879,720,729,879,865,720,865,879,795,720,729,860,,720,879,850,760,865,,720,860,770,865,865,879
Y,1055,1180,1259,1229,1180,1045,1235,1080,1105,1045,1099,1229,1259,1235,1180,1040,1229,1229,1080,1065,1070,890,1229,1070,1069,1229,1180,1070,1180,1229,1080,1070,1039,1180,,1070,1229,1259,1055,1180,,1080,1180,1080,1180,1180,1229
Y,830,1030,999,999,1030,835,975,935,935,830,959,999,975,975,1020,890,999,975,935,,890,700,999,865,909,999,1030,890,1030,975,965,890,929,1030,,890,999,975,830,1030,,890,1020,935,1030,1030,999
Y,1150,1330,1325,1325,1330,1150,1325,1300,1299,1150,1259,1325,1325,1325,1320,1240,1325,1325,1300,,1240,950,1325,1225,1189,1325,1330,1240,1330,1325,1300,1240,1189,1330,,1240,1325,1325,1150,1330,,1240,1320,1300,1330,1330,1325
Y,345,370,375,400,370,345,400,330,330,345,329,400,375,400,370,330,400,400,325,350,330,230,400,330,329,400,370,330,370,400,325,330,329,370,,330,400,425,345,370,,330,370,330,370,370,400
Y,1215,1370,1425,1425,1370,1215,1425,1370,1369,1215,1309,1425,1425,1425,1370,1330,1425,1425,1370,,1330,1010,1425,1330,1279,1425,1370,1330,1370,1425,1370,1330,1279,1370,,1330,1425,1425,1225,1370,,1330,1370,1370,1370,1370,1425
Y,930,1070,1079,1079,1070,935,1050,950,949,930,979,1079,1050,1050,1060,920,1079,1050,950,,920,770,1079,900,919,1079,1070,920,1070,1050,975,920,929,1070,,920,1079,1050,930,1070,,920,1060,950,1070,1070,1079
Y,1245,1370,1375,1375,1370,1245,1375,1310,1309,1245,1249,1375,1375,1375,1360,1260,1399,1375,1310,,1270,1000,1375,1230,1179,1375,1370,1250,1370,1375,1310,1250,1179,1370,,1250,1375,1375,1245,1370,,1250,1360,1310,1370,1370,1375
Y,1310,1420,1475,1475,1420,1310,1475,1380,1379,1310,1299,1475,1475,1475,1420,1360,1475,1475,1380,,1360,1060,1475,1360,1279,1475,1420,1360,1420,1475,1380,1360,1279,1420,,1360,1475,1475,1320,1420,,1360,1420,1380,1420,1420,1475
Y,275,320,300,300,320,275,300,350,350,275,249,300,300,300,320,330,300,300,350,300,330,250,300,330,249,300,320,330,320,300,350,330,249,320,,330,300,300,275,320,,330,320,350,320,320,300
Y,795,,1019,989,,795,1025,900,899,795,,1000,1000,1025,,800,1000,1025,905,,800,,1000,800,,1000,,800,,1025,900,800,,,,800,1000,1050,805,,,800,,900,,,1000
Y,515,,,,,500,,,,520,,,,,,,,,,,,,,,,,,,,,,,,,,,,,500,,,,,,,,
Y,165,195,250,250,195,165,250,250,250,155,199,269,250,250,190,195,269,259,250,160,195,180,250,195,180,250,195,150,195,269,250,195,180,195,,200,250,250,160,195,,195,195,250,195,195,269
Y,370,415,389,400,415,370,420,380,379,370,329,400,389,420,420,370,419,419,360,375,370,330,400,350,329,400,415,350,415,419,370,350,349,400,,350,419,425,370,415,,350,400,380,415,415,400
Y,800,815,900,949,815,800,915,800,799,795,859,949,900,915,790,850,950,900,800,635,850,550,949,850,829,950,815,850,815,900,810,850,829,800,,850,949,989,795,815,,850,790,810,815,815,949
Y,455,550,550,550,550,455,555,425,425,455,439,559,559,570,540,430,550,550,425,490,450,420,550,450,449,559,550,450,550,550,445,430,449,540,,450,559,525,455,550,,430,540,425,550,550,550
Y,325,425,300,300,425,340,305,315,325,345,379,300,300,310,400,350,300,300,320,335,340,280,300,350,299,300,425,340,425,300,325,350,299,405,,360,300,300,345,425,,350,400,320,425,425,300
Y,525,520,675,675,520,525,705,570,570,525,569,699,675,695,520,620,675,675,600,525,600,475,679,600,539,675,520,600,520,689,570,600,539,520,,630,675,725,525,520,,600,520,590,520,520,675
Y,200,150,275,275,150,200,275,250,250,200,179,275,275,275,150,250,275,275,250,180,250,250,275,250,179,275,150,250,150,275,250,250,179,150,,250,275,275,200,150,,250,150,250,150,150,275
Y,165,175,159,150,175,160,150,165,169,180,189,159,150,150,180,160,150,150,165,150,155,140,150,160,179,150,175,155,175,159,165,155,159,175,,155,150,200,165,175,,155,165,170,175,175,159
Y,280,,319,300,,290,300,215,220,240,239,300,319,300,,,300,300,220,275,,260,300,,229,300,,,,300,200,,239,,,,300,300,265,,,,,200,,,300
Y,140,150,175,175,150,140,175,200,200,140,159,175,175,175,150,150,175,175,200,150,150,125,175,150,159,175,150,150,150,175,200,150,159,150,,150,175,175,140,150,,150,150,200,150,150,175
Y,670,650,659,625,650,660,630,680,679,650,609,629,659,625,670,635,625,625,680,640,635,549,625,640,589,629,650,635,650,625,680,640,589,670,,650,625,675,670,650,,635,670,680,650,650,639
Y,885,915,959,919,915,885,940,910,909,880,909,919,959,940,900,860,939,939,910,885,860,729,919,860,829,939,915,860,915,939,920,860,829,900,,860,919,969,880,915,,860,900,920,915,915,919
Y,540,580,629,629,580,555,650,525,525,525,539,599,599,650,620,470,629,650,515,560,470,475,599,440,509,629,580,470,580,650,555,470,,555,,470,629,675,555,580,,,610,500,580,580,599
Y,250,215,250,250,215,250,250,200,200,250,179,250,250,250,195,185,250,250,200,210,185,200,250,185,199,250,215,185,215,250,200,185,199,195,,185,250,250,250,215,,185,195,200,215,215,250
Y,985,,,,,985,,1020,1019,985,1069,,,,,,,,1020,,,,,,1049,,,,,,1020,,1049,,,,,,995,,,,,1020,,,
Y,200,240,300,275,240,200,275,210,210,200,269,275,300,275,240,200,275,275,210,200,200,220,275,200,259,275,240,200,240,275,210,200,259,240,,200,275,275,200,240,,200,240,210,240,240,275
Y,360,420,429,425,420,365,425,370,369,365,399,429,439,435,420,400,439,425,370,350,400,330,429,400,399,439,420,400,420,439,370,400,399,420,,400,425,450,355,420,,420,420,370,420,420,425
Y,335,330,375,375,330,345,395,420,400,335,349,379,379,375,330,430,375,375,420,325,430,225,389,430,339,389,330,430,330,375,400,430,339,330,,430,375,375,345,330,,430,330,400,330,330,389
Y,260,250,275,275,250,250,275,300,300,260,189,275,275,275,250,235,275,275,300,225,235,215,275,235,219,275,250,235,250,275,300,235,239,250,,235,275,275,250,250,,235,250,300,250,250,275
Y,895,1020,1129,1129,1020,895,1150,930,929,895,989,1129,1129,1150,1020,950,1129,1149,930,915,950,830,1129,950,959,1129,1020,950,1020,1149,930,950,959,1020,,950,1129,1189,900,1020,,950,1075,930,1020,1020,1129
Y,960,955,1149,1125,955,960,1095,950,949,960,1049,1125,1149,1095,940,940,1149,1125,950,985,940,700,1125,940,999,1125,955,940,955,1129,950,940,999,940,,940,1125,1200,970,955,,940,990,950,955,955,1125
Y,1170,1290,1400,1375,1290,1170,1400,1230,1229,1170,1229,1375,1400,1400,1300,1250,1375,1400,1230,1160,1250,940,1375,1250,1209,1375,1290,1250,1290,1400,1230,1250,1199,1290,,1250,1375,1400,1180,1290,,1250,1270,1230,1290,1290,1375
Y,930,955,1075,1075,955,930,1100,950,949,930,959,1075,1075,1100,895,920,1075,1100,950,960,930,780,1075,930,959,1075,955,930,955,1100,950,930,949,890,,930,1075,1129,940,955,,930,955,950,955,955,1075
Y,1910,1935,1959,1959,1935,1910,1899,1800,1800,1910,1499,1959,1959,1899,1920,1500,1899,1899,1800,1800,1560,1350,1959,1560,1159,1899,1935,1560,1935,1959,1860,1500,1599,1800,,1560,1899,1899,1910,1935,,1560,1920,1820,1935,1935,1899
Y,1045,,1175,1175,,1045,1190,1100,1099,1030,1119,1175,1175,1190,,1010,1175,1199,1100,1050,1020,870,1175,1010,1109,1175,,1020,,1199,1100,1020,1109,,,1020,1175,1199,1055,,,1020,,1100,,,1175
Y,955,1090,1129,1149,1090,945,1150,995,1005,930,1019,1149,1129,1150,1100,950,1149,1150,990,915,960,820,1149,990,999,1149,1090,960,1090,1150,995,960,999,1050,,960,1149,1189,965,1090,,980,1050,1005,1090,1090,1149
Y,810,755,900,,755,810,,840,839,810,749,,900,,750,860,,,820,,860,,,840,729,,755,840,755,,830,840,670,750,,840,,,813,755,,840,750,840,755,755,
Y,2560,2015,2100,2100,2015,2500,2400,2300,2300,2560,1999,2100,2100,2400,2060,2200,2100,2400,2300,2700,2200,2160,2100,2200,2099,2100,2015,2200,2015,2400,2300,2200,2099,2060,,2200,2100,2300,2560,2015,,2200,2060,2300,2015,2015,2100
Y,635,,,,,635,,,,834,,,,,,,,,,,605,,,,599,,,,,,,,560,,,605,,,635,,,,,,,,
Y,885,850,,,850,885,,1000,999,880,,,,,850,880,,,1000,900,880,,,880,,,850,880,850,,1010,880,,850,,880,,,880,850,,880,850,1010,850,850,
Y,930,850,,,850,930,,1035,1035,930,,,,,850,955,,,1035,925,955,,,955,,,850,955,850,,1035,955,,850,,955,,,930,850,,955,850,1035,850,850,
Y,930,850,,,850,930,,1035,1035,930,,,,,850,955,,,1035,905,890,,,890,,,850,890,850,,1035,890,,850,,890,,,930,850,,890,850,1035,850,850,
Y,455,470,639,559,470,475,575,520,519,475,439,559,639,575,470,480,559,579,520,430,470,370,559,480,439,559,470,480,470,579,520,470,439,470,,470,559,589,455,470,,470,470,520,470,470,559
Y,475,490,719,629,490,495,650,560,559,495,459,629,719,650,490,500,629,659,560,450,500,370,629,500,469,629,490,500,490,659,560,500,469,495,,500,629,639,495,490,,500,495,560,490,490,629
Y,500,535,725,625,535,500,675,575,575,500,449,625,725,675,500,570,625,675,575,450,570,420,625,570,449,625,535,570,535,675,575,570,449,500,,570,625,635,500,535,,570,500,575,535,535,625
Y,100,,,,,100,,150,150,175,,,,,,150,,,150,,150,,,150,125,,,150,,,150,,125,,,150,,,100,,,150,,150,,,
Y,920,,,,,920,,960,959,920,989,,,,,,,,960,,,,,,989,,,,,,960,,979,,,,,,920,,,,,960,,,
Y,500,560,600,489,560,500,500,,,500,,489,600,500,550,,489,500,,,,,489,,,489,560,,560,500,,,,550,,,489,,500,560,,,550,,560,560,489
Y,350,390,350,350,390,350,350,325,325,350,269,350,350,350,390,200,350,350,325,329,200,200,350,200,,350,390,200,390,350,325,200,259,390,,200,350,350,350,390,,200,390,,390,390,350
Y,450,470,450,450,470,450,450,375,375,450,300,450,450,450,470,340,450,450,375,419,326,340,450,326,,450,470,340,470,450,375,340,359,470,,340,450,450,450,470,,340,470,,470,470,450
Y,515,520,550,550,520,515,550,425,425,515,335,550,550,550,520,400,550,550,425,479,376,390,550,376,,550,520,400,520,550,425,376,419,520,,400,550,550,515,520,,400,520,,520,520,550
Y,325,390,350,350,390,325,350,200,200,325,299,350,350,350,390,200,350,350,200,319,200,200,350,200,200,350,390,200,390,350,200,200,250,390,,200,350,350,325,390,,200,390,,390,390,350
Y,425,470,450,450,470,425,450,360,359,425,300,450,450,450,470,340,450,450,360,399,340,340,450,340,310,450,470,340,470,450,360,340,350,470,,340,450,450,425,470,,340,470,,470,470,450
Y,475,520,550,550,520,475,550,410,410,475,399,550,550,550,520,400,550,550,410,469,400,390,550,400,369,550,520,400,520,550,410,400,400,520,,400,550,550,475,520,,400,520,,520,520,550
Y,565,635,775,700,635,565,700,650,650,585,639,700,775,700,600,630,700,700,650,615,620,500,700,630,589,700,635,620,635,700,650,620,609,600,,620,700,660,570,635,,620,600,650,635,635,700
Y,260,270,300,300,270,260,300,290,299,260,279,300,319,300,250,320,319,319,290,255,300,300,300,320,269,300,270,320,270,300,300,300,,250,,300,300,300,255,270,,300,250,300,270,270,300
Y,215,215,229,229,215,215,220,230,219,215,229,229,229,220,215,230,229,229,220,215,220,200,229,230,199,229,215,220,215,229,220,220,,215,,220,229,229,215,215,,220,215,220,215,215,229
Y,185,180,200,200,180,185,200,180,179,185,199,200,200,200,180,180,200,200,180,180,180,200,200,180,189,200,180,180,180,200,180,180,,180,,180,200,200,185,180,,180,180,180,180,180,200
Y,260,270,300,300,270,260,300,290,299,260,279,300,319,300,250,320,319,319,290,255,300,300,300,320,269,300,270,320,270,300,300,300,,250,,300,300,300,255,270,,300,250,300,270,270,300
Y,215,215,229,229,215,215,220,230,219,215,229,229,229,220,215,230,229,229,220,215,220,200,229,230,199,229,215,220,215,229,220,220,,215,,220,229,229,215,215,,220,215,220,215,215,229
Y,185,180,200,200,180,185,200,180,179,185,199,200,200,200,180,180,200,200,180,180,180,200,200,180,189,200,180,180,180,200,180,180,,180,,180,200,200,185,180,,180,180,180,180,180,200
Y,930,,,950,,950,955,950,969,965,929,950,,950,,1040,950,950,970,925,1040,,950,1040,899,950,,1040,,950,970,1040,899,,,1040,950,1025,960,,,1040,,970,,,950
Y,650,,900,650,,650,650,740,740,650,,650,900,650,,675,650,650,740,,675,,650,675,,650,,675,,650,740,675,,,,675,650,650,650,,,675,,740,,,650
Y,795,,1000,800,,795,800,899,899,795,,800,1000,800,,,800,800,899,,,,800,,,800,,,,800,899,,,,,,800,800,795,,,,,899,,,800
Y,275,340,375,350,340,275,350,300,299,275,349,350,375,350,340,300,350,350,300,285,300,270,350,320,349,350,340,280,340,350,300,280,349,340,,280,350,375,275,340,,280,350,300,340,340,350
Y,835,950,1029,1049,950,835,1050,865,865,835,939,1049,1029,1050,950,850,1029,1049,865,860,860,775,1049,860,889,1049,950,840,950,1049,865,840,879,950,,840,1039,1089,835,950,,840,950,865,950,950,1029
Y,1105,1240,1300,1275,1240,1105,1300,1170,1169,1105,1169,1275,1300,1300,1250,1140,1275,1300,1170,1100,1150,880,1275,1130,1139,1275,1240,1130,1240,1300,1170,1130,1139,1240,,1130,1275,1300,1105,1240,,1130,1220,1170,1240,1240,1275
Y,885,1025,1079,1049,1025,885,1050,950,950,870,969,1049,1069,1070,1035,850,1069,1049,930,860,880,770,1049,920,949,1069,1025,860,1025,1049,950,860,949,990,,860,1049,1089,895,1025,,860,990,945,1025,1025,1049
Y,865,840,999,999,840,865,1025,880,889,860,889,975,999,1000,850,820,989,1000,890,900,830,725,979,810,879,975,840,810,840,1019,890,810,879,830,,810,999,1000,865,840,,810,880,890,840,840,975
Y,795,845,1009,989,845,795,985,855,855,795,919,999,1009,985,845,880,989,989,880,805,880,710,989,880,869,989,845,860,845,999,855,860,849,845,,890,989,1059,795,845,,860,855,870,845,845,989
Y,740,715,800,,715,740,,770,769,740,679,,800,,700,750,,,750,,760,,,720,669,,715,720,715,,760,720,630,700,,720,,,740,715,,720,700,770,715,715,
Y,895,895,1049,1025,895,895,1055,890,889,895,959,1025,1049,1055,880,840,1049,1025,890,925,850,585,1049,830,939,1025,895,830,895,1029,890,830,939,870,,830,1025,1100,895,895,,830,900,890,895,895,1025
Y,865,,,875,,885,895,890,909,900,869,875,,880,,930,875,875,910,865,940,,875,920,839,875,,920,,875,910,920,839,,,920,875,925,885,,,920,,910,,,875
Y,980,,1075,1075,,980,1090,1030,1039,965,1059,1075,1075,1090,,910,1075,1099,1040,990,920,820,1075,900,1059,1075,,900,,1099,1040,900,1049,,,900,1075,1099,980,,,900,,1040,,,1075
Y,75,,70,50,,75,40,40,40,75,39,50,70,40,,50,50,40,40,75,50,50,50,50,39,50,,50,,40,40,50,39,,,50,50,40,75,,,50,,40,,,50
Y,100,60,60,40,60,100,40,40,40,100,35,40,60,40,60,50,40,40,40,75,50,50,40,50,40,40,60,50,60,40,40,50,45,60,,50,40,40,100,60,,50,60,40,60,60,40
Y,100,60,60,40,60,100,40,40,40,100,45,40,60,40,60,50,40,40,40,75,50,50,40,50,45,40,60,50,60,40,40,50,45,60,,50,40,40,100,60,,50,60,40,60,60,40
Y,10,,,,,10,,,,,,,,,,,,,,20,,,,,,,,,,,,,,,,,,,10,,,,,,,,
Y,75,,70,50,,75,50,50,50,75,39,50,70,50,,50,50,50,50,75,50,50,50,50,39,50,,50,,50,50,50,39,,,50,50,50,75,,,50,,50,,,50
Y,155,190,200,200,190,150,205,185,165,155,159,200,200,200,175,140,200,200,170,170,135,150,200,140,179,200,190,135,190,200,170,140,199,155,,135,200,200,150,190,,135,190,170,190,190,200
Y,75,,35,30,,75,30,30,30,75,45,30,35,30,,,30,30,30,35,,30,30,,45,30,,,,30,30,,45,,,,30,30,75,,,,,30,,,30
Y,75,,35,30,,75,30,30,30,75,40,30,35,30,,,30,30,30,,,,30,,35,30,,,,30,30,,35,,,,30,30,75,,,,,30,,,30
Y,30,30,50,50,30,30,50,40,40,25,45,50,50,50,30,30,50,50,40,50,30,60,50,30,45,50,30,30,30,50,40,30,45,30,,30,50,50,30,30,,30,30,40,30,30,50
Y,60,60,60,60,60,60,60,60,60,60,60,60,60,60,60,60,60,60,60,,60,60,60,60,60,60,60,60,60,60,60,60,60,60,,60,60,60,60,60,,60,60,60,60,60,60
Y,585,,,,,585,,,,764,,,,,,,,,,,535,,,,539,,,,,,,,500,,,535,,,585,,,,,,,,
Y,225,150,200,200,150,225,200,200,200,225,100,200,200,200,150,200,200,200,200,175,200,115,200,200,100,200,150,200,150,200,200,200,100,150,,200,200,200,225,150,,200,150,200,150,150,200
Y,985,1115,1159,1129,1115,985,1135,1020,1045,985,1029,1129,1159,1140,1110,950,1149,1159,1020,1010,980,840,1129,980,1019,1129,1115,960,1115,1129,1020,960,989,1110,,960,1129,1159,985,1115,,960,1120,1020,1115,1115,1129
Y,525,570,579,579,570,495,560,510,500,495,529,579,569,560,570,540,575,550,505,475,540,400,579,550,499,575,570,535,570,579,500,535,499,580,,535,575,625,495,570,,535,580,500,570,570,575
Y,740,780,879,869,780,740,865,740,739,735,799,869,885,865,780,775,875,869,740,725,775,650,869,775,759,875,780,770,780,875,750,770,769,780,,770,869,925,735,780,,770,785,750,780,780,869
Y,510,550,579,589,550,495,550,500,500,495,529,575,579,560,560,540,579,559,520,485,535,400,575,540,499,579,550,540,550,559,520,535,499,550,,560,575,625,500,550,,535,565,500,550,550,575
Y,675,745,789,779,745,660,775,660,665,645,729,799,789,785,765,690,799,779,680,660,690,580,799,690,719,799,745,690,745,779,670,690,719,745,,700,799,819,650,745,,690,750,670,745,745,799
Y,225,180,200,200,180,225,200,250,250,225,150,200,200,200,180,185,200,200,250,185,185,150,200,185,150,200,180,185,180,200,250,185,150,180,,185,200,200,225,180,,185,180,250,180,180,200
Y,350,350,350,350,350,350,350,350,350,350,350,350,350,350,350,,350,350,350,350,,350,350,,,350,350,,350,350,350,,,350,,,350,350,350,350,,,350,350,350,350,350
Y,199,199,199,199,199,199,199,299,299,199,199,199,199,199,199,299,199,199,259,199,299,199,199,299,,199,199,299,199,199,299,299,,199,,299,199,199,199,199,,299,199,299,199,199,199
Y,500,500,500,500,500,500,500,500,500,500,500,500,500,500,500,500,500,500,500,500,500,500,500,500,500,500,500,500,500,500,500,500,500,500,,500,500,500,500,500,,500,500,500,500,500,500
Y,50,35,30,30,35,50,30,,,50,39,30,30,30,35,,30,30,,50,,35,30,,39,30,35,,35,30,,,39,35,,,30,30,50,35,,,35,,35,35,30
Y,25,,,,,25,,,,25,,,,,,30,,,,,30,,,30,50,,,30,,,,30,,,,30,,,25,,,30,,,,,
Y,325,315,275,275,315,325,275,265,265,325,299,275,275,275,300,280,275,275,265,250,280,280,275,280,,275,315,280,315,275,265,280,,300,,280,275,275,325,315,,280,300,265,315,315,275
Y,260,215,219,229,215,260,230,220,219,260,259,229,219,230,200,220,229,229,220,199,220,220,229,220,,229,215,220,215,229,220,220,,200,,220,229,229,260,215,,220,200,220,215,215,229
Y,250,180,200,200,180,250,200,190,189,250,219,200,200,200,180,200,200,200,190,180,200,200,200,200,,200,180,200,180,200,190,200,,180,,200,200,200,250,180,,200,180,190,180,180,200
Y,325,315,275,275,315,325,275,265,265,325,299,275,275,275,300,280,275,275,265,250,280,280,275,280,,275,315,280,315,275,265,280,,300,,280,275,275,325,315,,280,300,265,315,315,275
Y,260,215,225,225,215,260,225,220,219,260,259,225,225,225,200,220,225,225,220,199,220,220,225,220,,225,215,220,215,225,220,220,,200,,220,225,225,260,215,,220,200,220,215,215,225
Y,250,180,200,200,180,250,200,190,189,250,219,200,200,200,180,200,200,200,190,180,200,200,200,200,,200,180,200,180,200,190,200,,180,,200,200,200,250,180,,200,180,190,180,180,200
Y,325,315,275,275,315,325,275,265,265,325,299,275,275,275,300,280,275,275,265,250,280,280,275,280,139,275,315,280,315,275,265,280,100,300,,280,275,275,325,315,,280,300,265,315,315,275
Y,260,215,219,229,215,260,230,220,219,260,259,229,219,230,200,220,229,229,220,199,220,220,229,220,139,229,215,220,215,229,220,220,100,200,,220,229,229,260,215,,220,200,220,215,215,229
Y,250,180,200,200,180,250,200,190,189,250,219,200,200,200,180,200,200,200,190,180,200,200,200,200,139,200,180,200,180,200,190,200,100,180,,100,200,200,250,180,,200,180,190,180,180,200
Y,50,,,,,50,,,,50,,,,,,50,,,,,50,,,50,,,,50,,,,50,,,,50,,,50,,,50,,,,,
Y,150,150,140,100,150,150,150,125,125,150,100,100,140,150,150,185,100,150,125,85,185,100,100,185,100,100,150,185,150,150,125,185,100,150,,185,100,150,150,150,,185,150,125,150,150,100
Y,260,270,300,300,270,260,300,290,299,260,,300,319,300,250,320,319,319,290,255,300,300,300,320,269,300,270,320,270,300,300,300,269,250,,300,300,300,255,270,,300,250,300,270,270,300
Y,215,215,229,229,215,215,220,230,219,215,,229,229,220,215,230,229,229,220,215,220,200,229,230,199,229,215,220,215,229,220,220,199,215,,220,229,229,215,215,,220,215,220,215,215,229
Y,185,180,200,200,180,185,200,180,179,185,,200,200,200,180,180,200,200,180,180,180,200,200,180,189,200,180,180,180,200,180,180,189,180,,180,200,200,185,180,,180,180,180,180,180,200
Y,142,,142,142,,142,142,142,142,142,142,142,142,142,,,142,142,142,,,142,142,,,142,,,,142,142,,142,,,,142,142,142,,,,,142,,,142
Y,325,250,365,365,250,325,365,250,250,325,249,365,365,365,250,225,365,365,250,275,225,330,365,225,249,365,250,225,,365,250,225,249,250,,225,365,365,325,250,,225,250,250,250,250,365
Y,325,250,365,365,250,325,365,250,250,325,249,365,365,365,250,225,365,365,250,275,225,330,365,225,249,365,250,225,,365,250,225,249,250,,225,365,365,325,250,,225,250,250,250,250,365
Y,500,,500,500,,500,500,500,500,500,500,500,500,500,,500,500,500,500,,500,,500,500,500,500,,500,,500,500,500,500,,,500,500,500,500,,,500,,500,,,500
Y,500,500,500,500,500,500,500,500,500,500,,500,500,500,500,500,500,500,500,500,500,,500,500,500,500,500,500,500,500,500,500,500,500,,500,500,500,500,500,,500,500,500,500,500,500
Y,625,615,670,670,615,625,670,650,659,625,649,670,670,670,625,650,670,670,650,620,660,720,670,650,619,670,615,650,615,670,655,650,629,615,,660,670,670,625,615,,650,615,650,615,615,670
Y,975,975,1070,1070,975,975,1070,1000,999,975,999,1070,1070,1070,995,1000,1070,1070,1000,980,1000,1000,1070,1000,1039,1070,975,1000,975,1070,1000,1000,999,975,,1000,1070,1070,975,975,,1000,975,1000,975,975,1070
Y,1040,1050,1170,1170,1050,1040,1170,1060,1059,1040,1059,1170,1170,1170,1075,1080,1170,1170,1060,1050,1070,1060,1170,1070,1089,1170,1050,1070,1050,1170,1060,1070,1059,1050,,1070,1170,1170,1050,1050,,1070,1050,1060,1050,1050,1170
Y,545,525,550,550,525,545,550,530,539,545,539,550,550,550,545,530,550,550,530,540,540,600,550,530,539,550,525,530,525,550,530,530,549,525,,540,550,550,545,525,,530,535,535,525,525,550
Y,895,895,950,950,895,895,950,880,879,895,919,950,950,950,920,900,950,950,880,900,900,910,950,900,919,950,895,900,895,950,880,900,919,895,,900,950,950,895,895,,900,895,880,895,895,950
Y,965,940,1050,1050,940,965,1050,940,940,965,959,1050,1050,1050,975,960,1050,1050,940,960,950,970,1050,950,959,1050,940,950,940,1050,940,950,959,940,,950,1050,1050,965,940,,950,940,940,940,940,1050
Y,30,,,,,30,,30,30,30,19,,,,,,,,30,35,,25,,,19,,,,,,30,,19,,,,,30,30,,,,,30,,,
Y,330,250,369,369,250,330,365,250,250,330,269,369,369,365,250,230,369,369,250,285,230,355,369,230,269,369,250,230,250,369,250,230,269,250,,230,369,369,330,,,230,250,250,250,250,369
Y,700,700,,,700,700,,,,700,,,,,700,,,,,700,,700,,,,,700,,700,,,,,700,,,,,700,700,,,700,,700,700,
Y,75,,,,,75,,50,50,75,39,,,,,30,,,50,,30,,,30,39,,,30,,,50,30,39,,,30,,,75,,,30,,50,,,
Y,295,299,319,319,299,295,319,295,299,295,299,319,319,319,299,295,319,319,295,299,295,300,319,295,299,319,299,295,299,319,295,295,299,299,,295,319,319,295,299,,295,299,295,299,299,319
Y,295,299,319,319,299,295,319,295,299,295,299,319,319,319,299,295,319,319,295,299,295,300,319,295,299,319,299,295,299,319,295,295,299,299,,295,319,319,295,299,,295,299,295,299,299,319
Y,956,870,1019,1019,870,956,1019,980,979,956,999,1019,1019,1019,865,969,1019,1019,980,960,969,800,1019,969,989,1019,870,969,870,1019,980,969,979,865,,969,1019,1019,956,870,,969,875,980,870,870,1019
Y,1021,930,1119,1119,930,1021,1119,1050,1049,1021,1089,1119,1119,1119,925,1080,1119,1119,1050,1020,1080,970,1119,1080,1069,1119,930,1080,930,1119,1050,1080,1039,930,,1080,1119,1119,1021,930,,1080,935,1050,930,930,1119
Y,956,870,1019,1019,870,956,1019,980,979,956,,1019,1019,1019,865,969,1019,1019,980,960,969,800,1019,969,989,1019,870,969,870,1019,980,969,979,865,,969,1019,1019,956,870,,969,875,980,870,870,1019
Y,1021,930,1119,1119,930,1021,1119,1050,1049,1021,,1119,1119,1119,925,1080,1119,1119,1050,1020,1080,970,1119,1080,1069,1119,930,1080,930,1119,1050,1080,1039,930,,1080,1119,1119,1021,930,,1080,935,1050,930,930,1119
Y,956,870,1019,1019,870,956,1019,980,979,956,999,1019,1019,1019,865,969,1019,1019,980,960,969,800,1019,969,989,1019,870,969,870,1019,980,969,979,865,,969,1019,1019,956,870,,969,875,980,870,870,1019
Y,1021,930,1119,1119,930,1021,1119,1050,1049,1021,1089,1119,1119,1119,925,1080,1119,1119,1050,1020,1080,970,1119,1080,1069,1119,930,1080,930,1119,1050,1080,1039,930,,1080,1119,1119,1021,930,,1080,935,1050,930,930,1119
Y,,670,,,670,,,,,,,,,,670,,,,,,,,,,,,670,,670,,,,,670,,,,769,,670,,,670,,670,670,
Y,,1200,,,1200,,,850,850,,,,,,1200,,,,850,,,,,,,,1200,,1200,,850,,,1200,,,,,,1200,,,1200,850,1200,1200,
Y,,330,419,,330,,395,400,410,,289,,400,395,330,330,,375,420,,330,,,325,319,,330,325,330,375,420,330,319,330,,340,,450,,330,,330,330,400,330,330,
Y,,315,375,300,315,,255,140,155,,239,300,375,240,315,100,300,300,145,160,100,150,300,100,,300,315,100,315,300,145,100,,315,,100,300,400,,315,,100,315,145,315,315,300
Y,,25,,,25,,,,,,49,,,,25,,,,,,,,,,49,,25,,25,,,,49,25,,,,39,,25,,,25,,25,25,
Y,,100,,,100,,100,,,,,100,,100,100,100,100,100,,100,100,,100,100,100,100,100,100,100,100,,100,100,100,,100,100,100,,100,,100,100,,100,100,100
Y,,500,,,500,,500,,,,,500,,500,500,500,500,500,,500,500,,500,500,500,500,500,500,500,500,,500,500,500,,500,500,500,,500,,500,500,,500,500,500
Y,,195,,,195,,,150,150,,139,,,,195,180,,,150,,238,150,,190,139,,195,238,195,,150,238,139,195,,238,,,,195,,170,190,150,195,195,
Y,,159,,,159,,,,,,,,,,159,,,100,,,,,,,,,159,,159,,,,,159,,,,,,159,,,159,,159,159,
Y,,2320,,,2320,,,,,,,,,,2300,2360,,,,,2360,,,2360,,,2320,2360,2320,,,2360,,2300,,2360,,,,2320,,2360,2300,,2320,2320,
Y,,780,750,739,780,,700,,,,,739,750,700,780,,700,675,,680,,,739,,549,700,780,,780,675,,,559,780,,,739,825,,780,,,780,,780,780,739
Y,,570,,489,570,,500,,,,,479,459,500,550,,489,500,,450,,,489,,379,489,570,,570,500,,,389,550,,,479,600,,570,,,550,,570,570,479
Y,,150,150,150,150,,150,,,,,150,150,150,150,145,150,150,,140,145,,150,145,,150,150,145,150,150,,145,,150,,145,150,150,,150,,145,150,,150,150,150
Y,,115,100,100,115,,100,85,75,,,100,119,100,115,120,100,100,75,65,119,,100,120,,100,115,119,115,100,75,120,,115,,119,100,125,,115,,119,115,75,115,115,100
Y,,330,,,330,,,,,,,,,,330,,,,,,,,,,,,330,,330,,,,,330,,,,,,330,,,330,,330,330,
Y,,330,,,330,,,,,,,,,,330,,,,,,,,,,,,330,,330,,,,,330,,,,,,330,,,330,,330,330,
Y,,270,,,270,,,200,200,,,,,,270,,,,200,,,,,,200,,270,,270,,200,,200,270,,,,,,270,,,270,200,270,270,
Y,,185,300,300,185,,300,,,,219,300,300,300,185,,300,300,,,,,300,,199,300,185,,185,300,,,199,185,,,300,300,,185,,,185,,185,185,300
Y,,330,,,330,,,,,,,,,,330,,,,,,,,,,,,330,,330,,,,,330,,,,,,330,,,330,,330,330,
Y,,570,729,,570,,,640,639,,,,729,,570,,,,640,,,,,,,,570,,570,,650,,,570,,,,,,570,,,570,650,570,570,
Y,,115,100,100,115,,100,85,75,,55,100,119,100,115,120,100,100,75,65,100,,100,120,55,100,115,100,115,100,75,120,59,115,,100,100,125,,115,,100,115,75,115,115,100
Y,,1020,,,1020,,,,,,,,,,1020,,,,,,,,,,,,1020,,1020,,,,,1020,,,,1149,,1020,,,1030,,1020,1020,
Y,,330,,,330,,,,,,,,,,330,,,,,,,,,,,,330,,330,,,,,330,,,,,,330,,,330,,330,330,
Y,,630,600,569,630,,590,575,565,,619,569,600,580,630,,579,589,560,,,,579,,519,579,630,,630,599,585,,549,630,,,589,689,,630,,,630,560,630,630,569
Y,,880,,859,880,,885,790,789,,909,859,,885,880,,889,899,790,,,,859,,769,889,880,,880,899,800,,779,880,,,859,949,,880,,,880,800,880,880,859
Y,,30,30,30,30,,30,30,30,,30,30,30,30,30,30,30,30,30,30,30,30,30,30,30,30,30,30,30,30,30,30,30,30,,30,30,30,,30,,30,30,30,30,30,30
Y,,770,925,925,770,,955,840,839,,829,925,949,925,760,870,925,925,840,800,870,,925,870,829,925,770,870,770,949,840,870,829,750,,870,925,1000,,770,,870,750,840,770,770,925
Y,,220,,,220,,,,,,159,,,,220,,,,,,,,,,159,,220,,220,,,,159,220,,,,319,,220,,,220,,220,220,
Y,,100,100,100,100,,100,,,100,100,100,100,100,100,100,100,100,,100,100,,100,100,100,100,100,100,100,100,,100,100,100,,100,100,100,,100,,100,100,,100,100,100
Y,,300,300,300,300,,300,,,300,,300,300,300,300,300,300,300,,300,300,,300,300,300,300,300,300,300,300,,300,300,300,,300,300,300,,300,,300,300,,300,300,300
Y,,500,500,500,500,,500,,,500,500,500,500,500,500,500,500,500,,500,500,,500,500,500,500,500,500,500,500,,500,500,500,,500,500,500,,500,,500,500,,500,500,500
Y,,730,859,859,730,,855,780,779,,729,825,849,825,720,760,825,825,780,740,770,,825,750,749,829,730,750,730,849,780,750,749,700,,750,829,900,,730,,750,700,780,730,730,825
Y,,940,,,940,,,,,,,,,,940,,,,,,,,,,,,940,,940,,,,,940,,,,1079,,940,,,940,,940,940,
Y,,600,,,600,,,,,,,,,,600,,,,,600,,600,,,,,600,,600,,,,,600,,,,,,600,,,600,,600,600,
Y,,1000,1029,1029,1000,,1029,895,895,,949,1029,1029,1029,1010,880,1029,1029,895,875,880,800,1029,880,899,1029,1000,880,1000,1029,895,880,889,1000,,880,1029,1029,,1000,,880,990,895,1000,1000,1029
Y,,1295,1379,1379,1295,,1379,1240,1240,,1279,1379,1379,1379,1295,1220,1379,1379,1240,1225,1220,1020,1379,1220,1279,1379,1295,1220,1295,1379,1240,1220,1249,1295,,1220,1379,1379,,1295,,1220,1295,1240,1295,1295,1379
Y,,1375,1459,1459,1375,,1459,1300,1300,,1359,1459,1459,1459,1375,1280,1459,1459,1300,1295,1280,1090,1459,1280,1359,1459,1375,1280,1375,1459,1300,1280,1319,1375,,1280,1459,1459,,1375,,1280,1380,1300,1375,1375,1459
Y,,25,35,30,25,,30,30,30,,45,30,35,30,25,25,30,30,30,35,25,40,30,25,45,30,25,25,25,30,30,25,45,25,,25,30,30,,25,,25,25,30,25,25,30
Y,,25,39,39,25,,39,30,30,,49,39,39,39,25,25,39,39,30,,25,40,39,25,49,39,25,25,25,39,30,25,49,25,,25,39,39,,25,,25,25,30,25,25,39
Y,,25,25,25,25,,25,30,30,,49,25,25,25,25,25,25,25,30,35,25,25,25,25,49,25,25,25,25,25,30,25,49,25,,25,25,39,,25,,25,25,30,25,25,25
Y,,815,759,759,815,,750,625,625,,649,759,759,750,815,640,759,759,625,,640,580,759,640,659,759,815,640,815,759,625,640,659,815,,640,759,759,,815,,640,815,625,815,815,759
Y,,1095,1069,1049,1095,,1050,915,915,,969,1049,1069,1050,1085,920,1049,1049,915,,920,800,1049,920,959,1049,1095,920,1095,1049,915,920,939,1085,,920,1049,1079,,1095,,920,1095,915,1095,1095,1049
Y,,1160,1119,1119,1160,,1115,960,960,,1019,1119,1119,1115,1150,1000,1119,1119,960,,1000,850,1119,1000,999,1119,1160,1000,1160,1119,960,1000,989,1150,,1000,1119,1129,,1160,,1000,1155,960,1160,1160,1119
Y,,960,919,879,960,,850,740,740,,749,879,919,855,960,760,869,879,740,,760,690,879,760,789,869,960,760,960,869,740,760,769,940,,760,879,839,,960,,760,935,740,960,960,879
Y,,1240,1219,1179,1240,,1150,1015,1015,,1069,1179,1219,1155,1245,1030,1159,1179,1015,,1030,920,1179,1030,1089,1159,1240,1030,1240,1159,1015,1030,1039,1225,,1030,1179,1159,,1240,,1030,1230,1015,1240,1240,1179
Y,,1315,1259,1239,1315,,1215,1075,1075,,1119,1239,1259,1220,1315,1120,1219,1239,1075,,1120,960,1239,1120,1129,1219,1315,1120,1315,1219,1075,1120,1089,1290,,1120,1239,1219,,1315,,1120,1290,1075,1315,1315,1239
Y,,299,319,319,299,,319,300,299,,299,319,319,319,299,295,319,319,300,,295,300,319,295,299,319,299,295,299,319,300,295,299,299,,295,319,319,,299,,295,299,300,299,299,319
Y,,870,1019,1019,870,,1019,980,979,,989,1019,1019,1019,865,970,1019,1019,980,,970,900,1019,970,989,1019,870,970,870,1019,980,970,989,865,,970,1019,1019,,870,,970,875,980,870,870,1019
Y,,930,1119,1119,930,,1119,1050,1049,,1069,1119,1119,1119,925,1080,1119,1119,1050,,1080,970,1119,1080,1069,1119,930,1080,930,1119,1050,1080,1069,930,,1080,1119,1119,,930,,1080,935,1050,930,930,1119
Y,,870,1019,1019,870,,1019,980,979,,989,1019,1019,1019,865,970,1019,1019,980,,970,900,1019,970,989,1019,870,970,870,1019,980,970,989,865,,970,1019,1019,,870,,970,875,980,870,870,1019
Y,,930,1119,1119,930,,1119,1050,1049,,1069,1119,1119,1119,925,1080,1119,1119,1050,,1080,970,1119,1080,1069,1119,930,1080,930,1119,1050,1080,1069,930,,1080,1119,1119,,930,,1080,935,1050,930,930,1119
Y,,870,1019,1019,870,,1019,980,979,,989,1019,1019,1019,865,970,1019,1019,980,,970,900,1019,970,989,1019,870,970,870,1019,980,970,989,865,,970,1019,1019,,870,,970,875,980,870,870,1019
Y,,930,1119,1119,930,,1119,1050,1049,,1069,1119,1119,1119,925,1080,1119,1119,1050,,1080,970,1119,1080,1069,1119,930,1080,930,1119,1050,1080,1069,930,,1080,1119,1119,,930,,1080,935,1050,930,930,1119
Y,,580,539,539,580,,539,460,460,,499,539,539,539,580,470,539,539,460,,470,400,539,470,459,539,580,470,580,539,460,470,459,580,,470,539,539,,580,,470,580,460,580,580,539
Y,,815,839,839,815,,839,695,695,,799,839,839,839,815,700,839,839,695,,700,650,839,700,699,839,815,700,815,839,695,700,719,815,,700,839,839,,815,,700,815,695,815,815,839
Y,,600,,,600,,,,,,,,,,600,,,,,,,,,,,,600,,600,,,,,600,,,,,,600,,,600,,600,600,
Y,,680,,,680,,,,,,,,,,680,,,,,,,,,,,,680,,680,,,,,680,,,,,,680,,,680,,680,680,
Y,,600,,,600,,,,,,,,,,600,,,,,,,,,,,,600,,600,,,,,600,,,,,,600,,,600,,600,600,
Y,,680,,,680,,,,,,,,,,680,,,,,,,,,,,,680,,680,,,,,680,,,,,,680,,,680,,680,680,
Y,,700,,,700,,,,,,,,,,700,,,,,,,,,,,,700,,700,,,,,700,,,,,,700,,,700,,700,700,
Y,,780,,,780,,,,,,,,,,780,,,,,,,,,,,,780,,780,,,,,780,,,,,,780,,,780,,780,780,
Y,,800,,,800,,,,,,,,,,800,,,,,,,,,,,,800,,800,,,,,800,,,,,,800,,,800,,800,800,
Y,,880,,,880,,,,,,,,,,880,,,,,,,,,,,,880,,880,,,,,880,,,,,,880,,,880,,880,880,
Y,,,550,539,,,560,495,475,,529,539,550,550,,480,549,549,470,,480,,549,490,489,549,,490,,559,495,475,509,,,500,559,650,,,,490,,475,,,539
Y,,,325,325,,,350,325,325,,239,325,325,350,,300,325,350,325,240,300,,325,300,,325,,300,,350,325,300,,,,300,325,400,,,,300,,325,,,325
Y,,,419,389,,,380,,,,,389,419,380,,,389,389,,,,,389,,,389,,,,389,,,,,,,389,489,,,,,,,,,389
Y,,,30,,,,,,,,,,30,,,,,,,,,,,,,,,,,,,,,,,,,,,,,,,,,,
Y,,,100,,,,100,,,,,,100,100,,100,130,,,,100,100,100,100,129,,,100,,100,,100,139,,,100,100,,,,,100,,,,,
Y,,,100,,,,100,,,,,,100,100,,100,160,,,,100,100,100,100,149,,,100,,,,100,169,,,100,100,,,,,100,,,,,
Y,,,339,319,,,320,250,250,,,319,339,320,,300,319,319,250,,300,,319,300,,319,,300,,319,250,300,,,,300,319,329,,,,300,,250,,,319
Y,,,219,189,,,195,135,135,,,189,219,185,,150,189,189,135,,150,,189,150,,189,,150,,199,135,150,,,,150,189,219,,,,150,,135,,,189
Y,,,349,329,,,330,250,250,,,329,349,330,,,329,329,250,,,,329,,,329,,,,329,250,,,,,,329,339,,,,,,250,,,329
Y,,,25,25,,,25,40,40,25,30,25,25,25,,30,25,25,40,40,30,,25,30,35,25,,30,,25,40,30,35,,,30,25,25,,,,30,,40,,,25
Y,,,609,,,,,,,,,,609,,,,,,,,,,,,,,,,,,,,,,,,,,,,,,,,,,
Y,,,30,,,,,,,,,,30,,,,,,,,,,,,,,,,,,,,,,,,,,,,,,,,,,
Y,,,40,,,,30,,,,25,,40,30,,,,30,,40,,,,,25,,,,,30,,,25,,,,,30,,,,,,,,,
Y,,,319,,,,,,,,,,319,,,300,,,,,300,,,300,,,,300,,,,300,,,,300,300,319,,,,300,,,,,
Y,,,200,,,,,,,,,,200,,,150,,,,,150,,,150,,,,170,,,,150,,,,150,175,200,,,,150,,,,,
Y,,,100,125,,,,,,,50,125,100,,,100,125,,,40,100,,125,100,50,125,,100,,,,100,50,,,100,125,,,,,100,,,,,125
Y,,,870,829,,,855,710,709,,799,829,870,855,,690,850,859,710,,690,,829,690,749,850,,690,,859,720,690,759,,,690,829,925,,,,690,,720,,,829
Y,,,200,200,,,200,150,150,,,200,200,200,,200,200,200,150,,200,,200,200,,200,,200,,200,150,200,,,,200,200,200,,,,200,,150,,,200
Y,,,100,,,,,,,,,,100,,,,,,,40,,,,,,,,,,,,,,,,,,,,,,,,,,,
Y,,,100,,,,,,,,,,100,,,100,,,,40,100,,,100,,,,100,,,,100,,,,100,,,,,,100,,,,,
Y,,,100,,,,,,,,,,100,,,,,,,75,,,,,,,,,,,,,,,,,,,,,,,,,,,
Y,,,445,495,,,,,,,,495,445,,,,495,,,,200,,495,,,495,,,,,,,509,,,200,495,,,,,470,,,,,495
Y,,,609,,,,,,,,,,609,,,,,,,,,,,,,,,,,,,,,,,,,,,,,,,,,,
Y,,,659,,,,,570,569,,,,659,,,,,,570,,,,,,,,,,,,580,,,,,,,,,,,,,580,,,
Y,,,675,679,,,639,570,569,,619,679,675,639,,,709,619,570,,,,679,,549,699,,,,619,570,,549,,,,679,700,,,,,,570,,,679
Y,,,300,300,,,300,300,300,,,300,300,300,,300,300,300,300,,300,,300,300,,300,,300,,300,300,300,,,,300,300,300,,,,300,,300,,,300
Y,,,500,500,,,500,500,500,,,500,500,500,,500,500,500,500,,500,,500,500,,500,,500,,500,500,500,,,,500,500,500,,,,500,,500,,,500
Y,,,100,100,,,100,100,100,,,100,100,100,,100,100,100,100,,100,,100,100,,100,,100,,100,100,100,,,,100,100,100,,,,100,,100,,,100
Y,,,389,389,,,380,,,,,389,389,380,,,389,389,,,,,389,,,389,,,,389,,,,,,,389,459,,,,,,,,,389
Y,,,30,,,,,25,25,,45,,30,,,,,,25,,,,,,45,,,,,,25,,45,,,,,,,,,,,25,,,
Y,,,600,600,,,600,600,600,,,600,600,600,,600,600,600,600,,600,,600,600,,600,,600,,600,600,600,,,,600,600,600,,,,600,,600,,,600
Y,,,59,59,,,50,50,50,,,59,59,50,,40,59,59,50,,40,,59,40,,59,,40,,59,50,40,,,,40,59,59,,,,40,,50,,,59
Y,,,30,,,,,,,,,,30,,,,,,,,,40,,,,,,,,,,,,,,,,,,,,,,,,,
Y,,,,549,,,555,,,,,549,,555,,,559,559,,,,,639,,,559,,,,559,,,,,,,549,,,,,,,,,,549
Y,,,,365,,,,,,,,365,,,,,365,,,,,,365,,,365,,,,,,,,,,,365,,,,,,,,,,365
Y,,,,200,,,,,,,,200,,,,,200,,,,,,200,,,200,,,,,,,,,,,200,,,,,,,,,,200
Y,,,,435,,,,,,,,435,,,,,435,,,,,,435,,,435,,,,,,,,,,,435,,,,,,,,,,435
Y,,,,225,,,,,,,,225,,,,,225,,,,,,225,,,225,,,,,,,,,,,225,,,,,,,,,,225
Y,,,,,,50,,,,,,,,,,,,,,,,,,75,,,,75,,,,,,,,,,,,,,,,75,,,
Y,,,,,,50,,,,,,,,,,,,,,,,,,75,,,,75,,,,,,,,,,,,,,,,,,,
Y,,,,,,,100,,,,,,,100,,,,,,,,,,,,,,,,100,,,,,,,,,,,,,,,,,
Y,,,,,,,1,2500,2500,,,,,1,,,5000,,2500,,,,,,2000,,,,,,2500,,2000,,,,,,,,,,,2500,,,
Y,,,,,,,100,,,,2000,,,100,,,,,,,,,,,6500,,,,,100,,,2000,,,,,,,,,,,,,,
Y,,,,,,,10,,,,10,,,10,,,,10,,,,,,,10,,,,,10,,,10,,,,,,,,,,,,,,
Y,,,,,,,100,,,,,,,100,,199,,199,,,199,,,199,,,,199,,100,,199,,,,199,,100,,,,199,,,,,
Y,,,,,,,100,,,,,,,100,,100,130,,,,100,100,,100,,,,100,,100,,100,,,,100,,,,,,100,,,,,
Y,,,,,,,100,,,,,,,100,,100,160,,,,100,100,,100,,,,100,,100,,100,,,,100,,,,,,100,,,,,
Y,,,,,,,100,,,,,,,100,,,130,,,,,,,,,,,,,100,,,,,,,,,,,,,,,,,
Y,,,,,,,100,,,,,,,100,,,160,,,,,,,,,,,,,100,,,,,,100,,,,,,,,,,,
Y,,,,,,,150,,,,,,,150,,,,150,,,,,,,,,,,,150,,,,,,,,,,,,,,,,,
Y,,,,,,,500,,,,,,,500,,,,,,,,,,,,,,,,,,,,,,,,,,,,,,,,,
Y,,,,,,,150,,,,,,,150,,,,150,,,,,,,,,,,,150,,,,,,,,,,,,,,,,,
Y,,,,,,,100,,,,,,,100,,,,,,,,,,,,,,,,100,,,,,,,,299,,,,,,,,,
Y,,,,,,,100,,,,,,100,100,,100,130,,,,100,100,100,100,,,,100,,100,,100,,,,100,100,,,,,100,,,,,
Y,,,,,,,6999,,,,,,,6999,,,,,,,,,,,,,,,,,,,,,,,,,,,,,,,,,
Y,,,,,,,345,,,,,,,345,,260,,349,,,260,,,260,,,,260,,349,,260,,,,260,,,,,,260,,,,,349
Y,,,,,,,520,,,,,,,520,,390,,529,,,390,,,390,,,,390,,529,,390,,,,390,,,,,,390,,,,,529
Y,,,,,,,570,,,,,,,570,,430,,579,,,430,,,430,,,,430,,579,,430,,,,430,,,,,,430,,,,,579
Y,,,,,,,,25,25,10,15,,,,,,,,25,,,,,,,,,,,,25,,,,,,,,,,,,,25,,,
Y,,,,,,,,25,25,30,19,,,,,,,,25,,,25,,,19,,,,,,25,,19,,,,,30,,,,,,25,,,
Y,,,,,,,,15,15,,,,,,,100,,,15,50,,25,,,50,,,,,,15,,50,,,,,,,,,,,15,,,
Y,,,,,,,,150,250,,,,,,,,,,250,410,,,,,,,,,,,250,,,,,,,,,,,,,250,,,
Y,,,,,,,,350,350,,,,,,,,,,350,675,,,,,,,,,,,350,,,,,,,,,,,,,350,,,
Y,,,,,,,,100,100,,100,,,,,100,,,100,,100,150,,100,,,,100,,,100,100,,,,100,,,,,,100,,100,,,
Y,,,,,,,,2000,,,,,,,,,,,,,,,,,,,,,,,2000,,,,,,,,,,,,,,,,
Y,,,,,,,,100,,,,,,,,,,,,,,,,,,,,,,,100,,,,,,,,,,,,,,,,
Y,,,,,,,,25,25,30,19,,,,,,,,25,,,25,,,19,,,,,,25,,19,,,,,30,,,,,,25,,,
Y,,,,,,,,25,25,30,19,,,,,,,,25,,,25,,,19,,,,,,25,,19,,,,,30,,,,,,25,,,
Y,,,,,,,,,,,49,,,,,,,,,,,,,,49,,,,,,,,49,,,,,,,,,,,,,,
Y,,,,,,,,,,,150,,,,,175,,,,,175,,,190,175,,,175,,,,175,175,,,175,,,,,,175,,,,,
Y,,,,,,,,,,,25,,,,,,,,,,,,,,25,,,,,,,,25,,,,,,,,,,,,,,
Y,,,,,,,,,,,49,,,,,,,,,,,,,,,,,,,,,,,,,,,,,,,,,,,,
Y,,,,,,,,,,,519,,,,,530,,,,,530,,,530,519,,,530,,,,530,519,,,530,,,,,,530,,,,,
Y,,,,,,,,,,,139,,,,,,,,,,,,,,,,,,,,,,,,,,,,,,,,,,,,
Y,,,,,,,,,,,149,,,,,,,,,,,,,,,,,,,,,,,,,,,,,,,,,,,,
Y,,,,,,,,,,,159,,,,,,,,,,,,,,,,,,,,,,,,,,,,,,,,,,,,
Y,,,,,,,,,,,169,,,,,,,,,,,,,,,,,,,,,,,,,,,,,,,,,,,,
Y,,,,,,,,,,,989,,,,,1010,,,,,1010,,,1010,909,,,1010,,,,1010,909,,,1010,,,,,,1010,,,,,
Y,,,,,,,,,,,929,,,,,910,,,,,910,,,900,869,,,900,,,,900,869,,,900,,,,,,900,,,,,
Y,,,,,,,,,,,699,,,,,,,,,,,450,,,699,,,,,,,,699,,,,,,,,,,,,,,
Y,,,,,,,,,,,49,,,,,50,,,,,50,,,50,49,,,50,,,,50,49,,,50,,,,,,50,,,,,
Y,,,,,,,,,,,100,,,,,,,,,25,,100,,,100,,,,,,,,100,,,,,,,,,,,,,,
Y,,,,,,,,,,,45,,,,,,,,,,,,,,45,,,,,,,,45,,,,,,,,,,,,,,
Y,,,,,,,,,,,279,,,,,,,,,,,,,,,,,,,,,,,,,,,,,,,,,,,,
Y,,,,,,,,,,,229,,,,,,,,,,,,,,,,,,,,,,,,,,,,,,,,,,,,
Y,,,,,,,,,,,199,,,,,,,,,,,,,,,,,,,,,,,,,,,,,,,,,,,,
Y,,,,,,,,,,,449,,,,,,,,,,,,,,449,,,,,,,,449,,,,,,,,,,,,,,
Y,,,,,,,,,,,249,,,,,,,,,,,,,,249,,,,,,,,249,,,,,,,,,,,,,,
Y,,,,,,,,,,,,100,,,,,100,,,,,,100,,,,,,,,,,,,,,100,,,,,,,,,,
Y,,,,,,,,,,,,600,,,,,600,,,,,,600,,,600,,,,,,,,,,,600,,,,,,,,,,600
Y,,,,,,,,,,,,,,,,50,,,,,,25,,,,,,,,,,,,,,,,,,,,,,,,,
Y,,,,,,,,,,,,,,,,100,,,,,,,,100,,,,100,,,,100,,,,,,100,,,,100,,,,,
Y,,,,,,,,,,,,,,,,519,,,,,519,,,519,,,,519,,,,519,,,,519,,,,,,519,,,,,
Y,,,,,,,,,,,,,,,,100,100,,,,,,100,100,,,,100,,,,100,,,,100,100,,,,,100,,,,,
Y,,,,,,,,,,,,,,,,379,,,,,379,,,379,,,,379,,,,379,,,,379,,,,,,379,,,,,
Y,,,,,,,,,,,,,,,,999,,,,,999,,,999,,,,999,,,,999,,,,999,,,,,,999,,,,,
Y,,,,,,,,,,,,,,,,100,,,,,,,,100,,,,100,,,,100,,,,100,,,,,,100,,,,,
Y,,,,,,,,,,,,,,,,100,,100,,,,,,100,,,,100,,,,100,,,,,,100,,,,100,,,,,
Y,,,,,,,,,,,,,,,,460,,,,,460,,,460,,,,460,,,,460,,,,460,,,,,,460,,,,,
Y,,,,,,,,,,,,,,,,200,,,,,200,,,200,,,,200,,,,200,,,,200,,,,,,200,,,,,
Y,,,,,,,,,,,,,,,,100,130,,,,100,100,,100,,,,100,,,,100,,,,100,,,,,,100,,,,,
Y,,,,,,,,,,,,,,,,100,130,,,,100,100,,100,,,,100,,,,100,,,,100,,,,,,100,,,,,
Y,,,,,,,,,,,,,,,,100,160,,,,100,100,,100,,,,100,,,,100,,,,100,,,,,,100,,,,,
Y,,,,,,,,,,,,,,,,100,,,,,100,,,100,,,,100,,,,100,,,,100,,,,,,100,,,,,
Y,,,,,,,,,,,,,,,,100,100,,,,,,,100,,,,100,,,,100,,,,100,,,,,,100,,,,,
Y,,,,,,,,,,,,,,,,100,130,,,,100,100,,100,,,,100,,,,100,,,,100,,,,,,100,,,,,
Y,,,,,,,,,,,,,,,,100,160,,,,100,100,,100,,,,100,,,,100,,,,100,,,,,,100,,,,,
Y,,,,,,,,,,,,,,,,100,,,,,,,,100,,,,100,,,,100,,,,,,,,,,100,,,,,
Y,,,,,,,,,,,,,,,,100,,,,,,,,100,,,,100,,,,100,,,,,,,,,,100,,,,,
Y,,,,,,,,,,,,,,,,100,,,,,,,,100,,,,100,,,,100,,,,,,,,,,100,,,,,
Y,,,,,,,,,,,,,,,,100,130,,,,100,100,,100,,,,100,,,,100,,,,100,,,,,,100,,,,,
Y,,,,,,,,,,,,,,,,100,160,,,,100,100,,100,,,,100,,,,100,,,,100,,,,,,100,,,,,
Y,,,,,,,,,,,,,,,,500,,,,,500,,,500,,,,500,,,,500,,,,500,,,,,,500,,,,,
Y,,,,,,,,,,,,,,,,995,,,,534,995,,,995,,,,995,,,,995,,,,995,,,,,,995,,,,,
Y,,,,,,,,,,,,,,,,340,,,,,340,,,340,,,,340,,,,340,,,,340,,,,,,340,,,,,
Y,,,,,,,,,,,,,,,,400,,,,,400,,,400,,,,400,,,,400,,,,400,,,,,,400,,,,,
Y,,,,,,,,,,,,,,,,30,,,,,30,,,30,,,,30,,,,30,,,,30,,,,,,30,,,,,
Y,,,,,,,,,,,,,,,,340,,,,,340,,,340,,,,340,,,,340,,,,340,,,,,,340,,,,,
Y,,,,,,,,,,,,,,,,395,,,,,395,,,395,,,,395,,,,395,,,,395,,,,,,395,,,,,
Y,,,,,,,,,,,,,,,,435,,,,,435,,,435,,,,435,,,,435,,,,435,,,,,,435,,,,,
Y,,,,,,,,,,,,,,,,279,,,,,279,,,279,,,,279,,,,279,269,,,279,,,,,,279,,,,,
Y,,,,,,,,,,,,,,,,180,,,,,180,,,180,,,,180,,,,180,189,,,180,,,,,,180,,,,,
Y,,,,,,,,,,,,,,,,199,,,,,199,,,199,,,,199,,,,199,199,,,199,,,,,,199,,,,,
Y,,,,,,,,,,,,,,,,199,,,,,199,,,199,,,,199,,,,199,199,,,199,,,,,,199,,,,,
Y,,,,,,,,,,,,,,,,169,,,,,169,,,169,,,,169,,,,169,189,,,169,,,,,,169,,,,,
Y,,,,,,,,,,,,,,,,299,,,,,299,,,299,,,,299,,,,299,269,,,299,,,,,,299,,,,,
Y,,,,,,,,,,,,,,,,30,,,,,,,,30,,,,30,,,,30,,,,,,,,,,30,,,,,
Y,,,,,,,,,,,,,,,,100,,,,,,,,100,,,,100,,,,100,,,,,,,,,,100,,,,,
Y,,,,,,,,,,,,,,,,100,,,,,,,,100,,,,100,,,,100,,,,,,,,,,100,,,,,
Y,,,,,,,,,,,,,,,,249,,,,,249,,,249,,,,249,,,,249,,,,249,,,,,,249,,,,,
Y,,,,,,,,,,,,,,,,369,,,,,369,,,369,,,,369,,,,369,,,,369,,,,,,369,,,,,
Y,,,,,,,,,,,,,,,,439,,,,,439,,,439,,,,439,,,,439,,,,439,,,,,,439,,,,,
Y,,,,,,,,,,,,,,,,150,,,,,150,,,150,,,,150,,,,150,,,,150,,,,,,150,,,,,
Y,,,,,,,,,,,,,,,,500,,,,,500,,,500,,,,500,,,,500,,,,500,,,,,,500,,,,,
Y,,,,,,,,,,,,,,,,200,,,,,200,,,200,,,,200,,,,200,,,,200,,,,,,200,,,,,
Y,,,,,,,,,,,,,,,,260,,,,,260,,,260,,,,260,,,,260,,,,260,,,,,,260,,,,,
Y,,,,,,,,,,,,,,,,210,,,,,210,,,210,,,,210,,,,210,,,,210,,,,,,210,,,,,
Y,,,,,,,,,,,,,,,,100,160,,,,100,100,,100,,,,100,,,,100,,,,100,,,,,,100,,,,,
Y,,,,,,,,,,,,,,,,249,,,,,249,,,249,,,,249,,,,249,,,,249,,,,,,249,,,,,
Y,,,,,,,,,,,,,,,,369,,,,,369,,,369,,,,369,,,,369,,,,369,,,,,,369,,,,,
Y,,,,,,,,,,,,,,,,439,,,,,439,,,439,,,,439,,,,439,,,,439,,,,,,439,,,,,
Y,,,,,,,,,,,,,,,,275,,,,,,,,275,,,,275,,,,275,,,,,,,,,,275,,,,,
Y,,,,,,,,,,,,,,,,230,,,,,230,,,230,,,,230,,,,230,,,,230,,,,,,230,,,,,
Y,,,,,,,,,,,,,,,,270,,,,,250,,,250,,,,270,,,,250,,,,250,,,,,,250,,,,,
Y,,,,,,,,,,,,,,,,170,,,,,,,,170,,,,170,,,,170,,,,240,,,,,,170,,,,,
Y,,,,,,,,,,,,,,,,150,,,,,150,,,150,,,,150,,,,150,,,,150,,,,,,150,,,,,
Y,,,,,,,,,,,,,,,,200,,,,,200,,,200,,,,200,,,,200,200,,,200,,,,,,200,,,,,
Y,,,,,,,,,,,,,,,,340,,,,,340,,,340,,,,340,,,,340,319,,,340,,,,,,340,,,,,
Y,,,,,,,,,,,,,,,,400,,,,,400,,,400,,,,400,,,,400,369,,,400,,,,,,400,,,,,
Y,,,,,,,,,,,,,,,,100,,,,,,,,100,,,,100,,,,100,,,,,,,,,,100,,,,,
Y,,,,,,,,,,,,,,,,500,,,,,,,,500,,,,500,,,,,,,,,,,,,,500,,,,,
Y,,,,,,,,,,,,,,,,599,,,,415,599,,,599,,,,599,,,,599,,,,599,,,,,,599,,,,,
Y,,,,,,,,,,,,,,,,1095,,,,594,1084,,,1084,,,,1084,,,,1084,,,,1084,,,,,,1084,,,,,
Y,,,,,,,,,,,,,,,,220,,,,,220,,,220,,,,220,,,,220,,,,220,,,,,,220,,,,,
Y,,,,,,,,,,,,,,,,,100,,,,,,,,,,,,,,,,,,,100,,,,,,,,,,,
Y,,,,,,,,,,,,,,,,,100,,,,,,,,,,,,,,,,,,,100,,,,,,,,,,,
Y,,,,,,,,,,,,,,,,,100,,,,,,,,,,,,,,,,,,,100,,,,,,,,,,,
Y,,,,,,,,,,,,,,,,,100,,,,,,,,,,,,,,,,,,,,,,,,,,,,,,
Y,,,,,,,,,,,,,,,,,100,,,,,,,,,,,,,,,,,,,100,,,,,,,,,,,
Y,,,,,,,,,,,,,,,,,100,,,,,,,,139,,,,,,,,139,,,,,150,,,,,,,,,
Y,,,,,,,,,,,,,,,,,130,,,,,,,,139,,,,,,,,139,,,,,,,,,,,,,,
Y,,,,,,,,,,,,,,,,,160,,,,,,,,139,,,,,,,,139,,,,,,,,,,,,,,
Y,,,,,,,,,,,,,,,,,,100,,,,,,,,,,,,,,,,,,,,179,,,,,,,,,
Y,,,,,,,,,,,,,,,,,,100,,,,,,,,,,,,,,,,,,,,159,,,,,,,,,
Y,,,,,,,,,,,,,,,,,,150,,,,,,,,,,,,,,,,,,,,155,,,,,,,,,
Y,,,,,,,,,,,,,,,,,,,,35,30,,,,,,,,,,,,,,,30,,,,,,,,,,,
Y,,,,,,,,,,,,,,,,,,,,500,439,535,,,390,,,,,,,,390,,,439,,,,,,,,,,,
Y,,,,,,,,,,,,,,,,,,,,874,605,,,,569,,,,,,,,539,,,605,,,,,,,,,,,
Y,,,,,,,,,,,,,,,,,,,,125,,,,,,,,,,,,,,,,,,,,,,,,,,,
Y,,,,,,,,,,,,,,,,,,,,839,535,,,,539,,,,,,,,500,,,535,,,,,,,,,,,
Y,,,,,,,,,,,,,,,,,,,,,319,,,,,,,,,,,,,,,319,,,,,,,,,,,
Y,,,,,,,,,,,,,,,,,,,,,300,,500,,,,,,,,,,,,,300,300,,,,,,,,,,
Y,,,,,,,,,,,,,,,,,,,,,200,,,,,,,,,,,,,,,200,,,,,,,,,,,
Y,,,,,,,,,,,,,,,,,,,,,300,,300,,,,,,,,,,,,,300,300,,,,,,,,,,
Y,,,,,,,,,,,,,,,,,,,,,350,,,,,,,,,,,,,,,350,,,,,,,,,,,
Y,,,,,,,,,,,,,,,,,,,,,160,,,,,,,,,,,,,,,,,,,,,,,,,,
Y,,,,,,,,,,,,,,,,,,,,,189,,,,,,,,,,,,,,,,,,,,,,,,,,
Y,,,,,,,,,,,,,,,,,,,,,925,,,,,,,,,,,,,,,925,,,,,,,,,,,
Y,,,,,,,,,,,,,,,,,,,,,524,,,,,,,,,,,,,,,524,,,,,,,,,,,
Y,,,,,,,,,,,,,,,,,,,,,50,,,,,,,,,,,,,,,,,,,,,,,,,,
Y,,,,,,,,,,,,,,,,,,,,,,25,,,30,,,,,,,,30,,,,,30,,,,,,,,,
Y,,,,,,,,,,,,,,,,,,,,,,25,,,,,,,,,,,,,,,,,,,,,,,,,
Y,,,,,,,,,,,,,,,,,,,,,,2100,,,,,,,,,,,,,,,,,,,,,,,,,
Y,,,,,,,,,,,,,,,,,,,,,,100,,,,,,,,,,,,,,,,,,,,,,,,,
Y,,,,,,,,,,,,,,,,,,,,,,25,,,,,,,,,,,,,,,,,,,,,,,,,
Y,,,,,,,,,,,,,,,,,,,,,,30,,,,,,,,,,,,,,,,,,,,,,,,,
Y,,,,,,,,,,,,,,,,,,,,,,,300,,,,,,,,,,,,,,300,,,,,,,,,,
Y,,,,,,,,,,,,,,,,,,,,,,,,100,,,,,,,,,,,,,,,,,,,,,,,
Y,,,,,,,,,,,,,,,,,,,,,,,,,50,,,,,,,,50,,,,,,,,,,,,,,
Y,,,,,,,,,,,,,,,,,,,,,,,,,390,,,,,,,,390,,,,,,,,,,,,,,
Y,,,,,,,,,,,,,,,,,,,,,,,,,589,,,,,,,,550,,,,,,,,,,,,,,
Y,,,,,,,,,,,,,,,,,,,,,,,,,619,,,,,,,,580,,,,,,,,,,,,,,
Y,,,,,,,,,,,,,,,,,,,,,,,,,10,,,,,,,,10,,,,,,,,,,,,,,
Y,,,,,,,,,,,,,,,,,,,,,,,,,,,,,270,,,,,,,,,,,,,,,,,,
Y,,,,,,,,,,,,,,,,,,,,,,,,,,,,,270,,,,,,,,,,,,,,,,,,
Y,,,,,,,,,,,,,,,,,,,,,,,,,,,,,270,,,,,,,,,,,,,,,,,,
Y,,,,,,,,,,,,,,,,,,,,,,,,,,,,,,348,,,,,,,,,,,,,,,,,
Y,,,,,,,,,,,,,,,,,,,,,,,,,,,,,,,,,79,,,,,,,,,,,,,,
Y,,,,,,,,,,,,,,,,,,,,,,,,,,,,,,,,,260,,,,,,,,,,,,,,
Y,,,,,,,,,,,,,,,,,,,,,,,,,,,,,,,,,260,,,,,,,,,,,,,,
Y,,,,,,,,,,,,,,,,,,,,,,,,,,,,,,,,,260,,,,,,,,,,,,,,
Y,,,,,,,,,,,,,,,,,,,,,,,,,,,,,,,,,260,,,,,,,,,,,,,,
Y,,,,,,,,,,,,,,,,,,,,,,,,,,,,,,,,,,,,100,,,,,,,,,,,
Y,,,,,,,,,,,,,,,,,,,,,,,,,,,,,,,,,,,,,,30,,,,,,,,,
Y,,,,,,,,,,,,,,,,,,,,,,,,,,,,,,,,,,,,,,159,,,,,,,,,
Y,,,,,,,,,,,,,,,,,,,,,,,,,,,,,,,,,,,,,,300,,,,,,,,,
Y,,,,,,,,,,,,,,,,,,,,,,,,,,,,,,,,,,,,,,289,,,,,,,,,
Y,,,,,,,,,,,,,,,,,,,,,,,,,,,,,,,,,,,,,,100,,,,,,,,,
Y,,,,,,,,,,,,,,,,,,,,,,,,,,,,,,,,,,,,,,129,,,,,,,,,
Y,,,,,,,,,,,,,,,,,,,,,,,,,,,,,,,,,,,,,,,,,,,100,,,,
Y,,,,,,,,,,,,,,,,,,,,,,,,,,,,,,,,,,,,,,,,,,,169,,,,
