any,223,280,313,886,1394,2095,2363,2894,3428,3789,4208,5791,5862,7736,10262,10942,11119,11321,12100,12576,14150,15359,16687,22314,23437,29089,29213,29631,29778,31268
Y,239,239,289,239,279,249,279,289,289,279,289,279,239,239,249,279,279,289,279,289,269,279,,279,279,269,269,279,239,279
Y,329,329,349,329,349,319,,369,,329,,,299,,319,,329,,,349,349,,,359,339,349,349,329,329,349
Y,259,259,299,259,289,259,289,299,299,289,299,289,259,269,259,289,289,299,289,299,279,289,,289,289,279,279,289,259,289
Y,389,389,389,389,389,379,389,399,389,389,399,399,369,379,379,389,389,389,389,369,399,389,,379,389,399,389,389,389,369
Y,599,599,589,599,589,529,689,589,699,589,699,679,499,499,529,689,589,679,689,599,529,689,,589,589,529,599,599,599,579
Y,629,629,629,629,649,589,699,659,719,629,729,719,539,579,589,719,629,689,699,629,529,729,,629,649,529,629,629,629,659
Y,119,119,149,119,149,149,139,149,149,139,149,149,100,100,149,149,139,149,159,149,169,149,,149,139,169,139,149,119,139
Y,269,269,289,269,299,249,299,259,319,299,319,299,289,199,249,279,279,269,279,239,169,319,,279,279,179,299,289,269,249
Y,449,449,579,449,579,479,599,569,599,579,599,609,399,489,479,589,579,599,589,549,469,599,,559,589,469,589,579,449,579
Y,539,539,669,539,699,549,679,669,679,699,699,689,499,559,549,699,699,699,699,599,529,679,,629,689,529,669,669,539,669
Y,269,269,279,269,289,249,319,289,339,299,339,319,219,229,249,299,269,299,319,239,259,339,,269,279,269,289,289,269,259
Y,199,199,219,199,229,189,219,229,219,229,219,214,249,119,189,219,219,219,219,219,179,219,,219,229,179,219,219,199,229
Y,249,249,269,249,259,239,299,269,299,269,299,299,219,239,239,299,269,299,299,239,259,299,,269,269,259,279,259,249,249
Y,479,479,549,479,529,469,599,529,609,529,609,599,479,459,469,599,519,599,609,499,439,609,,539,559,449,559,519,479,529
Y,100,100,149,100,149,149,149,149,149,149,149,149,139,139,149,149,149,149,149,149,149,149,,149,149,149,149,149,100,149
Y,349,349,429,349,439,379,449,429,449,439,429,449,349,299,379,449,429,449,449,439,399,469,,429,439,399,429,419,349,429
Y,600,600,829,600,869,749,859,889,899,849,889,899,600,600,749,879,869,869,899,899,769,899,,879,869,769,869,829,600,879
Y,289,289,279,289,279,269,299,289,299,279,309,309,239,269,269,309,279,299,309,299,289,309,,279,279,289,269,269,289,289
Y,279,279,219,279,229,219,249,239,269,259,249,239,269,119,219,239,219,259,249,229,199,269,,239,239,199,239,249,279,259
Y,169,169,139,169,139,159,219,139,219,139,219,219,159,149,159,219,139,219,219,139,129,219,,139,139,129,139,139,169,139
Y,269,269,269,269,269,249,339,269,329,269,329,349,239,249,249,339,269,339,339,249,289,339,,269,269,289,269,269,269,259
Y,139,139,139,139,100,139,100,99,100,100,100,100,139,100,139,100,100,100,100,99,129,100,,100,100,129,100,100,139,99
Y,139,139,149,139,149,149,149,149,149,149,149,149,139,139,149,149,149,149,149,149,149,149,,149,149,149,149,149,139,149
Y,119,119,149,119,149,149,139,149,149,139,149,149,100,100,149,149,139,149,159,149,169,149,,149,139,169,139,149,119,139
Y,449,449,539,449,549,459,489,499,499,529,519,519,479,449,459,489,549,489,519,519,429,499,,539,539,429,539,519,449,519
Y,499,499,499,499,549,469,619,549,619,519,619,609,519,499,469,609,519,629,609,539,439,629,,519,519,449,519,549,499,559
Y,489,489,519,489,519,499,589,519,589,519,589,579,499,469,499,579,519,569,579,519,469,579,,499,519,469,499,519,489,519
Y,999,999,1079,999,1079,979,1139,1039,1139,1069,1149,1119,989,979,979,1139,1099,1139,1139,1059,909,1149,,1089,1079,909,1079,1079,999,1049
Y,949,949,1019,949,1029,939,1089,999,1089,1029,1109,1069,919,889,939,1079,1059,1079,1079,1019,849,1089,,1019,1029,849,1019,1029,949,999
Y,639,639,689,639,689,619,749,669,749,689,759,729,629,619,619,749,719,749,749,679,539,759,,689,689,539,689,689,639,669
Y,39,39,39,39,39,39,49,39,49,39,49,49,40,39,39,49,39,49,49,39,30,49,,39,39,30,39,39,39,39
Y,579,579,599,579,669,549,739,629,739,659,739,759,589,569,549,759,669,739,739,619,499,739,,599,619,519,649,649,579,629
Y,919,919,1059,919,1059,929,1079,1019,1079,1039,1079,1079,879,879,929,1079,1049,1079,1079,1029,859,1079,,1069,1059,859,1059,1059,919,1009
Y,869,869,999,869,1009,889,1029,979,1029,999,1039,1029,809,789,889,1019,999,1019,1019,989,799,1019,,999,999,799,999,1009,869,969
Y,549,549,669,549,669,559,679,649,699,669,699,699,499,499,559,699,659,679,679,659,489,679,,669,669,479,669,669,549,649
Y,2299,2299,,2299,,,,,,,,,,,,,,,,,,,,,,,,,2299,
Y,59,59,89,59,89,89,89,89,99,89,99,99,59,50,89,99,89,99,99,89,79,89,,89,89,79,89,89,59,89
Y,2999,2999,,2999,,,,,,,,,3099,,,,,,,,,,,,,,,,2999,
Y,389,389,409,389,409,399,,419,,419,,,509,359,399,,419,,,429,339,,,409,419,339,399,399,389,419
Y,2299,2299,,2299,,,,,,,,,2899,2000,,,,,,,,,,,,,,,2299,
Y,2299,2299,,2299,,,,,,,,,2699,,,,,,,,,,,,,,,,2299,
Y,3699,3699,,3699,,,,,,,,,,,,,,,,,,,,,,,,,3699,
Y,339,339,279,339,279,239,279,279,279,279,279,279,339,329,239,279,279,279,279,279,219,279,,279,279,219,279,279,339,279
Y,439,439,389,439,389,379,489,389,489,389,489,489,389,369,379,489,389,489,489,389,319,489,,389,389,319,389,389,439,389
Y,499,499,429,499,429,449,529,429,529,429,529,539,439,419,449,529,429,529,529,429,389,529,,429,429,389,429,429,499,429
Y,75,75,,75,,,,,,,,,,,,,,,,,,,,,,,,,75,
Y,139,139,149,139,149,149,149,149,149,149,149,149,139,139,149,149,149,149,149,149,149,149,,149,149,149,149,149,139,149
Y,729,729,739,729,729,689,789,769,819,739,839,839,669,699,689,839,719,799,799,769,719,779,,789,729,719,779,759,729,779
Y,749,749,708,749,708,759,779,729,779,708,789,789,669,749,759,789,708,779,789,729,759,779,,729,708,759,759,699,749,729
Y,699,699,739,699,739,679,809,699,799,739,809,809,659,669,679,799,739,809,799,719,719,799,,759,739,719,749,749,699,729
Y,119,129,179,129,169,169,159,169,179,169,169,169,129,129,169,169,169,169,179,179,199,169,,169,169,199,169,179,129,169
Y,169,169,139,169,139,159,219,139,219,139,219,219,159,149,159,219,139,219,219,139,129,219,,139,139,129,139,139,169,139
Y,269,269,299,269,299,279,359,299,359,299,349,359,299,289,279,359,299,359,359,299,299,359,,299,299,299,299,299,269,299
Y,319,319,339,319,319,319,399,299,419,339,419,419,329,319,319,399,319,399,399,299,339,419,,399,339,339,319,399,319,379
Y,319,319,339,319,319,319,399,299,419,339,419,419,329,319,319,399,319,399,399,299,339,419,,399,339,339,319,399,319,379
Y,339,339,279,339,279,239,279,279,279,279,279,279,339,329,239,279,279,279,279,279,219,279,,279,279,219,279,279,339,279
Y,259,259,249,259,279,259,339,269,339,269,299,319,199,229,259,299,279,319,339,299,259,289,,279,279,239,269,319,259,289
Y,959,959,1069,959,1069,959,1119,1039,1119,1059,1119,1099,959,949,959,1119,1059,1119,1119,1049,909,1119,,1089,1069,909,1069,1069,959,1019
Y,909,909,1009,909,1029,919,1069,999,1069,1019,1079,1049,889,869,919,1059,1019,1059,1059,1009,849,1059,,1019,1019,849,1019,1029,909,979
Y,599,599,689,599,689,619,749,669,749,689,759,729,599,619,619,749,699,749,749,679,539,759,,689,689,539,689,689,599,669
Y,439,439,389,439,389,379,489,389,489,389,489,489,389,369,379,489,389,489,489,389,319,489,,389,389,319,389,389,439,389
Y,879,879,999,879,989,899,1049,979,1059,989,1049,1049,869,869,899,1049,999,1049,1049,989,849,1049,,1009,999,849,999,999,879,979
Y,829,829,939,829,949,859,999,939,1009,949,999,999,799,779,859,999,949,989,999,949,799,999,,959,949,789,959,949,829,939
Y,499,499,599,499,599,539,659,599,659,599,659,659,489,499,539,649,599,649,659,599,479,659,,599,599,479,599,599,499,599
Y,499,499,429,499,429,449,529,429,529,429,529,539,439,419,449,529,429,529,529,429,389,529,,429,429,389,429,429,499,429
Y,339,339,279,339,279,239,279,279,279,279,279,279,339,329,239,279,279,279,279,279,219,279,,279,279,219,279,279,339,279
Y,439,439,389,439,389,379,489,389,489,389,489,489,389,369,379,489,389,489,489,389,319,489,,389,389,319,389,389,439,389
Y,499,499,429,499,429,449,529,429,529,429,529,539,439,419,449,529,429,529,529,429,389,529,,429,429,389,429,429,499,429
Y,119,129,179,129,169,169,159,169,179,169,169,169,129,129,169,169,169,169,179,179,199,169,,169,169,199,169,179,129,169
Y,139,139,139,139,139,139,100,139,100,139,100,100,139,139,139,100,139,100,100,139,129,100,,139,139,129,139,139,139,139
Y,100,100,149,100,149,149,149,149,149,149,149,149,139,139,149,149,149,149,149,149,149,149,,149,149,149,149,149,100,149
Y,139,139,149,139,149,149,149,149,149,149,149,149,139,139,149,149,149,149,149,149,149,149,,149,149,149,149,149,139,149
Y,139,139,149,139,149,149,149,149,149,149,149,149,139,139,149,149,149,149,149,149,149,149,,149,149,149,149,149,139,149
Y,259,259,,259,,,,,,,,,,,,,,,,,,,,,,,,,259,
Y,259,259,,259,,,,,,,,,,,,,,,,,,,,,,,,,259,
Y,139,139,199,139,189,189,179,199,199,189,189,189,149,149,189,199,189,189,199,199,229,189,,189,189,219,189,199,149,189
Y,139,139,199,139,189,189,179,199,199,189,189,189,149,149,189,199,189,189,199,199,229,189,,189,189,219,189,199,149,189
Y,129,129,,129,,,,,,,,,,,,,,,,,,,,,,,,,129,
Y,199,199,339,199,319,299,389,299,389,319,389,389,279,,299,389,319,389,389,299,339,379,,339,339,319,319,349,199,379
Y,259,259,329,259,299,329,329,299,329,299,329,329,299,240,329,329,299,329,349,299,289,329,,299,299,289,299,299,259,299
Y,139,139,139,139,139,139,100,139,100,139,100,100,139,139,139,100,139,100,100,139,129,100,,139,139,129,139,139,139,139
Y,100,100,149,100,149,149,149,149,149,149,149,149,139,139,149,149,149,149,149,149,149,149,,149,149,149,149,149,100,149
Y,139,139,149,139,149,149,149,149,149,149,149,149,139,139,149,149,149,149,149,149,149,149,,149,149,149,149,149,139,149
Y,139,139,149,139,149,149,149,149,149,149,149,149,139,139,149,149,149,149,149,149,149,149,,149,149,149,149,149,139,149
Y,29,29,59,29,59,59,49,59,49,59,49,49,35,39,59,49,59,49,49,59,39,49,,59,59,39,59,59,29,59
Y,119,119,,119,,,,,,,,,,,,,,,,,,,,,,,,,119,
Y,379,379,359,379,359,359,369,379,379,359,389,389,359,359,359,369,379,369,379,359,389,379,,369,369,389,359,379,379,359
Y,499,499,489,499,479,459,559,499,559,479,549,549,459,429,459,529,479,549,549,499,449,539,,499,519,449,489,519,499,489
Y,139,139,139,139,139,139,100,139,100,139,100,100,139,139,139,100,139,100,100,139,129,100,,139,139,129,139,139,139,139
Y,100,100,149,100,149,149,149,149,149,149,149,149,139,139,149,149,149,149,149,149,149,149,,149,149,149,149,149,100,149
Y,139,139,149,139,149,149,149,149,149,149,149,149,139,139,149,149,149,149,149,149,149,149,,149,149,149,149,149,139,149
Y,139,139,149,139,149,149,149,149,149,149,149,149,139,139,149,149,149,149,149,149,149,149,,149,149,149,149,149,139,149
Y,829,829,,829,,699,849,,849,,849,,,,699,849,,849,849,,,849,,,,,,,829,
Y,719,719,,719,,485,694,,694,,694,,,,485,694,,694,694,,,694,,,,,,,719,
Y,139,139,139,139,139,139,100,139,100,139,100,100,139,139,139,100,139,100,100,139,129,100,,139,139,129,139,139,139,139
Y,100,100,149,100,149,149,149,149,149,149,149,149,139,139,149,149,149,149,149,149,149,149,,149,149,149,149,149,100,149
Y,139,139,149,139,149,149,149,149,149,149,149,149,139,139,149,149,149,149,149,149,149,149,,149,149,149,149,149,139,149
Y,139,139,149,139,149,149,149,149,149,149,149,149,139,139,149,149,149,149,149,149,149,149,,149,149,149,149,149,139,149
Y,39,39,40,39,40,,40,40,40,40,40,40,40,,,40,40,40,40,40,30,40,,40,40,30,40,40,39,40
Y,39,39,40,39,40,,40,40,40,40,40,40,40,,,40,40,40,40,,30,40,,40,40,30,40,40,39,30
Y,199,199,189,199,179,189,199,189,199,179,199,199,229,169,189,219,179,199,199,189,179,199,,179,199,179,179,199,199,189
Y,139,139,139,139,139,139,100,139,100,139,100,100,139,139,139,100,139,100,100,139,129,100,,139,139,129,139,139,139,139
Y,100,100,149,100,149,149,149,149,149,149,149,149,139,139,149,149,149,149,149,149,149,149,,149,149,149,149,149,100,149
Y,139,139,149,139,149,149,149,149,149,149,149,149,139,139,149,149,149,149,149,149,149,149,,149,149,149,149,149,139,149
Y,139,139,149,139,149,149,149,149,149,149,149,149,139,139,149,149,149,149,149,149,149,149,,149,149,149,149,149,139,149
Y,579,579,559,579,529,479,489,499,529,579,549,579,519,529,479,549,529,529,519,549,529,529,,579,549,529,589,529,579,519
Y,68,68,60,68,60,68,68,68,68,60,68,68,,60,68,68,60,68,68,68,68,68,,60,60,68,60,60,68,68
Y,29,29,,29,,,,,,,,,,,,,,,,,30,,,,,30,,,29,
Y,25,25,,25,,,,,,,,,40,20,,,,,,,50,,,,,50,,,25,
Y,19,19,30,19,30,,,30,,30,,,20,25,15,,30,,,30,30,,,30,30,30,30,30,19,30
Y,35,35,40,35,40,80,50,,50,40,50,50,50,,80,50,40,50,50,,50,50,,40,40,50,40,40,35,
Y,100,100,,100,,,,,,,,,,,,,,,,,50,,,,,50,,,100,
Y,139,139,,139,,,31,,31,,31,31,,,,31,,31,31,,50,31,,,,50,,,139,
Y,139,139,,139,,50,42,,42,,42,42,139,,50,42,,42,42,,50,42,,,,50,,,139,
Y,469,469,499,469,479,,479,459,489,499,499,,489,459,,519,479,449,479,499,519,489,,499,489,519,439,489,469,479
Y,59,59,50,59,50,40,60,50,60,50,60,60,40,50,40,60,50,60,60,50,15,60,,50,50,15,50,50,59,50
Y,2399,2399,,2399,,,,,,,,,,,,,,,,,,,,,,,,,2399,
Y,489,489,599,489,599,335,519,599,519,599,519,379,549,285,335,519,599,519,519,589,349,519,,599,599,349,599,599,489,599
Y,679,679,699,679,699,485,619,689,619,699,619,499,699,679,485,619,699,619,619,689,579,619,,699,699,579,689,689,679,699
Y,289,289,189,289,189,189,189,189,189,189,189,189,219,239,189,189,189,189,189,189,189,189,,189,189,189,189,189,289,189
Y,359,359,189,359,189,189,189,189,189,189,189,189,239,259,189,189,189,189,189,189,189,189,,189,189,189,189,189,359,189
Y,289,289,189,289,189,189,189,189,189,189,189,189,219,239,189,189,189,189,189,189,189,189,,189,189,189,189,189,289,189
Y,359,359,189,359,189,189,189,189,189,189,189,189,239,259,189,189,189,189,189,189,189,189,,189,189,189,189,189,359,189
Y,75,75,,75,,,,,,,,,,,,,,,,,,,,,,,,,75,
Y,139,139,139,139,139,139,100,139,100,139,100,100,139,139,139,100,139,100,100,139,129,100,,139,139,129,139,139,139,139
Y,100,100,149,100,149,149,149,149,149,149,149,149,139,139,149,149,149,149,149,149,149,149,,149,149,149,149,149,100,149
Y,139,139,149,139,149,149,149,149,149,149,149,149,139,139,149,149,149,149,149,149,149,149,,149,149,149,149,149,139,149
Y,139,139,149,139,149,149,149,149,149,149,149,149,139,139,149,149,149,149,149,149,149,149,,149,149,149,149,149,139,149
Y,129,129,289,129,279,219,200,279,200,279,200,200,339,169,219,200,279,200,200,289,200,200,,279,279,200,289,289,129,279
Y,199,199,329,199,319,259,409,329,409,319,409,409,389,219,259,409,319,409,409,329,229,409,,319,319,219,329,329,199,319
Y,249,249,369,249,359,299,449,359,469,359,469,469,409,239,299,469,359,469,469,359,239,469,,359,359,239,369,369,249,359
Y,339,339,279,339,279,249,299,279,299,,299,279,339,289,249,299,279,299,299,279,219,319,,279,279,219,279,279,339,279
Y,439,439,389,439,389,389,499,389,499,389,499,499,389,369,389,499,389,499,499,389,319,499,,389,389,319,389,389,439,389
Y,499,499,429,499,429,459,539,429,539,429,539,539,439,419,459,539,429,559,539,429,429,539,,429,429,429,429,429,499,429
Y,339,339,279,339,279,249,299,279,299,279,299,279,339,289,249,299,279,299,299,279,219,319,,279,279,219,279,279,339,279
Y,439,439,389,439,389,389,499,389,499,389,499,499,389,369,389,499,389,499,499,389,319,499,,389,389,319,389,389,439,389
Y,1459,1459,1419,1459,1419,1319,1489,1499,1549,1449,1499,1499,1569,1329,1319,1489,1419,1483,1489,1549,1279,1489,,1399,1449,1279,1419,1399,1459,1619
Y,499,499,429,499,429,459,539,429,539,429,539,539,439,419,459,539,429,559,539,429,429,539,,429,429,429,429,429,499,429
Y,339,339,279,339,279,219,279,279,279,279,279,279,339,269,219,279,279,279,279,279,219,279,,279,279,219,279,,339,279
Y,439,439,389,439,389,359,499,389,499,389,499,499,389,329,359,499,389,499,499,389,319,499,,389,389,319,389,389,439,389
Y,499,499,439,499,439,399,519,439,519,439,519,529,439,389,399,519,439,519,519,439,399,519,,439,439,399,439,439,499,439
Y,419,419,429,419,459,379,449,419,419,399,399,449,379,369,379,399,459,429,439,419,349,419,,429,419,349,419,419,419,419
Y,469,469,469,469,499,429,489,449,479,459,469,489,419,429,429,489,489,489,499,499,399,479,,489,489,399,469,499,469,479
Y,519,519,519,519,559,479,519,519,519,499,519,519,459,459,479,529,519,529,539,519,449,519,,529,549,449,529,519,519,499
Y,419,419,429,419,459,379,449,419,419,399,399,449,379,369,379,399,459,429,439,419,349,419,,429,419,349,419,419,419,419
Y,469,469,469,469,499,429,489,449,479,459,469,489,419,429,429,489,489,489,499,499,399,479,,489,489,399,469,499,469,479
Y,339,339,279,339,279,219,279,279,279,279,279,279,339,269,219,279,279,279,279,279,219,279,,279,279,219,279,279,339,279
Y,519,519,519,519,559,479,519,519,519,499,519,519,459,459,479,529,519,529,539,519,449,519,,529,549,449,529,519,519,499
Y,439,439,389,439,389,359,499,389,499,389,499,499,389,329,359,499,389,499,499,389,319,499,,389,389,319,389,389,439,389
Y,499,499,439,499,439,399,519,439,519,439,519,529,439,389,399,519,439,519,519,439,399,519,,439,439,399,439,439,499,439
Y,419,419,429,419,459,379,449,419,419,399,399,449,379,369,379,399,459,429,439,419,349,419,,429,419,349,419,419,419,419
Y,469,469,469,469,499,429,489,449,479,459,469,489,419,429,429,489,489,489,499,499,399,479,,489,489,399,469,499,469,479
Y,579,579,569,579,579,559,729,589,729,569,729,729,579,549,559,729,579,729,729,599,549,729,,549,599,549,579,589,579,589
Y,569,569,579,569,579,569,729,579,729,559,729,729,629,559,569,729,579,729,729,599,559,729,,549,599,559,589,579,569,579
Y,519,519,519,519,559,479,519,519,519,499,519,519,459,459,479,529,519,529,539,519,449,519,,529,549,449,529,519,519,499
Y,269,269,259,269,259,249,279,259,289,269,289,269,259,199,249,279,249,279,289,229,249,289,,249,259,249,259,249,269,239
Y,369,369,349,369,349,319,415,349,415,349,415,429,389,339,319,415,349,389,389,349,289,389,,349,349,289,349,349,369,349
Y,1199,1199,,1199,,,,,,,,,1499,1000,,,,,,,,,,,,,,,1199,
Y,589,589,629,589,619,569,,609,,629,,,599,519,569,,609,,,619,459,,,629,629,459,619,619,589,609
Y,889,889,,889,,,,,,,,,869,,,,,,,,839,,,,,839,,,889,
Y,859,859,879,859,879,839,939,899,979,879,979,979,829,829,839,979,879,939,979,889,899,979,,869,899,899,898,889,859,879
Y,859,859,868,859,868,839,929,899,929,868,929,929,899,839,839,929,858,929,929,899,899,929,,869,879,899,879,898,859,889
Y,629,629,679,629,689,639,,689,,659,,,669,619,639,,669,,,679,599,,,659,689,599,669,669,629,689
Y,919,919,,919,,,,,,,,,919,,,,,,,,969,,,,,969,,,919,
Y,339,339,279,339,279,,299,279,299,279,299,279,339,289,,299,279,299,299,279,219,319,,279,279,219,279,279,339,279
Y,499,499,429,499,429,,539,429,539,429,539,539,439,419,,539,429,559,539,429,429,539,,429,429,429,429,429,499,429
Y,279,279,279,279,279,249,309,279,309,279,309,309,339,279,249,309,279,309,309,279,219,309,,279,279,219,279,279,279,279
Y,399,399,429,399,429,449,519,429,519,429,519,539,439,389,449,519,429,519,519,429,389,519,,429,429,389,429,429,399,429
Y,339,339,279,339,279,219,279,279,279,279,279,279,339,269,219,279,279,279,279,279,219,279,,279,279,219,279,,339,279
Y,499,499,439,499,439,399,519,439,519,439,519,529,439,389,399,519,439,519,519,439,399,519,,439,439,399,439,439,499,439
Y,119,119,139,119,129,89,120,149,100,129,100,169,349,100,89,100,129,100,100,159,79,100,,129,129,79,129,139,119,149
Y,319,319,279,319,279,259,309,279,309,279,309,309,339,269,259,309,279,309,309,279,219,309,,279,279,219,279,279,319,279
Y,25,25,,25,,50,49,40,49,,49,49,40,,50,49,,49,49,40,35,49,,30,30,35,40,40,25,40
Y,29,29,50,29,50,50,49,40,49,50,49,49,40,,50,49,50,49,49,40,35,49,,50,50,35,50,50,29,40
Y,29,29,,29,,50,49,40,49,,49,49,40,,50,49,,49,49,40,,49,,,,,30,30,29,40
Y,39,39,40,39,40,,,40,,40,,,25,50,,,40,,,40,50,,,40,40,50,40,40,39,40
Y,200,200,219,200,219,119,100,219,100,219,100,100,75,50,119,100,219,100,100,219,70,100,,219,219,70,219,219,200,219
Y,439,439,389,439,389,359,499,389,499,389,499,499,389,329,359,499,389,499,499,389,319,499,,389,389,319,389,389,439,389
Y,439,439,389,439,389,,499,389,499,389,499,499,389,369,,499,389,499,499,389,319,499,,389,389,319,389,389,439,389
Y,319,319,269,319,259,269,259,259,259,259,289,249,349,299,269,249,259,249,259,269,279,249,,259,259,279,259,269,319,259
Y,419,419,409,419,439,419,519,409,519,439,519,539,429,389,419,519,449,519,519,419,389,519,,439,449,389,439,409,419,419
Y,339,339,389,339,389,379,499,389,499,389,499,499,389,339,379,499,389,499,499,389,319,499,,389,389,319,389,389,339,389
Y,279,279,279,279,279,239,279,279,279,279,279,279,339,329,239,279,289,279,279,279,219,279,,279,279,219,279,279,279,279
Y,339,339,389,339,389,379,519,389,519,389,519,519,389,359,379,519,389,519,519,389,339,519,,389,389,339,389,389,339,389
Y,399,399,429,399,429,449,549,429,549,429,569,549,439,389,449,569,429,569,549,429,419,569,,429,429,419,429,429,399,429
Y,399,399,429,399,429,459,549,429,549,429,549,549,439,389,459,549,429,549,549,429,379,549,,429,429,379,429,429,399,429
Y,319,319,,319,,,,,,,,,349,299,,,,,,,279,,,,,279,,,319,
Y,419,419,,419,,,,,,,,,429,389,,,,,,,389,,,,,389,,,419,
Y,529,529,,529,,,,,,,,,479,479,,,,,,,479,,,,,489,,,529,
Y,119,119,129,119,129,199,79,119,89,99,89,89,79,100,199,79,119,79,89,99,59,89,,119,119,59,99,119,119,119
Y,339,339,389,339,389,389,519,389,519,389,519,519,389,339,389,519,389,519,519,389,319,519,,389,389,319,389,389,339,389
Y,279,279,279,279,279,249,279,279,279,279,279,279,339,279,249,279,279,279,279,279,219,279,,279,279,219,279,279,279,279
Y,449,449,469,449,469,419,519,469,519,469,519,539,419,399,419,519,469,519,519,469,419,539,,479,469,419,479,469,449,469
Y,529,529,539,529,539,489,549,539,559,529,559,579,469,499,489,589,529,589,599,539,519,589,,539,579,519,539,539,529,539
Y,529,529,469,529,469,489,539,469,559,469,559,559,479,479,489,559,479,559,539,469,479,559,,469,479,489,469,459,529,469
Y,139,139,139,139,100,139,100,99,100,100,100,100,139,,139,100,100,100,100,99,129,100,,100,100,129,100,100,139,99
Y,100,100,149,100,149,149,149,149,149,149,149,149,139,139,149,149,149,149,149,149,149,149,,149,149,149,149,149,100,149
Y,679,679,,679,,,,,,,,,779,,,,,,,,719,,,,,719,,,679,
Y,939,939,1049,939,1079,889,1079,1059,1129,1069,1119,1129,889,879,889,1119,1079,1089,1129,1039,879,1129,,1069,1079,879,1079,1019,939,1039
Y,169,169,139,169,139,159,219,139,219,139,219,219,159,149,159,219,139,219,219,139,129,219,,139,139,129,139,139,169,139
Y,629,629,,629,,559,749,,749,,749,,,,559,769,,749,749,,,749,,,,,,,629,
Y,499,499,,499,,355,594,,594,,594,,,,355,594,,594,594,,,594,,,,,,,499,
Y,289,,279,,279,249,299,279,299,279,299,279,339,289,249,299,279,299,299,279,219,319,,279,279,219,279,279,,279
Y,369,,389,,389,389,499,389,499,389,499,499,389,369,389,499,389,499,499,389,319,499,,389,389,319,389,389,,389
Y,439,,429,,429,459,539,429,539,429,539,539,439,419,459,539,429,559,539,429,429,539,,429,429,429,429,429,,429
Y,339,339,279,339,279,219,279,279,279,279,279,279,339,269,219,279,279,279,279,,219,279,,,279,219,,279,339,279
Y,439,439,389,439,389,359,499,389,499,,499,499,389,329,359,499,389,499,499,389,319,499,,389,389,319,,389,439,389
Y,499,499,439,499,439,399,519,439,519,439,519,529,439,389,399,519,439,519,519,439,399,519,,439,439,399,,,499,439
Y,289,289,189,289,189,189,189,189,189,189,189,189,219,239,189,189,189,189,189,189,189,189,,189,189,189,189,189,289,189
Y,359,359,189,359,189,189,189,189,189,189,189,189,239,259,189,189,189,189,189,189,189,189,,189,189,189,189,189,359,189
Y,25,25,40,25,40,50,49,40,49,40,49,49,40,,50,49,40,49,49,40,35,49,,40,40,35,40,40,25,40
Y,2019,2019,2199,2019,2199,1979,1849,2199,1959,2199,1959,1999,2199,1859,1979,1899,2199,1959,1959,2259,1900,1849,,2219,2249,1959,2199,2199,2019,2249
Y,319,319,339,319,339,319,369,339,369,339,369,369,349,299,319,369,339,369,369,339,329,369,,339,339,329,339,339,319,339
Y,749,749,799,749,829,759,899,859,899,859,899,899,749,759,759,899,829,899,899,829,669,899,,799,829,669,799,829,749,829
Y,139,139,149,139,149,149,149,149,149,149,149,149,139,139,149,149,149,149,149,149,149,149,,149,149,149,149,149,139,149
Y,139,139,149,139,149,149,149,149,149,149,149,149,139,139,149,149,149,149,149,149,149,149,,149,149,149,149,149,139,149
Y,459,459,469,459,469,419,519,469,519,469,519,539,419,399,419,519,469,519,519,469,419,539,,479,469,419,479,469,459,469
Y,559,559,539,559,539,489,549,539,559,529,559,579,469,499,489,589,529,589,599,539,519,589,,539,579,519,539,539,559,539
Y,359,359,299,359,299,269,349,299,339,299,329,339,369,299,269,379,289,369,339,329,319,359,,319,319,319,299,299,359,299
Y,349,349,299,349,299,269,349,299,339,299,329,339,369,299,269,379,289,369,339,329,319,359,,319,319,319,299,299,349,299
Y,279,279,239,279,209,249,339,269,349,279,369,369,259,279,249,359,259,349,359,249,299,359,,209,269,299,269,219,279,259
Y,349,349,299,349,299,299,389,339,399,299,399,399,319,299,299,369,329,399,399,299,339,399,,299,339,339,299,299,349,299
Y,729,729,749,729,769,689,839,819,839,779,839,879,699,679,689,839,769,839,839,749,679,839,,739,759,679,779,779,729,749
Y,679,679,729,679,729,669,759,699,759,739,769,769,659,659,669,769,729,759,759,708,719,759,,739,729,719,739,729,689,718
Y,139,139,139,139,139,139,100,139,100,139,100,100,139,139,139,100,139,100,100,139,,100,,139,139,,139,139,139,139
Y,100,100,149,100,149,149,149,149,149,149,149,149,139,139,149,149,149,149,149,149,,149,,149,149,,149,149,100,149
Y,139,139,149,139,149,149,149,149,149,149,149,149,139,139,149,149,149,149,149,149,,149,,149,149,,149,149,139,149
Y,139,139,149,139,149,149,149,149,149,149,149,149,139,139,149,149,149,149,149,149,,149,,149,149,,149,149,139,149
Y,439,439,449,439,479,399,469,439,439,419,419,469,379,389,399,419,479,449,459,439,359,439,,449,439,359,439,439,439,439
Y,489,489,489,489,519,449,519,469,499,479,489,519,419,449,449,519,519,519,519,519,419,499,,519,519,419,489,519,489,499
Y,539,539,539,539,579,499,539,539,539,519,539,539,459,479,499,549,539,549,559,539,459,539,,549,569,459,549,539,539,519
Y,479,479,479,479,469,439,539,489,539,469,539,529,429,419,439,519,459,529,529,489,419,529,,489,499,419,479,499,479,469
Y,479,479,479,479,469,439,539,489,539,469,539,529,429,419,439,519,459,529,529,489,419,529,,489,499,419,479,499,479,469
Y,79,79,40,79,40,105,79,40,79,40,79,79,40,50,105,79,40,79,79,40,30,79,,40,40,30,40,40,79,40
Y,39,39,30,39,30,,30,30,30,30,30,30,40,39,,30,30,30,30,30,30,30,,30,30,30,30,30,39,30
Y,659,659,679,659,689,,,669,,699,,,,,,,679,,,699,,,,669,669,,669,689,659,689
Y,219,219,140,219,140,319,165,140,165,140,165,165,275,200,319,165,140,165,165,140,200,165,,140,140,200,140,140,219,140
Y,199,199,249,199,249,119,,249,,249,,,300,130,119,,249,,,239,75,,,249,249,75,249,249,199,229
Y,289,289,200,289,200,319,205,200,205,200,205,205,250,150,319,205,200,205,205,200,250,205,,200,200,250,200,200,289,200
Y,439,439,389,439,389,359,470,389,470,389,470,470,439,389,359,470,389,470,470,389,339,470,,389,389,339,389,389,439,389
Y,599,599,589,,599,519,549,599,629,599,579,619,479,459,519,549,629,529,579,569,629,599,,589,599,669,589,599,599,599
Y,249,249,279,249,269,199,259,319,199,289,199,259,149,199,199,199,269,199,199,269,229,259,,259,289,229,269,279,249,289
Y,89,89,119,89,119,99,99,139,99,119,99,99,59,49,99,99,119,99,99,119,99,99,,119,119,99,119,119,89,119
Y,159,159,109,159,109,159,60,109,60,109,60,90,179,75,159,60,109,60,60,109,100,60,,109,109,100,109,109,159,109
Y,679,679,679,679,679,659,779,679,769,659,779,769,699,659,659,779,669,769,779,649,549,779,,669,669,549,679,659,679,679
Y,979,979,999,979,999,969,1119,989,1109,999,1119,1109,979,929,969,1109,1009,1099,1109,979,859,1109,,999,1009,859,1009,999,979,1009
Y,1029,1029,1059,1029,1059,1019,1169,1029,1159,1039,1169,1159,1049,1009,1019,1169,1059,1159,1169,1019,929,1169,,1069,1059,929,1059,1049,1029,1059
Y,719,719,729,719,759,699,859,759,849,749,,849,739,699,699,859,719,819,859,749,649,859,,719,699,649,729,749,719,759
Y,1079,1079,1129,1079,1089,1029,1209,1099,1199,1069,1219,1199,1059,1029,1029,1209,1069,1199,1209,1099,989,1209,,1129,1119,989,1129,1069,1079,1099
Y,879,879,819,879,849,849,919,899,929,879,919,929,889,779,849,919,849,929,919,849,689,919,,819,849,689,819,849,879,849
Y,1279,1279,1099,1279,1099,1239,1289,1099,1289,1099,1289,1289,1269,,1239,1289,1099,1289,1289,1099,1049,1289,,1069,1069,1049,1079,1069,1279,1079
Y,299,299,299,299,299,259,319,299,319,299,329,329,279,279,259,319,299,319,319,299,269,319,,299,319,269,299,299,299,289
Y,1339,1339,1169,1339,1169,1289,1369,1159,1359,1169,1359,1359,1339,,1289,1359,1169,1369,1359,1149,1099,1359,,1159,1169,1099,1169,1169,1339,1149
Y,889,889,879,889,899,859,959,949,959,929,959,939,899,799,859,959,899,939,959,919,789,959,,869,899,789,889,919,889,899
Y,1289,1289,1129,1289,1129,1249,1319,1119,1319,1119,1319,1319,1279,1139,1249,1319,1119,1319,1319,1119,1148,1319,,1099,1089,1148,1099,1089,1289,1099
Y,1349,1349,1189,1349,1189,1299,1389,1189,1379,1189,1379,1379,1349,1229,1299,1379,1189,1389,1379,1199,1188,1379,,1179,1189,1188,1189,1189,1349,1169
Y,139,139,139,139,139,139,100,139,100,139,100,100,139,139,139,100,139,100,100,139,129,100,,139,139,129,139,139,139,139
Y,100,100,149,100,149,149,149,149,149,149,149,149,139,139,149,149,149,149,149,149,149,149,,149,149,149,149,149,100,149
Y,139,139,149,139,149,149,149,149,149,149,149,149,139,139,149,149,149,149,149,149,149,149,,149,149,149,149,149,139,149
Y,139,139,149,139,149,149,149,149,149,149,149,149,139,139,149,149,149,149,149,149,149,149,,149,149,149,149,149,139,149
Y,699,699,669,699,669,649,,669,,669,,,629,589,649,,659,,,679,599,,,659,679,599,649,679,699,679
Y,999,999,,999,,,,,,,,,899,,,,,,,,949,,,,,949,,,999,
Y,319,319,220,319,220,349,350,220,350,220,350,350,429,319,349,350,220,350,350,220,250,350,,220,220,250,220,220,319,220
Y,269,269,259,269,259,249,279,259,289,269,289,269,259,199,249,279,249,279,289,229,249,289,,249,259,249,259,249,269,239
Y,679,679,,679,,,,,,,,,,,,,,,,,,,,,,,,,679,
Y,319,319,329,319,339,299,369,349,369,339,349,349,279,279,299,359,329,349,349,329,299,359,,349,359,319,339,329,319,339
Y,839,839,839,839,829,819,819,799,879,839,879,829,769,829,819,879,789,829,869,799,829,869,,889,829,829,899,799,839,869
Y,439,439,419,439,459,399,449,449,479,459,459,459,475,389,399,499,449,439,449,399,499,459,,399,449,499,429,449,439,419
Y,389,389,359,389,359,339,429,369,439,399,439,459,369,359,339,449,399,439,439,359,359,449,,379,389,349,399,369,389,399
Y,549,549,649,549,679,519,679,679,719,669,699,719,519,499,519,699,679,689,719,649,499,719,,649,669,529,679,649,549,649
Y,289,289,259,289,259,219,259,259,259,259,259,259,299,139,219,259,259,259,258,259,199,258,,259,259,199,259,259,289,259
Y,1799,1799,2399,1799,2399,1949,2024,2399,2024,2399,2029,2024,2399,1800,1949,2024,2399,2024,2024,2399,,2024,,2399,2399,,2399,2399,1799,2399
Y,199,199,239,199,229,189,149,229,149,239,149,199,189,159,189,119,229,119,129,199,179,119,,229,229,179,239,239,199,199
Y,329,329,299,329,339,,379,279,379,289,379,379,399,259,,379,288,379,379,299,279,379,,299,279,279,299,289,329,299
Y,239,239,159,239,159,99,60,159,60,159,60,174,125,125,99,60,159,60,60,159,179,60,,159,159,179,159,159,239,159
Y,659,659,719,659,699,649,819,699,809,699,809,809,659,639,649,809,699,809,819,689,639,809,,699,719,619,699,719,659,699
Y,949,949,979,949,979,939,1019,999,1059,979,1059,1019,919,929,939,1059,949,1019,1059,968,979,1059,,958,948,979,989,989,949,969
Y,519,519,599,519,619,469,689,599,689,629,679,679,300,499,469,689,599,689,699,629,559,699,,569,569,529,599,619,519,619
Y,249,249,199,249,239,229,259,219,259,219,259,239,225,239,229,259,219,259,259,219,239,259,,239,219,239,219,219,249,219
Y,259,259,279,259,279,249,309,259,319,289,319,319,289,199,249,309,279,309,309,259,259,309,,279,269,259,289,279,259,279
Y,419,419,469,419,469,399,449,459,469,469,469,469,399,399,399,469,469,449,469,439,419,469,,469,479,399,469,449,419,459
Y,599,599,699,599,699,669,,699,,699,,,769,539,669,,699,,,699,700,,,699,699,700,699,699,599,699
Y,369,369,379,369,359,369,399,369,429,359,429,459,369,359,369,419,359,399,429,389,349,419,,379,369,329,379,359,369,399
Y,299,299,209,299,249,289,269,229,269,229,269,249,149,249,289,269,229,269,269,229,249,269,,249,229,249,229,229,299,229
Y,979,979,1019,979,999,899,1089,979,1119,1019,1119,1099,879,879,899,1099,1019,1079,1099,999,919,1099,,1019,1019,899,999,999,979,989
Y,999,999,1049,999,999,929,1049,959,1069,999,1089,1069,939,919,929,1069,1019,1069,1069,999,889,1069,,1039,1019,889,989,1019,999,969
Y,1219,1219,1149,1219,1149,1199,1349,1139,1339,1149,1339,1339,1209,1189,1199,1339,1149,1349,1339,1129,1069,1339,,1139,1149,1069,1149,1149,1219,1129
Y,969,969,999,969,999,919,1139,969,1139,999,1149,1149,929,899,919,1139,999,1139,1139,979,919,1139,,1019,999,919,999,999,969,969
Y,1499,1499,1899,1499,1939,1679,1659,1919,1659,1899,1689,1689,1659,1159,1679,1619,1899,1579,1689,1899,1459,1699,,1919,1959,1459,1899,1899,1499,1919
Y,1099,1099,1099,1099,1099,,,1099,,1099,,,,,,,1099,,,1029,,,,1119,1099,,1099,1099,1099,1019
Y,999,999,1029,999,999,939,1099,999,1129,969,1139,1129,899,919,939,1129,1019,1089,1119,999,919,1139,,1029,1039,899,1029,999,999,999
Y,200,200,,200,,,,199,,199,,,,175,,,,,,199,,,,,,,,,200,
Y,1899,1899,2559,1899,2499,2219,2039,2579,2099,2559,2099,2089,1899,1549,2219,2099,2539,2079,2079,2589,1700,2089,,2529,2529,1700,2559,2529,1899,2519
Y,499,499,499,499,499,469,569,489,549,499,549,569,429,429,469,559,499,559,549,499,479,569,,499,499,479,499,499,499,499
Y,549,549,529,549,529,499,589,529,589,519,569,589,459,449,499,589,539,589,569,529,499,589,,529,529,499,539,539,549,539
Y,569,569,549,569,549,499,629,539,629,549,629,599,459,449,499,629,549,629,629,549,529,629,,539,539,529,539,539,569,549
Y,339,339,279,339,279,,279,,279,279,279,279,339,329,,279,279,279,279,279,219,279,,,279,219,279,279,339,279
Y,439,439,389,439,389,,489,389,489,389,489,489,389,369,,489,389,489,489,389,319,489,,389,389,319,389,389,439,389
Y,499,499,429,499,429,,529,429,529,429,529,539,439,419,,529,429,529,529,429,389,529,,429,429,389,429,429,499,429
Y,339,339,279,339,279,239,309,279,309,279,309,309,339,329,239,309,279,309,309,279,219,309,,279,279,219,279,279,339,279
Y,439,439,389,439,389,369,519,389,519,389,519,519,389,359,369,519,389,519,519,389,329,519,,389,389,329,389,389,439,389
Y,499,499,429,499,429,439,539,429,539,429,539,539,439,389,439,539,429,539,539,429,379,539,,429,429,379,429,429,499,429
Y,629,629,599,629,599,559,689,589,689,599,689,689,599,599,559,689,599,679,689,589,599,689,,599,599,599,599,599,629,599
Y,269,269,269,269,269,239,249,259,249,249,249,249,229,229,239,249,249,249,249,259,259,249,,249,249,259,249,269,269,259
Y,219,219,239,219,249,219,229,239,229,229,229,229,199,199,219,229,229,229,229,239,239,229,,229,229,239,229,249,219,239
Y,199,199,199,199,219,199,209,219,209,199,209,209,179,179,199,209,199,209,209,219,219,209,,199,199,219,199,219,199,219
Y,269,269,269,269,269,239,249,259,249,249,249,249,229,229,239,249,249,249,249,259,259,249,,249,249,259,249,269,269,259
Y,219,219,239,219,249,219,229,239,229,229,229,229,199,199,219,229,229,229,229,239,239,229,,229,229,239,229,249,219,239
Y,199,199,199,199,219,199,209,219,209,199,209,209,179,179,199,209,199,209,209,219,219,209,,199,199,219,199,219,199,219
Y,100,100,100,100,100,,100,100,100,100,100,100,100,100,,100,100,100,100,100,,100,,100,100,,100,100,100,100
Y,300,300,300,300,300,,300,300,300,300,300,300,300,300,,300,300,300,300,300,,300,,300,300,,300,300,300,300
Y,500,500,500,500,500,,500,500,500,500,500,500,500,500,,500,500,500,500,500,,500,,500,500,,500,500,500,500
Y,919,919,839,919,889,,829,829,869,879,889,899,979,939,,869,839,869,869,859,879,869,,879,869,859,889,839,919,879
Y,619,619,,619,,,,,,,,,460,460,,,,,,,579,,,,,579,,,619,
Y,809,809,,809,,,,,,,,,560,560,,,,,,,729,,,,,729,,,809,
Y,339,339,379,339,399,339,389,359,399,399,399,399,319,299,339,379,399,379,379,379,319,379,,389,399,319,389,379,339,369
Y,899,899,949,899,959,859,1039,929,1059,959,1059,1039,809,789,859,1029,959,1019,1029,949,839,1029,,949,959,839,959,949,899,929
Y,1149,1149,1079,1149,1079,1149,1269,1079,1269,1079,1269,1269,1129,1099,1149,1269,1079,1269,1269,1079,1019,1269,,1049,1049,1019,1059,1049,1149,1059
Y,939,939,969,939,959,889,1049,949,1069,929,1069,1069,829,839,889,1059,979,1029,1039,919,839,1059,,929,999,839,979,959,939,959
Y,899,899,959,899,959,879,1039,919,1039,959,1079,1099,849,839,879,1099,959,1099,1079,929,859,1079,,949,949,859,949,959,899,929
Y,869,869,989,869,1039,849,1029,999,1069,1029,1059,1069,829,789,849,1039,1039,1029,1059,999,819,1059,,959,1029,819,1029,969,869,989
Y,919,919,949,919,949,879,979,919,969,959,979,979,859,859,879,979,949,969,969,929,829,979,,939,929,829,929,949,919,929
Y,839,839,799,839,819,,759,779,799,829,819,839,869,879,,789,789,799,799,819,839,799,,829,819,839,839,779,839,829
Y,1029,1029,1049,1029,1049,,,1059,,1059,,,,,,,1059,,,989,,,,1049,1049,,1049,1059,1029,979
Y,119,119,45,119,45,89,40,40,40,45,40,40,40,40,89,40,45,40,40,40,30,40,,45,45,30,45,45,119,40
Y,119,119,35,119,35,89,40,40,40,35,40,40,40,40,89,40,35,40,40,40,15,40,,35,35,15,35,35,119,40
Y,119,119,50,119,50,89,40,40,40,50,40,40,40,40,89,40,50,40,40,40,15,40,,50,50,15,50,50,119,40
Y,100,100,45,100,45,80,55,45,55,45,55,55,40,40,80,55,45,55,55,45,35,45,,45,45,35,45,45,100,45
Y,199,199,189,199,229,179,249,199,249,199,249,229,129,229,179,249,199,249,249,199,179,249,,229,199,189,199,199,199,199
Y,39,39,30,39,30,,40,,40,30,40,40,40,20,,40,30,40,40,,50,40,,25,25,50,30,30,39,
Y,29,29,,29,,,40,,40,,40,40,40,20,,40,,40,40,,50,40,,,,50,,,29,
Y,40,40,30,40,30,39,30,30,30,30,30,30,25,25,39,30,30,30,30,30,30,30,,30,30,30,30,30,40,30
Y,60,60,60,60,60,60,60,60,60,60,60,60,25,60,60,60,60,60,60,60,60,60,,60,60,60,60,60,60,60
Y,199,199,179,199,179,179,145,169,145,179,145,145,200,75,179,145,179,145,145,169,100,145,,179,179,100,169,159,199,169
Y,1009,1009,1029,1009,1049,989,1159,1059,1149,1029,1139,1149,999,949,989,1149,1029,1139,1149,1029,949,1149,,1029,1039,929,1039,1029,1009,1029
Y,499,499,569,499,599,519,659,569,659,529,659,659,549,519,519,649,549,659,659,549,499,659,,519,529,499,529,529,499,579
Y,799,799,799,799,789,769,879,869,919,769,939,939,759,789,769,939,769,889,939,839,729,879,,839,759,729,839,799,799,839
Y,499,499,559,499,529,519,669,549,679,499,689,689,519,519,519,689,529,689,679,569,539,689,,539,569,499,549,559,499,559
Y,729,729,799,729,769,719,899,799,899,769,889,899,689,709,719,899,789,899,889,799,779,899,,779,799,779,799,799,729,799
Y,30,30,,30,,,,,,,,,25,,,,,,,,30,,,,,30,,,30,
Y,159,159,,159,,,,,,,,,100,75,,,,,,,100,,,,,100,,,159,
Y,350,350,350,350,350,350,350,350,350,350,350,350,350,350,350,350,350,350,350,350,350,350,,350,350,350,350,350,350,350
Y,199,199,199,199,199,199,199,199,199,199,199,199,199,199,199,199,199,199,199,199,199,199,,199,199,199,199,199,199,199
Y,500,500,500,500,500,500,500,500,500,500,500,500,500,500,500,500,500,500,500,500,500,500,,500,500,500,500,500,500,500
Y,49,49,39,49,39,39,49,39,49,39,49,49,40,39,39,49,39,49,49,39,30,49,,39,39,30,39,39,49,39
Y,319,319,289,319,289,289,289,289,289,289,289,289,319,299,289,289,289,289,289,289,289,289,,289,289,289,289,289,319,289
Y,279,279,239,279,239,239,239,239,239,239,239,239,279,259,239,239,239,239,239,239,249,239,,239,239,249,239,239,279,239
Y,239,239,199,239,199,199,199,199,199,199,199,199,239,219,199,199,199,199,199,199,219,199,,199,199,219,199,199,239,199
Y,319,319,289,319,289,289,289,289,289,289,289,289,319,299,289,289,289,289,289,289,289,289,,289,289,289,289,289,319,289
Y,279,279,239,279,239,239,239,239,239,239,239,239,279,259,239,239,239,239,239,279,249,239,,239,239,249,239,239,279,239
Y,239,239,199,239,199,199,199,199,199,199,199,199,239,219,199,199,199,199,199,199,219,199,,199,199,219,199,199,239,199
Y,319,319,289,319,289,289,289,289,289,289,289,289,319,299,289,289,289,289,289,289,299,289,,289,289,299,289,289,319,289
Y,279,279,239,279,239,239,239,239,239,239,239,239,279,259,239,239,239,239,239,239,269,239,,239,239,269,239,239,279,239
Y,239,239,199,239,199,199,199,199,199,199,199,199,239,219,199,199,199,199,199,199,219,199,,199,199,219,199,199,239,199
Y,139,139,80,139,80,119,100,80,100,80,100,100,,75,119,100,80,100,100,90,100,100,,90,90,100,90,90,139,90
Y,269,269,269,269,269,239,249,259,249,249,249,249,229,229,239,249,249,249,249,259,,249,,249,249,,249,269,269,259
Y,219,219,239,219,249,219,229,239,229,229,229,229,199,199,219,229,229,229,229,239,,229,,229,229,,229,249,219,239
Y,199,199,199,199,219,199,209,219,209,199,209,209,179,179,199,209,199,209,209,219,,209,,199,199,,199,219,199,219
Y,1699,1699,,1699,,,,,,,,,1200,,,,,,,,,,,,,,,,1699,
Y,142,142,142,142,142,142,,142,,142,,,142,142,142,142,142,,,142,,142,,142,142,,142,142,142,
Y,289,289,269,289,269,249,289,269,289,249,289,289,266,229,,289,249,289,289,269,289,289,,279,269,289,269,279,289,249
Y,289,289,269,289,269,249,289,269,289,249,289,289,266,229,,289,249,289,289,269,289,289,,279,269,289,269,279,289,249
Y,500,500,500,500,500,500,500,500,500,500,500,500,,500,500,500,500,500,500,500,500,500,,500,500,500,500,500,500,500
Y,600,600,,600,,,,,,,,,,600,,,,,,,,,,,,,,,600,
Y,649,649,749,649,779,649,719,779,719,769,719,719,619,619,649,719,779,719,719,749,619,719,,749,769,619,779,749,649,749
Y,1039,1039,1179,1039,1189,1029,1179,1159,1179,1179,1179,1179,989,989,1029,1179,1189,1179,1179,1148,979,1179,,1149,1179,979,1178,1149,1039,1169
Y,1119,1119,1239,1119,1259,1089,1224,1199,1224,1239,1224,1224,1049,1049,1089,1224,1259,1224,1224,1189,1049,1224,,1229,1229,1049,1229,1229,1119,1229
Y,549,549,649,549,679,549,599,679,599,669,599,599,539,539,549,599,679,599,599,649,529,599,,649,669,519,679,649,549,649
Y,939,939,1079,939,1089,929,989,1059,989,1079,989,989,919,919,929,989,1089,989,989,1049,879,989,,1049,1079,879,1078,1049,939,1069
Y,1029,1029,1139,1029,1159,969,1034,1099,1034,1139,1034,1034,959,959,969,1034,1159,1034,1034,1089,949,1034,,1129,1129,949,1129,1129,1029,1129
Y,299,299,279,299,279,269,289,279,289,259,289,289,296,229,269,289,259,289,289,279,339,289,,289,279,339,279,289,299,259
Y,700,700,,700,,,,,,,,,700,700,,,,,,,,,,,,,,,700,
Y,99,99,,99,,,,,,,,,40,40,,,,,,,,,,,,,,,99,
Y,299,299,299,299,299,299,299,299,299,299,299,299,299,299,299,299,299,299,299,299,299,299,,299,299,299,299,299,299,299
Y,299,299,299,299,299,299,299,299,299,299,299,299,299,299,299,299,299,299,299,299,299,299,,299,299,299,299,299,299,299
Y,169,169,159,169,159,,,159,,159,,,,,,,159,,,159,,,,159,159,,159,159,169,159
Y,989,989,939,989,969,1029,989,939,959,969,969,979,999,919,1029,979,979,959,979,919,879,979,,949,939,879,979,979,989,929
Y,1079,1079,1039,1079,1029,1079,1059,1039,1019,1029,1039,1039,1079,979,1079,1039,1049,1039,1059,999,939,1039,,1049,1029,939,1039,1049,1079,999
Y,989,989,939,989,969,1029,989,939,959,969,969,979,999,919,1029,979,979,959,979,919,879,979,,949,939,879,979,979,989,929
Y,1079,1079,1039,1079,1029,1079,1059,1039,1019,1029,1039,1039,1079,979,1079,1039,1049,1039,1059,999,939,1039,,1049,1029,939,1039,1049,1079,999
Y,989,989,939,989,969,1029,989,939,959,969,969,979,999,919,1029,979,979,959,979,919,879,979,,949,939,879,979,979,989,929
Y,1079,1079,1039,1079,1029,1079,1059,1039,1019,1029,1039,1039,1079,979,1079,1039,1049,1039,1059,999,939,1039,,1049,1029,939,1039,1049,1079,999
Y,39,39,39,39,39,25,49,25,49,39,49,49,30,29,25,49,39,49,49,25,59,49,,29,29,59,39,39,39,25
Y,25,25,29,25,29,,29,29,29,29,29,29,25,29,,29,29,29,29,29,39,29,,29,29,39,29,29,25,29
Y,639,639,689,639,689,619,749,669,749,689,759,729,639,619,619,749,719,749,749,679,539,759,,689,689,539,689,689,639,669
Y,949,949,1019,949,1029,939,1089,999,1089,1029,1119,1069,949,889,939,1079,1059,1079,1079,1019,849,1089,,1019,1029,849,1019,1029,949,999
Y,999,999,1079,999,1079,979,1139,1039,1139,1069,1159,1119,995,979,979,1139,1099,1139,1139,1059,919,1149,,1089,1079,919,1079,1079,999,1049
Y,719,719,819,719,799,729,919,799,879,819,919,859,719,739,729,919,819,879,919,829,669,919,,819,739,669,819,819,719,799
Y,1019,1019,1149,1019,1139,1049,1249,1129,1219,1149,1269,1199,949,1019,1049,1239,1149,1219,1239,1169,979,1249,,1139,1079,979,1149,1159,1019,1129
Y,1069,1069,1219,1069,1189,1089,1299,1169,1269,1189,1319,1249,999,1099,1089,1299,1189,1269,1299,1219,1039,1319,,1219,1219,1039,1219,1219,1069,1179
Y,299,299,299,299,299,299,299,299,299,299,299,299,299,299,299,299,299,299,299,299,299,299,,299,299,299,299,299,299,299
Y,989,989,939,989,969,1029,989,939,959,969,969,979,800,919,1029,979,979,959,979,919,879,979,,949,939,879,979,979,989,929
Y,1079,1079,1039,1079,1029,1079,1059,1039,1019,1029,1039,1039,850,979,1079,1039,1049,1039,1059,999,939,1039,,1049,1029,939,1039,1049,1079,999
Y,989,989,939,989,969,1029,989,939,959,969,969,979,800,919,1029,979,979,959,979,919,879,979,,949,939,879,979,979,989,929
Y,1079,1079,1039,1079,1029,1079,1059,1039,1019,1029,1039,1039,850,979,1079,1039,1049,1039,1059,999,939,1039,,1049,1029,939,1039,1049,1079,999
Y,989,989,939,989,969,1029,989,939,959,969,969,979,800,919,1029,979,979,959,979,919,879,979,,949,939,879,979,979,989,929
Y,1079,1079,1039,1079,1029,1079,1059,1039,1019,1029,1039,1039,850,979,1079,1039,1049,1039,1059,999,939,1039,,1049,1029,939,1039,1049,1079,999
Y,519,519,539,519,539,519,619,539,619,539,619,599,519,489,519,599,539,589,599,539,479,599,,519,539,479,519,539,519,539
Y,769,769,729,769,729,779,799,749,819,729,819,819,769,769,779,819,729,799,819,749,779,799,,749,729,779,779,719,769,749
Y,50,50,,50,,,,,,,,,,,,,,,,,,,,,,,,,50,
Y,,,559,,599,489,,579,,579,,,439,,489,,,,,549,479,,,,589,479,589,579,,599
Y,,,549,,549,519,659,559,659,549,659,659,539,499,519,649,539,639,649,569,519,659,,559,569,519,539,549,,549
Y,,,319,,319,289,369,299,359,319,359,379,279,189,289,359,319,359,359,299,229,369,,299,299,229,319,319,,319
Y,,,629,,629,599,,629,,629,,,609,559,599,,629,,,619,519,,,619,629,519,619,629,,629
Y,,,389,,379,339,459,389,479,399,479,429,299,269,339,419,429,419,419,399,349,449,,359,399,339,419,399,,399
Y,,,1249,,1249,,,1219,,1239,,,1169,1129,,,1249,,,1219,,,,1259,1259,,1249,1239,,1219
Y,,,1179,,1199,,,1149,,1199,,,1089,1039,,,1199,,,1139,,,,1189,1179,,1189,1189,,1149
Y,,,739,,739,,,739,,749,,,699,659,,,739,,,749,,,,739,739,,739,729,,729
Y,,,29,,29,,25,29,25,29,25,25,29,29,,25,29,25,25,29,30,25,,29,29,30,29,29,,29
Y,,,29,,29,,25,29,25,29,25,25,29,29,,25,29,25,25,29,30,25,,29,29,30,29,29,,29
Y,,,10,,10,,25,10,25,10,25,25,20,15,,25,10,25,25,10,30,25,,10,10,30,10,10,,10
Y,,,29,,29,,,29,25,29,25,25,29,,,25,29,25,25,29,30,25,,29,29,30,29,29,,29
Y,,,29,,29,,25,29,25,29,25,25,29,29,,25,29,25,25,29,30,25,,29,29,30,29,29,,29
Y,,,189,,189,,,189,,189,,,,219,,,189,,,189,,,,189,189,,189,189,,189
Y,,,189,,189,,189,189,189,189,189,189,219,239,,189,189,189,189,189,189,189,,189,189,189,189,189,,189
Y,,,189,,189,,189,189,189,189,189,189,239,259,,189,189,189,189,189,189,189,,189,189,189,189,189,,189
Y,,,238,,238,,,258,,238,,,,,,,238,,,238,,,,238,238,,238,238,,238
Y,,,189,,189,,,189,,189,,,,219,,,189,,,189,,,,189,189,,189,189,,189
Y,,,189,,189,,,189,,189,,,,219,,,189,,,189,,,,189,189,,189,189,,189
Y,,,89,,89,89,89,89,99,89,99,99,50,50,89,99,89,99,99,89,79,89,,89,89,79,89,89,,89
Y,,,50,,50,,,50,,50,,40,40,,,,50,,,40,40,,,50,50,40,50,50,,40
Y,,,319,,359,,389,299,399,299,389,399,,,,399,299,389,399,319,299,389,,319,329,299,319,329,,319
Y,,,199,,189,199,219,199,219,189,219,219,,,199,239,199,219,219,199,199,219,,189,219,199,189,219,,199
Y,,,329,,359,,399,319,399,319,399,399,,,,419,319,399,399,329,319,399,,329,339,319,329,339,,329
Y,,,189,,189,,,189,,189,,,,219,,,189,,,189,,,,189,189,,189,189,,189
Y,,,299,,,,399,299,,,399,,,,,,,,,,,,,299,,,299,,,
Y,,,799,,799,679,,819,,799,,,629,629,679,,769,,,729,599,,,759,779,599,799,779,,799
Y,,,729,,769,,,819,,749,,,699,659,,,769,,,729,579,,,729,729,599,759,759,,729
Y,,,1300,,1300,,1499,1300,1499,1300,1499,1499,1000,1000,,1499,1300,1499,,,,1499,,1300,1300,,1300,1300,,1300
Y,,,499,,499,439,,509,,499,,,399,369,439,,499,,,509,429,,,479,489,429,509,509,,489
Y,,,199,,,,219,199,,,219,,,,,,,,,,,,,189,,,189,,,
Y,,,299,,,,399,299,,,399,,,,,,,,,,,,,299,,,299,,,
Y,,,849,,869,,,889,,899,,,829,769,,,869,,,849,759,,,859,859,759,859,849,,859
Y,,,30,,30,30,30,30,30,30,30,30,30,30,30,30,30,30,30,30,30,30,,30,30,30,30,30,,30
Y,,,889,,869,669,899,849,939,919,929,919,809,759,669,929,889,899,929,849,,939,,849,889,,869,879,,899
Y,,,839,,819,619,859,799,889,869,879,879,729,699,619,879,839,859,879,799,,889,,799,839,,829,829,,849
Y,,,29,,29,,25,29,25,29,25,25,29,29,,25,29,25,25,29,30,25,,29,29,30,29,29,,29
Y,,,29,,29,,,29,25,29,25,25,29,,,25,29,25,25,29,30,25,,29,29,30,29,29,,29
Y,,,500,,500,500,500,500,500,500,500,500,500,,500,500,500,500,500,500,500,500,,500,500,500,500,500,,500
Y,,,29,,29,,25,29,25,29,25,25,29,29,,25,29,25,25,29,30,25,,29,29,30,29,29,,29
Y,,,600,,600,600,600,600,600,600,600,600,,,600,600,600,600,600,600,600,600,,600,600,600,600,600,,600
Y,,,939,,949,889,969,949,969,949,969,969,819,889,889,969,949,969,969,949,789,969,,939,949,789,939,949,,949
Y,,,1219,,1219,1279,1299,1219,1299,1249,1299,1299,1199,1229,1279,1299,1219,1299,1299,1219,1149,1299,,1189,1219,1149,1189,1219,,1199
Y,,,1289,,1289,1359,1379,1289,1379,1319,1379,1379,1259,1299,1359,1379,1289,1379,1379,1289,1219,1379,,1259,1289,1219,1259,1289,,1269
Y,,,30,,30,25,40,25,40,30,40,40,40,20,25,40,30,40,40,25,50,40,,25,25,50,30,30,,25
Y,,,600,,630,,,600,,610,,,,,,,630,,,630,,,,610,630,,610,610,,600
Y,,,670,,680,,,660,,640,,,,,,,670,,,680,,,,670,670,,670,660,,650
Y,,,600,,630,,,600,,610,,,,,,,630,,,630,,,,610,630,,610,610,,600
Y,,,670,,680,,,660,,640,,,,,,,680,,,670,,,,670,670,,670,660,,650
Y,,,600,,630,,,600,,610,,,,,,,630,,,630,,,,610,630,,610,610,,600
Y,,,670,,680,,,660,,640,,,,,,,680,,,670,,,,670,670,,670,660,,650
Y,,,700,,730,,,700,,710,,,,,,,730,,,730,,,,710,730,,710,710,,700
Y,,,770,,780,,,760,,740,,,,,,,780,,,770,,,,770,770,,770,760,,750
Y,,,,,,299,,,,,,,,,299,,,,,,,,,,,,,,,
Y,,,,,,489,569,,559,,559,559,499,479,489,569,,559,559,,579,569,,,,579,,,,
Y,,,,,,139,,,,,,,319,,139,,,,,,,,,,,,,,,
Y,,,,,,359,,,,,,,,,359,,,,,,,,,,,,,,,
Y,,,,,,549,,,,,,,,,549,,,,,,,,,,,,,,,
Y,,,,,,789,799,,839,,819,839,,,789,829,,799,839,,779,839,,,,779,,,,
Y,,,,,,,2000,300,2000,,,300,,,,2000,,,2000,300,,2000,,,,,,,,
Y,,,,,,,370,320,370,,,370,,,,370,,370,370,320,,370,,,,,,,,
Y,,,,,,,800,,800,,,1100,,,,800,,800,800,,,800,,,,,,,,
Y,,,,,,,300,,300,,,,,,,300,,300,300,,,300,,,,,,,,
Y,,,,,,,319,,319,,,,,,,319,,319,319,,,319,,,,,,,,
Y,,,,,,,40,,40,,40,30,,,,,,40,40,,,40,,,,,,,,
Y,,,,,,,25,,25,,25,25,50,15,,25,,25,25,,50,25,,,,50,,,,
Y,,,,,,,175,,175,,175,100,150,,,175,,175,175,,,175,,,,,,,,
Y,,,,,,,300,,300,,,,,,,300,,300,300,,,300,,,,,,,,
Y,,,,,,,2000,,,,,,,,,2000,,,2000,,,2000,,,,,,,,
Y,,,,,,,439,,439,,,,,,,439,,439,439,,,439,,,,,,,,
Y,,,,,,,89,,89,,89,,,,,89,,89,89,,,89,,,,,,,,
Y,,,,,,,399,,528,,518,,,,,389,,389,389,,,389,,,,,,,,
Y,,,,,,,399,,399,,,,479,,,,,399,399,,,,,,,,,,,
Y,,,,,,,419,,419,,449,,,,,419,,419,419,,,419,,,,,,,,
Y,,,,,,,350,,350,,350,,,,,350,,350,350,,,350,,,,,,,,
Y,,,,,,,30,,30,,30,30,,,,30,,30,30,,30,30,,,,30,,,,
Y,,,,,,,450,,450,,,,,,,450,,450,450,,,450,,,,,,,,
Y,,,,,,,170,,170,,,,,,,170,,170,170,,,170,,,,,,,,
Y,,,,,,,350,,350,,350,,,,,350,,350,350,,,350,,,,,,,,
Y,,,,,,,859,,,,,,,,,,,,859,,,,,,,,,,,
Y,,,,,,,829,,,,,,,,,,,,839,,,,,,,,,,,
Y,,,,,,,367,,367,,367,,,,,367,,367,367,,,367,,,,,,,,
Y,,,,,,,50,,50,,50,50,,,,50,,,50,,,50,,,,,,,,
Y,,,,,,,,49,,,,59,40,25,,,,59,,,,,,,,,,,,
Y,,,,,,,,319,,,,,,,,,,,,,,,,,,,,,,
Y,,,,,,,,499,,,,,,,,,,,,,,,,,,,,,,
Y,,,,,,,,549,,,,,,,,,,,,,,,,,,,,,,
Y,,,,,,,,59,,,49,,,,,,,,,,,,,,,,,,,
Y,,,,,,,,,,100,,,125,,,,,,,,,,,,,,,,,
Y,,,,,,,,,,,49,,25,,,49,,,,,,,,,,,,,,
Y,,,,,,,,,,,,250,,,,,,,,,,,,,,,,,,
Y,,,,,,,,,,,,100,139,,,,,,,,,,,,,,,,,
Y,,,,,,,,,,,,250,449,,,,,,,,,,,,,,,,,
Y,,,,,,,,,,,,100,139,,,,,,,,,,,,,,,,,
Y,,,,,,,,,,,,100,139,,,,,,,,,,,,,,,,,
Y,,,,,,,,,,,,100,139,,,,,,,,,,,,,,,,,
Y,,,,,,,,,,,,100,139,,,,,,,,,,,,,,,,,
Y,,,,,,,,,,,,100,139,,,,,,,,,,,,,,,,,
Y,,,,,,,,,,,,100,139,,,,,,,,,,,,,,,,,
Y,,,,,,,,,,,,100,139,,,,,,,,,,,,,,,,,
Y,,,,,,,,,,,,100,139,,,,,,,,,,,,,,,,,
Y,,,,,,,,,,,,100,139,,,,,,,,,,,,,,,,,
Y,,,,,,,,,,,,100,139,,,,,,,,,,,,,,,,,
Y,,,,,,,,,,,,100,139,,,,,,,,,,,,,,,,,
Y,,,,,,,,,,,,100,139,,,,,,,,,,,,,,,,,
Y,,,,,,,,,,,,100,139,,,,,,,,,,,,100,,,,,
Y,,,,,,,,,,,,239,,,,,,,,,,,,,,,,,,
Y,,,,,,,,,,,,239,,,,,,,,,,,,,,,,,,
Y,,,,,,,,,,,,239,,269,,,,,,,,,,,,,,,,
Y,,,,,,,,,,,,200,339,,,,,,,,,,,,,,,,,
Y,,,,,,,,,,,,200,,,,,,,,,,,,,,,,,,
Y,,,,,,,,,,,,200,339,,,,,,,,,,,,,,,,,
Y,,,,,,,,,,,,349,419,,,,,,,,,,,,,,,,,
Y,,,,,,,,,,,,239,,,,,,,,,,,,,,,,,,
Y,,,,,,,,,,,,200,,,,,,,,,,,,,,,,,,
Y,,,,,,,,,,,,200,339,,,,,,,,,,,,,,,,,
Y,,,,,,,,,,,,200,,,,,,,,,,,,,,,,,,
Y,,,,,,,,,,,,200,,,,,,,,,,,,,,,,,,
Y,,,,,,,,,,,,89,,,,,,,,,,,,,,,,,,
Y,,,,,,,,,,,,100,,,,,,,,,,100,,,,,139,,,
Y,,,,,,,,,,,,100,,,,,,,,,,199,,,,,,,,
Y,,,,,,,,,,,,100,,,,,,,,,,,,,,,,,,
Y,,,,,,,,,,,,100,,,,,,,,,,,,,,,,,,
Y,,,,,,,,,,,,100,139,,,,,,,,,,,,,,,,,
Y,,,,,,,,,,,,100,139,,,,,,,,,,,100,,,,,,
Y,,,,,,,,,,,,100,139,,,,,,,,,,,,,,,,,
Y,,,,,,,,,,,,100,139,,,,,,,,,,,,,,,,,
Y,,,,,,,,,,,,,519,,,,,,,,,,,,,,,,,
Y,,,,,,,,,,,,,25,40,,,,,,79,,,,50,50,,,,,79
Y,,,,,,,,,,,,,200,,,,,,,,,,,,,,,,,
Y,,,,,,,,,,,,,500,,,100,,,,,,,,,,,,,,
Y,,,,,,,,,,,,,25,30,,,,,,,,,,,,,,,,
Y,,,,,,,,,,,,,25,,,,,,,,,,,,,,,,,
Y,,,,,,,,,,,,,15,,,,,,,,,,,,,,,,,
Y,,,,,,,,,,,,,25,,,,,,,,,,,,,,,,,
Y,,,,,,,,,,,,,15,,,,,,,,,,,,,,,,,
Y,,,,,,,,,,,,,15,,,,,,,,,,,,,,,,,
Y,,,,,,,,,,,,,15,,,,,,,,,,,,,,,,,
Y,,,,,,,,,,,,,100,,,,,,,,,,,,,,,,,
Y,,,,,,,,,,,,,25,,,,,,,,,,,,,,,,,
Y,,,,,,,,,,,,,50,75,,,,,,,,,,,,,,,,
Y,,,,,,,,,,,,,150,,,,,,,,,,,,,,,,,
Y,,,,,,,,,,,,,100,,,,,,,,,,,,,,,,,
Y,,,,,,,,,,,,,199,,,,,,,,,,,,,,,,,
Y,,,,,,,,,,,,,100,,,,,,,,,,,,,,,,,
Y,,,,,,,,,,,,,199,,,,,,,,,,,,,,,,,
Y,,,,,,,,,,,,,389,,,,,,,,,,,,,,,,,
Y,,,,,,,,,,,,,439,,,,,,,,,,,,,,,,,
Y,,,,,,,,,,,,,125,,,,,,,,,,,,,,,,,
Y,,,,,,,,,,,,,319,,,,,,,,,,,,,,,,,
Y,,,,,,,,,,,,,50,,,,,,,,50,,,,,50,,,,
Y,,,,,,,,,,,,,50,50,,,,,,,50,,,50,,50,,,,
Y,,,,,,,,,,,,,100,,,,,,,,,,,,,,,,,
Y,,,,,,,,,,,,,100,,,,,,,,,,,,,,,,,
Y,,,,,,,,,,,,,100,,,,,,,,,,,,,,,,,
Y,,,,,,,,,,,,,200,175,,,,,,,100,,,,,100,,,,
Y,,,,,,,,,,,,,59,49,,,,,,,,,,,,,,,,
Y,,,,,,,,,,,,,500,,,,,,,,,,,,,,,,,
Y,,,,,,,,,,,,,329,,,,,,,,,,,,,,,,,
Y,,,,,,,,,,,,,379,,,,,,,,,,,,,,,,,
Y,,,,,,,,,,,,,419,,,,,,,,,,,,,,,,,
Y,,,,,,,,,,,,,329,,,,,,,,,,,,,,,,,
Y,,,,,,,,,,,,,379,,,,,,,,,,,,,,,,,
Y,,,,,,,,,,,,,219,,,,,,,,,,,,,,,,,
Y,,,,,,,,,,,,,169,,,,,,,,,,,,,,,,,
Y,,,,,,,,,,,,,189,,,,,,,,,,,,,,,,,
Y,,,,,,,,,,,,,189,,,,,,,,,,,,,,,,,
Y,,,,,,,,,,,,,169,,,,,,,,,,,,,,,,,
Y,,,,,,,,,,,,,219,,,,,,,,,,,,,,,,,
Y,,,,,,,,,,,,,25,,,,,,,,30,,,,,30,,,,
Y,,,,,,,,,,,,,419,,,,,,,,,,,,,,,,,
Y,,,,,,,,,,,,,339,,,,,,,,,,,,,,,,,
Y,,,,,,,,,,,,,379,,,,,,,,,,,,,,,,,
Y,,,,,,,,,,,,,359,,,,,,,,,,,,,,,,,
Y,,,,,,,,,,,,,199,,,,,,,,,,,,,,,,,
Y,,,,,,,,,,,,,389,,,,,,,,,,,,,,,,,
Y,,,,,,,,,,,,,349,,,,,,,,,,,,,,,,,
Y,,,,,,,,,,,,,429,,,,,,,,,,,,,,,,,
Y,,,,,,,,,,,,,199,,,,,,,,,,,,,,,,,
Y,,,,,,,,,,,,,339,,,,,,,,,,,,,,,,,
Y,,,,,,,,,,,,,339,,,,,,,,,,,,,,,,,
Y,,,,,,,,,,,,,569,,,,,,,,,,,,,,,,,
Y,,,,,,,,,,,,,529,,,,,,,,,,,,,,,,,
Y,,,,,,,,,,,,,879,,,,,,,,899,,,,,899,,,,
Y,,,,,,,,,,,,,500,,,,,,,,,,,,,,,,,
Y,,,,,,,,,,,,,559,,,,,,,,,,,,,,,,,
Y,,,,,,,,,,,,,529,,,,,,,,,,,,,,,,,
Y,,,,,,,,,,,,,499,,,,,,,,,,,,,,,,,
Y,,,,,,,,,,,,,1009,,,,,,,,,,,,,,,,,
Y,,,,,,,,,,,,,389,,,,,,,,,,,,,,,,,
Y,,,,,,,,,,,,,389,,,,,,,,,,,,,,,,,
Y,,,,,,,,,,,,,439,,,,,,,,,,,,,,,,,
Y,,,,,,,,,,,,,439,,,,,,,,,,,,,,,,,
Y,,,,,,,,,,,,,339,,,,,,,,,,,,,,,,,
Y,,,,,,,,,,,,,389,,,,,,,,,,,,,,,,,
Y,,,,,,,,,,,,,439,,,,,,,,,,,,,,,,,
Y,,,,,,,,,,,,,1600,,,,,,,,,,,,,,,,,
Y,,,,,,,,,,,,,199,,,,,,,,,,,,,,,,,
Y,,,,,,,,,,,,,199,,,,199,,,,,,,,,,,,,
Y,,,,,,,,,,,,,500,,,,,,,,,,,,,,,,,
Y,,,,,,,,,,,,,40,,,,,,,,30,,,,,30,,,,
Y,,,,,,,,,,,,,529,,,,,,,,,,,,,,,,,
Y,,,,,,,,,,,,,849,,,,,,,,,,,,,,,,,
Y,,,,,,,,,,,,,879,,,,,,,,,,,,,,,,,
Y,,,,,,,,,,,,,569,,,,,,,,,,,,,,,,,
Y,,,,,,,,,,,,,769,739,,,,,,,,,,,,,,,,
Y,,,,,,,,,,,,,269,,,,,,,,,,,,,,,,,
Y,,,,,,,,,,,,,389,,,,,,,,,,,,,,,,,
Y,,,,,,,,,,,,,300,,,,,,,,,,,,,,,,,
Y,,,,,,,,,,,,,439,,,,,,,,,,,,,,,,,
Y,,,,,,,,,,,,,578,,,,,,,,,,,,,,,,,
Y,,,,,,,,,,,,,618,,,,,,,,,,,,,,,,,
Y,,,,,,,,,,,,,688,,,,,,,,,,,,,,,,,
Y,,,,,,,,,,,,,75,,,,,,,,,,,,,,,,,
Y,,,,,,,,,,,,,799,,,,,,,,,,,,,,,,,
Y,,,,,,,,,,,,,15,,,,,,,,,,,,,,,,,
Y,,,,,,,,,,,,,25,,,,,,,,,,,,,,,,,
Y,,,,,,,,,,,,,499,,,,,,,,,,,,,,,,,
Y,,,,,,,,,,,,,699,679,,,,,,,,,,,,,,,,
Y,,,,,,,,,,,,,919,,,,,,,,,,,,,,,,,
Y,,,,,,,,,,,,,25,,,,,,,,,,,,,,,,,
Y,,,,,,,,,,,,,25,,,,,,,,,,,,,,,,,
Y,,,,,,,,,,,,,769,,,,,,,,,,,,,,,,,
Y,,,,,,,,,,,,,25,,,,,,,,,,,,,,,,,
Y,,,,,,,,,,,,,50,,,,,,,,,,,,,,,,,
Y,,,,,,,,,,,,,100,,,,,,,,30,,,,,30,,,,
Y,,,,,,,,,,,,,40,35,,,,,,,,,,,,,,,,
Y,,,,,,,,,,,,,25,,,,,,,,,,,,,,,,,
Y,,,,,,,,,,,,,399,,,,,,,,,,,,,,,,,
Y,,,,,,,,,,,,,429,419,,,,,,,,,,,,,,,,
Y,,,,,,,,,,,,,299,229,,,,,,,,,,,,,,,,
Y,,,,,,,,,,,,,,2400,,,,,,,,,,,,,,,,
Y,,,,,,,,,,,,,,339,,,,,,,,,,,,,,,,
Y,,,,,,,,,,,,,,169,,,,,,,,,,,,,,,,
Y,,,,,,,,,,,,,,259,,,,,,,,,,,,,,,,
Y,,,,,,,,,,,,,,389,,,,,,,,,,,,,,,,
Y,,,,,,,,,,,,,,249,,,,,,,,,,,,,,,,
Y,,,,,,,,,,,,,,169,,,,,,,169,,,,,169,,,,
Y,,,,,,,,,,,,,,139,,,,,,,,,,,,,,,,
Y,,,,,,,,,,,,,,,,100,100,,100,,,100,,,,,,,,
Y,,,,,,,,,,,,,,,,,,5,,,,,,,,,,,,
Y,,,,,,,,,,,,,,,,,,5,,,,,,,,,,,,
Y,,,,,,,,,,,,,,,,,,,,,30,,,,,30,,,,
Y,,,,,,,,,,,,,,,,,,,,,50,,,,,50,,,,
Y,,,,,,,,,,,,,,,,,,,,,329,,,,,329,,,,
Y,,,,,,,,,,,,,,,,,,,,,129,100,,,,129,,,,
Y,,,,,,,,,,,,,,,,,,,,,149,,,,,149,,,,
Y,,,,,,,,,,,,,,,,,,,,,149,,,,,149,,,,
Y,,,,,,,,,,,,,,,,,,,,,149,,,,,149,,,,
Y,,,,,,,,,,,,,,,,,,,,,629,,,,,629,,,,
Y,,,,,,,,,,,,,,,,,,,,,32,,,,,32,,,,
Y,,,,,,,,,,,,,,,,,,,,,899,,,,,899,,,,
Y,,,,,,,,,,,,,,,,,,,,,30,,,,,30,,,,
Y,,,,,,,,,,,,,,,,,,,,,30,,,,,30,,,,
Y,,,,,,,,,,,,,,,,,,,,,849,,,,,849,,,,
Y,,,,,,,,,,,,,,,,,,,,,548,,,,,548,,,,
Y,,,,,,,,,,,,,,,,,,,,,519,,,,,519,,,,
Y,,,,,,,,,,,,,,,,,,,,,259,,,,,259,,,,
Y,,,,,,,,,,,,,,,,,,,,,239,,,,,239,,,,
Y,,,,,,,,,,,,,,,,,,,,,219,,,,,219,,,,
Y,,,,,,,,,,,,,,,,,,,,,35,,,,,,,,,
