any,1723,1909,1993,2808,3454,3545,3809,4830,5157,5312,5367,6153,6863,6996,7189,7526,7638,8266,10169,10620,10944,11264,11378,11444,12334,13685,16707,20875,22665,24273,26530,32479,35292
Y,219,229,219,229,229,229,239,229,229,229,199,219,219,219,229,229,219,219,229,219,,229,229,219,219,229,,229,219,229,229,199,199
Y,299,299,299,359,359,279,299,339,339,339,279,299,299,299,359,339,299,299,299,299,,339,339,299,299,339,,299,299,299,339,279,289
Y,229,239,229,259,259,259,269,249,249,249,249,229,229,269,259,249,269,229,269,229,,249,249,229,229,249,,269,229,269,249,249,249
Y,339,339,339,399,399,359,329,439,439,439,359,339,339,389,399,439,389,339,389,339,,439,439,339,339,439,,389,339,389,439,359,359
Y,659,729,689,689,689,659,659,679,679,679,679,659,679,759,689,679,729,659,729,659,,679,679,659,689,679,,729,659,729,679,649,699
Y,599,529,599,,,529,519,,,,559,599,599,569,,,599,599,599,599,,,,599,599,,,599,619,599,,559,579
Y,679,629,679,699,699,629,619,699,699,699,659,679,679,669,699,699,699,679,699,679,,699,699,679,679,699,,699,699,699,699,659,679
Y,169,149,159,199,199,139,139,199,199,199,149,159,159,179,199,199,199,169,179,159,,199,199,159,159,199,,179,159,179,199,149,149
Y,279,239,259,269,269,199,219,249,249,249,219,259,279,239,269,249,249,259,239,259,,249,249,259,279,249,,249,259,249,249,199,199
Y,489,419,489,559,559,449,469,559,559,559,479,499,499,559,559,559,569,489,539,489,,559,559,489,499,559,,549,489,549,559,499,449
Y,579,569,559,649,649,499,519,629,629,629,599,589,589,649,649,629,649,559,599,589,,629,629,589,589,629,,599,589,599,629,619,529
Y,259,219,239,269,269,149,189,239,239,239,189,239,259,189,269,239,199,239,199,239,,239,239,239,259,239,,199,239,199,239,159,159
Y,189,149,189,249,249,169,119,239,239,239,179,189,189,189,249,239,189,189,189,189,,239,239,189,189,239,,189,189,189,239,179,179
Y,249,249,239,269,269,239,259,259,259,259,249,249,249,279,269,259,279,249,279,249,,259,259,249,249,259,,279,249,279,259,249,239
Y,519,499,549,569,569,549,489,569,569,569,549,519,519,589,569,569,599,499,579,519,,569,569,519,519,569,,589,519,589,569,559,559
Y,199,169,199,,,159,169,,,,159,199,199,169,,,149,199,169,199,,,,199,199,,,159,199,149,,159,159
Y,379,329,379,369,369,369,339,359,359,359,369,379,379,389,369,359,389,379,389,379,,359,359,379,379,359,,389,379,389,359,369,369
Y,929,949,929,869,869,899,969,859,859,859,899,939,939,969,869,859,979,929,969,939,,859,859,929,939,859,,979,929,979,859,899,899
Y,229,249,229,279,279,199,189,269,269,269,199,229,229,269,279,269,269,229,269,229,,269,269,229,229,269,,269,229,269,269,219,219
Y,219,189,219,259,259,199,189,279,279,279,199,219,219,259,259,279,219,239,239,219,,279,279,239,219,279,,239,219,219,279,219,179
Y,149,129,149,139,139,129,129,139,139,139,129,149,149,149,139,139,149,149,149,149,,139,139,149,149,139,,149,149,149,139,129,129
Y,9999,,,,,,,,,,,9999,9999,,,,,,,,,,,,9999,,,,,,,,
Y,13999,,,,,,,,,,,13999,13999,,,,,,,,,,,,13999,,,,,,,,
Y,229,199,229,279,279,219,199,269,269,269,229,229,229,269,279,269,269,229,269,229,,269,269,229,229,269,,269,229,269,269,229,229
Y,100,139,100,,,119,139,,,,119,100,100,139,,,139,100,139,100,,,,100,100,,,139,100,139,,119,119
Y,219,179,219,199,199,169,179,189,189,189,169,219,219,199,199,189,199,219,199,219,,189,189,219,219,189,,199,219,199,189,169,179
Y,169,149,159,199,199,139,139,199,199,199,149,159,159,179,199,199,199,169,179,159,,199,199,159,159,199,,179,159,179,199,149,149
Y,479,329,479,449,449,489,449,449,449,449,489,479,489,449,449,449,449,479,449,479,,449,449,479,489,449,,449,479,449,449,499,489
Y,519,499,519,569,569,519,459,569,569,569,549,519,519,599,569,569,589,519,579,519,,569,569,519,549,569,,589,519,589,569,539,519
Y,519,499,519,549,549,479,419,549,549,549,479,519,519,569,549,549,569,499,579,519,,549,549,499,519,549,,579,519,569,549,479,499
Y,1039,999,1049,1089,1089,1059,999,1079,1079,1079,1059,1049,1049,1149,1089,1079,1149,1049,1149,1049,,1079,1079,1039,1049,1079,,1149,1049,1149,1079,1059,1059
Y,989,949,999,1049,1049,1009,949,1029,1029,1029,1009,989,989,1089,1049,1029,1089,989,1089,989,,1029,1029,989,999,1029,,1089,999,1089,1029,1009,1009
Y,659,599,659,679,679,659,599,679,679,679,659,659,659,679,679,679,679,659,679,659,,679,679,659,659,679,,679,659,679,679,659,659
Y,49,39,49,29,29,49,39,29,29,29,49,49,49,29,29,29,29,49,29,49,,29,29,49,49,29,,29,49,29,29,49,49
Y,669,529,649,669,669,599,499,649,649,649,599,669,669,699,669,649,699,649,699,649,,649,649,669,669,649,,699,669,699,649,599,599
Y,969,949,979,1019,1019,989,949,999,999,999,979,979,969,1129,1019,999,1129,969,1129,979,,999,999,969,969,999,,1129,979,1129,999,969,1019
Y,919,899,929,969,969,939,889,949,949,949,929,919,909,1069,969,949,1069,909,1069,919,,949,949,919,919,949,,1069,929,1069,949,919,929
Y,579,539,579,619,619,599,569,589,589,589,559,579,569,659,619,589,659,569,659,579,,589,589,579,569,589,,659,579,659,589,549,589
Y,50,,50,,,,,,,,40,50,50,,,,,50,,50,,,,50,50,,,,50,,,40,40
Y,59,99,59,79,79,99,119,79,79,79,99,59,59,89,79,79,89,59,89,59,,79,79,59,59,79,,89,59,89,79,99,139
Y,419,,399,449,449,369,,459,459,459,389,399,419,459,449,459,449,419,439,,,459,459,399,419,459,,449,,429,459,399,379
Y,249,219,249,259,259,219,219,249,249,249,219,249,249,319,259,249,319,249,319,249,,249,249,249,249,249,,319,249,319,249,219,219
Y,299,299,299,329,329,279,289,319,319,319,279,299,299,369,329,319,369,299,369,299,,319,319,299,299,319,,369,299,369,319,279,269
Y,339,359,339,389,389,319,349,379,379,379,319,339,339,419,389,379,419,339,419,339,,379,379,339,339,379,,419,339,419,379,319,319
Y,149,100,149,199,199,139,119,199,199,199,139,149,149,109,199,199,109,149,109,149,,199,199,149,149,199,,109,149,109,199,139,129
Y,239,189,239,219,219,199,189,219,219,219,199,239,239,219,219,219,229,239,219,239,,219,219,239,239,219,,229,239,219,219,199,199
Y,749,759,749,849,849,759,709,869,869,869,759,749,749,829,849,869,839,759,839,749,,869,869,749,759,869,,839,749,839,869,759,749
Y,779,769,779,949,949,739,739,949,949,949,739,779,779,829,949,949,839,779,839,779,,949,949,779,779,949,,839,779,839,949,739,739
Y,769,729,779,849,849,759,719,849,849,849,769,759,759,829,849,849,839,769,839,759,,849,849,759,759,849,,839,759,839,849,779,769
Y,219,199,219,259,259,159,179,249,249,249,169,219,219,199,259,249,259,219,199,219,,249,249,219,219,249,,199,219,219,249,179,179
Y,149,129,149,139,139,129,129,139,139,139,129,149,149,149,139,139,149,149,149,149,,139,139,149,149,139,,149,149,149,139,129,129
Y,269,249,269,269,269,249,249,259,259,259,249,269,269,269,269,259,269,269,269,269,,259,259,269,269,259,,269,269,269,259,249,249
Y,439,319,439,399,399,389,419,399,399,399,399,439,439,439,399,399,419,419,419,439,,399,399,419,429,399,,399,439,419,399,399,389
Y,439,319,439,399,399,389,419,399,399,399,399,439,439,439,399,399,419,419,419,439,,399,399,419,429,399,,399,439,419,399,399,389
Y,249,219,249,259,259,219,219,249,249,249,219,249,249,319,259,249,319,249,319,249,,249,249,249,249,249,,319,249,319,249,219,219
Y,379,279,379,239,239,299,319,249,249,249,299,379,379,299,239,249,299,379,319,379,,249,249,379,379,249,,319,379,319,249,299,299
Y,999,999,999,1059,1059,1029,999,1039,1039,1039,1029,999,999,1139,1059,1039,1139,999,1139,999,,1039,1039,999,999,1039,,1139,999,1139,1039,1029,1029
Y,939,949,959,1019,1019,979,949,989,989,989,979,939,939,1079,1019,989,1079,949,1079,949,,989,989,949,949,989,,1079,949,1079,989,979,979
Y,629,599,629,649,649,619,599,649,649,649,619,629,629,679,649,649,679,629,679,629,,649,649,649,629,649,,679,629,679,649,619,619
Y,299,299,299,329,329,279,289,319,319,319,279,299,299,369,329,319,369,299,369,299,,319,319,299,299,319,,369,299,369,319,279,269
Y,939,949,959,999,999,969,949,989,989,989,969,959,939,1119,999,989,1119,939,1119,939,,989,989,939,939,989,,1119,939,1119,989,969,969
Y,889,899,899,959,959,919,889,939,939,939,919,879,869,1059,959,939,1059,879,1049,889,,939,939,889,899,939,,1049,899,1059,939,919,919
Y,549,539,539,579,579,549,549,579,579,579,549,539,529,649,579,579,649,529,639,529,,579,579,549,549,579,,649,539,649,579,549,549
Y,339,359,339,389,389,319,349,379,379,379,319,339,339,419,389,379,419,339,419,339,,379,379,339,339,379,,419,339,419,379,319,319
Y,249,219,249,259,259,219,219,249,249,249,219,249,249,319,259,249,319,249,319,249,,249,249,249,249,249,,319,249,319,249,219,219
Y,299,299,299,329,329,279,289,319,319,319,279,299,299,369,329,319,369,299,369,299,,319,319,299,299,319,,369,299,369,319,279,269
Y,339,359,339,389,389,319,349,379,379,379,319,339,339,419,389,379,419,339,419,339,,379,379,339,339,379,,419,339,419,379,319,319
Y,219,199,219,259,259,159,179,249,249,249,169,219,219,199,259,249,259,219,199,219,,249,249,219,219,249,,199,219,219,249,179,179
Y,100,139,100,139,139,129,139,139,139,139,129,100,100,129,139,139,129,100,129,100,,139,139,100,100,139,,129,100,129,139,129,129
Y,149,169,169,159,159,159,169,149,149,149,149,159,159,169,159,149,149,159,159,159,,149,149,159,159,149,,159,159,149,149,159,149
Y,159,179,179,189,189,169,179,159,159,159,169,169,169,179,189,159,159,169,169,169,,159,159,169,169,159,,169,169,159,159,169,159
Y,169,189,189,199,199,179,189,169,169,169,179,179,179,189,199,169,169,179,179,179,,169,169,179,179,169,,179,179,169,169,179,169
Y,100,139,100,139,139,129,139,139,139,139,129,100,100,,139,139,129,100,129,100,,139,139,100,100,139,,129,100,129,139,129,129
Y,149,169,169,159,159,159,169,149,149,149,149,159,159,,159,149,149,159,159,159,,149,149,159,159,149,,159,159,149,149,159,149
Y,159,179,179,189,189,169,179,159,159,159,169,169,169,,189,159,159,169,169,169,,159,159,169,169,159,,169,169,159,159,169,159
Y,169,189,189,199,199,179,189,169,169,169,179,179,179,189,199,169,169,179,179,179,,169,169,179,179,169,,179,179,169,169,179,169
Y,239,239,239,279,279,189,219,269,269,269,189,239,239,239,279,269,279,239,229,239,,269,269,239,239,269,,229,239,239,269,199,199
Y,239,239,239,279,279,189,219,269,269,269,189,239,239,239,279,269,279,239,229,239,,269,269,239,239,269,,229,239,239,269,199,199
Y,189,159,189,259,259,169,159,259,259,259,169,189,189,169,259,259,169,189,169,189,,259,259,189,189,259,,169,189,169,259,169,179
Y,399,299,399,369,369,329,419,339,339,339,369,399,419,399,369,339,389,399,389,419,,339,339,399,399,339,,379,419,389,339,359,369
Y,289,239,289,279,279,259,239,279,279,279,259,289,289,289,279,279,289,289,289,289,,279,279,289,289,279,,289,289,289,279,259,249
Y,100,139,100,139,139,129,139,139,139,139,129,100,100,129,139,139,129,100,129,100,,139,139,100,100,139,,129,100,129,139,129,129
Y,149,169,169,159,159,159,169,149,149,149,149,159,159,169,159,149,149,159,159,159,,149,149,159,159,149,,159,159,149,149,159,149
Y,159,179,179,189,189,169,179,159,159,159,169,169,169,179,189,159,159,169,169,169,,159,159,169,169,159,,169,169,159,159,169,159
Y,169,189,189,199,199,179,189,169,169,169,179,179,179,189,199,169,169,179,179,179,,169,169,179,179,169,,179,179,169,169,179,169
Y,29,49,29,25,25,39,49,25,25,25,39,29,29,40,25,25,40,29,40,29,,25,25,29,29,25,,40,29,40,25,39,39
Y,39,39,39,39,39,39,39,39,39,39,39,39,39,,39,39,,39,,39,,39,39,39,39,39,,,39,,39,39,39
Y,519,,509,,,489,,419,,,499,509,509,689,399,419,689,519,689,519,,,,509,519,419,,689,509,689,419,499,499
Y,169,139,169,239,239,149,139,239,239,239,149,169,169,139,239,239,139,169,139,169,,239,239,169,169,239,,139,169,139,239,159,169
Y,319,319,319,369,369,299,319,369,369,369,299,319,319,359,369,369,359,319,359,319,,369,369,319,319,369,,369,319,359,369,299,299
Y,539,459,539,579,579,559,499,569,569,569,559,539,539,569,579,569,569,539,569,539,,569,569,539,539,569,,569,539,569,569,549,549
Y,100,139,100,139,139,129,139,139,139,139,129,100,100,129,139,139,129,100,129,100,,139,139,100,100,139,,129,100,129,139,129,129
Y,149,169,169,159,159,159,169,149,149,149,149,159,159,169,159,149,149,159,159,159,,149,149,159,159,149,,159,159,149,149,159,149
Y,159,179,179,189,189,169,179,159,159,159,169,169,169,179,189,159,159,169,169,169,,159,159,169,169,159,,169,169,159,159,169,159
Y,169,189,189,199,199,179,189,169,169,169,179,179,179,189,199,169,169,179,179,179,,169,169,179,179,169,,179,179,169,169,179,169
Y,100,139,100,139,139,129,139,139,139,139,129,100,100,129,139,139,129,100,129,100,,139,139,100,100,139,,129,100,129,139,129,129
Y,149,169,169,159,159,159,169,149,149,149,149,159,159,169,159,149,149,159,159,159,,149,149,159,159,149,,159,159,149,149,159,149
Y,159,179,179,189,189,169,179,159,159,159,169,169,169,179,189,159,159,169,169,169,,159,159,169,169,159,,169,169,159,159,169,159
Y,169,189,189,199,199,179,189,169,169,169,179,179,179,189,199,169,169,179,179,179,,169,169,179,179,169,,179,179,169,169,179,169
Y,30,30,30,10,10,20,30,10,10,10,20,30,30,30,10,10,30,30,,30,,10,10,30,30,10,,,30,30,10,20,20
Y,30,30,30,10,10,20,30,10,10,10,20,30,30,50,10,10,50,30,50,30,,10,10,30,30,10,,50,30,50,10,20,20
Y,219,149,219,189,189,189,179,189,189,189,189,219,219,199,189,189,199,219,199,219,,189,189,219,219,189,,199,219,199,189,199,189
Y,100,139,100,139,139,129,139,139,139,139,129,100,100,129,139,139,129,100,129,100,,139,139,100,100,139,,129,100,129,139,129,129
Y,149,169,169,159,159,159,169,149,149,149,149,159,159,169,159,149,149,159,159,159,,149,149,159,159,149,,159,159,149,149,159,149
Y,159,179,179,189,189,169,179,159,159,159,169,169,169,179,189,159,159,169,169,169,,159,159,169,169,159,,169,169,159,159,169,159
Y,169,189,189,199,199,179,189,169,169,169,179,179,179,189,199,169,169,179,179,179,,169,169,179,179,169,,179,179,169,169,179,169
Y,469,419,479,499,499,459,499,529,529,529,459,469,469,489,499,529,489,469,489,469,,529,529,469,469,529,,489,469,489,529,469,459
Y,68,70,68,101,101,70,70,101,101,101,70,68,68,80,101,101,80,68,70,68,,101,101,68,68,101,,70,68,70,101,70,70
Y,30,25,30,20,20,29,25,20,20,20,29,30,30,23,20,20,23,30,23,30,,20,20,30,30,20,,23,30,23,20,29,29
Y,25,,25,,,,,,,,,25,25,,,,,25,,25,,,,25,25,,,,25,,,,
Y,419,369,389,459,459,389,399,449,449,449,389,399,419,479,459,449,479,389,479,389,,449,449,419,399,449,,479,389,479,449,399,389
Y,40,30,40,35,35,49,30,35,35,35,49,40,40,39,35,35,39,40,40,40,,35,35,40,40,35,,40,40,40,35,49,49
Y,2949,2499,2949,2689,2689,,2579,2689,2689,2689,,2949,2949,2969,2689,2689,2969,2949,2969,2949,,2689,2689,2949,2949,2689,,2969,2949,2969,2689,,
Y,449,399,,429,429,429,399,439,429,429,429,449,449,619,439,439,619,409,619,,,429,429,399,449,439,,619,,619,439,429,429
Y,529,489,,549,549,489,489,539,549,549,499,529,529,779,539,539,779,459,779,,,549,549,499,529,539,,779,,779,539,499,499
Y,219,229,219,219,219,219,219,219,219,219,219,219,219,179,219,219,179,219,,219,,219,219,219,229,219,,,219,,219,219,229
Y,239,249,239,249,249,239,239,249,249,249,239,239,239,199,249,249,199,239,199,239,,249,249,239,249,249,,199,239,199,249,239,249
Y,259,269,259,269,269,259,259,269,269,269,259,259,259,219,269,269,219,259,199,259,,269,269,259,269,269,,219,259,219,269,259,269
Y,239,249,239,249,249,239,239,249,249,249,239,239,239,199,249,249,199,239,199,239,,249,249,239,249,249,,199,239,199,249,239,249
Y,259,269,259,269,269,259,259,269,269,269,259,259,259,219,269,269,219,259,199,259,,269,269,259,269,269,,219,259,219,269,259,269
Y,239,249,239,249,249,239,239,249,249,249,239,239,239,199,249,249,199,239,199,239,,249,249,239,249,249,,199,239,199,249,239,249
Y,259,269,259,269,269,259,259,269,269,269,259,259,259,219,269,269,219,259,199,259,,269,269,259,269,269,,219,259,219,269,259,269
Y,189,,189,,,,,169,169,169,,189,189,,169,,,189,,189,,169,,189,189,169,,,189,,,,
Y,279,199,279,219,219,189,289,209,209,209,189,279,279,339,219,209,319,279,319,279,,209,209,279,279,209,,319,279,319,209,199,189
Y,219,229,219,219,219,219,219,219,219,219,219,219,219,,219,219,,219,,219,,219,219,219,229,219,,,219,,219,219,229
Y,89,89,89,89,89,,89,89,89,89,,89,89,89,89,89,89,89,89,89,,89,89,89,89,89,,89,89,89,89,,
Y,219,229,219,219,219,219,219,219,219,219,219,219,219,179,219,219,179,219,,219,,219,219,219,229,219,,,219,,219,219,229
Y,100,139,100,139,139,129,139,139,139,139,129,100,100,129,139,139,129,100,129,100,,139,139,100,100,139,,129,100,129,139,129,129
Y,149,169,169,159,159,159,169,149,149,149,149,159,159,169,159,149,149,159,159,159,,149,149,159,159,149,,159,159,149,149,159,149
Y,159,179,179,189,189,169,179,159,159,159,169,169,169,179,189,159,159,169,169,169,,159,159,169,169,159,,169,169,159,159,169,159
Y,169,189,189,199,199,179,189,169,169,169,179,179,179,189,199,169,169,179,179,179,,169,169,179,179,169,,179,179,169,169,179,169
Y,189,,189,100,100,,,100,100,100,,189,189,,100,,,189,,189,,100,100,189,189,149,,,189,,,,
Y,249,219,249,259,259,,200,259,259,259,,249,249,200,259,259,239,249,200,249,,259,259,249,249,249,,200,249,219,259,,
Y,299,289,299,329,329,,289,329,329,329,,299,299,279,329,329,279,319,279,299,,329,329,299,299,319,,279,299,279,329,,
Y,329,339,329,379,379,,339,379,379,379,,329,329,319,379,379,339,329,319,329,,379,379,329,329,369,,319,329,329,379,,
Y,269,249,269,259,259,219,229,259,259,259,219,269,269,269,259,259,269,269,269,269,,259,259,269,269,,,269,269,269,259,249,229
Y,339,289,339,329,329,279,289,329,329,329,279,339,339,349,329,329,349,339,349,339,,329,329,339,339,,,349,339,349,329,279,269
Y,399,379,399,389,389,319,359,389,389,389,319,399,399,419,389,389,419,399,419,399,,389,389,399,399,,,419,399,419,389,319,319
Y,269,249,269,259,259,219,229,259,259,259,219,269,269,269,259,259,269,269,269,269,,259,259,269,269,,,269,269,269,259,249,229
Y,339,289,339,329,329,279,289,329,329,329,279,339,339,349,329,329,349,339,349,339,,329,329,339,339,,,349,339,349,329,279,269
Y,1479,1749,1479,1619,1619,1599,1699,1619,1619,1619,1599,1479,1499,1849,1619,1619,1879,1479,1879,1479,,1619,1619,1479,1479,1619,,1879,1479,1879,1619,1609,1629
Y,399,379,399,389,389,319,359,389,389,389,319,399,399,419,389,389,419,399,419,399,,389,389,399,399,,,419,399,419,389,319,319
Y,219,219,219,259,259,219,219,259,259,259,219,219,219,219,259,259,219,219,219,219,,259,259,219,219,,,219,219,219,259,219,219
Y,289,289,289,329,329,259,289,329,329,329,259,289,289,349,329,329,349,289,349,289,,329,329,289,289,,,349,289,349,329,269,269
Y,339,339,339,389,389,299,339,389,389,389,299,339,339,419,389,389,419,339,419,339,,389,389,339,339,,,419,339,419,389,299,319
Y,59,99,59,79,79,,119,79,79,79,,59,59,89,79,79,89,59,89,59,,79,79,59,59,79,,89,59,89,79,99,139
Y,299,349,299,329,329,329,299,329,329,329,379,299,299,399,329,329,399,299,399,299,,329,329,299,299,329,,399,299,399,329,389,329
Y,69,30,69,,,,30,30,,,,69,69,79,30,30,79,69,79,69,,,,69,69,30,,79,69,79,30,,
Y,69,30,69,,,,30,30,,,,69,69,70,40,30,70,69,70,69,,,,69,69,30,,70,69,70,,,
Y,459,279,459,399,399,419,299,399,399,399,419,439,459,499,399,399,499,439,499,459,,399,399,459,459,399,,499,459,499,399,399,399
Y,479,399,479,469,469,449,379,469,469,469,469,459,479,579,469,469,579,479,579,479,,469,469,479,479,469,,579,479,579,469,469,469
Y,559,489,559,539,539,519,419,549,549,549,519,539,559,619,539,549,619,539,619,559,,549,549,559,539,549,,619,559,619,549,519,539
Y,459,279,459,399,399,419,299,399,399,399,419,439,459,499,399,399,499,439,499,459,,399,399,459,459,399,,499,459,499,399,399,399
Y,479,399,479,469,469,449,379,469,469,469,469,459,479,579,469,469,579,479,579,479,,469,469,479,479,469,,579,479,579,469,469,469
Y,219,219,219,259,259,219,219,259,259,259,219,219,219,219,259,259,219,219,219,219,,259,259,219,219,,,219,219,219,259,219,219
Y,559,489,559,539,539,519,419,549,549,549,519,539,559,619,539,549,619,539,619,559,,549,549,559,539,549,,619,559,619,549,519,539
Y,289,289,289,329,329,259,289,329,329,329,259,289,289,349,329,329,349,289,349,289,,329,329,289,289,,,349,289,349,329,269,269
Y,339,339,339,389,389,299,339,389,389,389,299,339,339,419,389,389,419,339,419,339,,389,389,339,339,,,419,339,419,389,299,319
Y,459,279,459,399,399,419,299,399,399,399,419,439,459,499,399,399,499,439,499,459,,399,399,459,459,399,,499,459,499,399,399,399
Y,479,399,479,469,469,449,379,469,469,469,469,459,479,579,469,469,579,479,579,479,,469,469,479,479,469,,579,479,579,469,469,469
Y,599,559,589,659,659,609,519,659,659,659,619,599,599,669,659,659,659,599,649,589,,659,659,599,599,659,,649,599,659,659,609,629
Y,599,549,589,649,649,629,499,649,649,649,599,579,589,659,649,649,659,599,639,579,,649,649,599,599,649,,649,599,649,649,609,619
Y,559,489,559,539,539,519,419,549,549,549,519,539,559,619,539,549,619,539,619,559,,549,549,559,539,549,,619,559,619,549,519,539
Y,259,150,249,219,219,219,199,219,219,219,219,249,259,229,219,219,239,249,229,249,,219,219,249,259,219,,239,249,239,219,219,219
Y,50,50,50,89,89,30,50,89,89,89,30,50,50,,89,89,,50,,50,,89,89,50,50,89,,,50,,89,30,30
Y,319,289,319,329,329,299,289,329,329,329,299,319,319,339,329,329,339,319,339,319,,329,329,319,319,329,,339,319,339,329,299,299
Y,359,259,359,319,319,329,319,359,359,359,329,359,359,300,319,359,300,359,300,359,,359,359,359,359,359,,300,359,300,359,329,319
Y,919,859,919,1029,1029,849,799,1019,1019,1019,839,919,919,899,1029,1019,899,919,899,919,,1019,1019,919,919,1019,,899,919,899,1019,869,849
Y,899,839,899,1029,1029,849,799,1019,1019,1019,829,899,899,899,1029,1019,899,899,899,899,,1019,1019,899,899,1019,,899,899,899,1019,859,859
Y,189,169,179,119,119,139,169,109,109,109,169,179,179,189,119,109,189,189,189,189,,109,109,179,179,109,,189,179,189,109,179,139
Y,100,70,100,80,80,80,80,80,80,80,80,100,100,99,80,80,99,100,89,100,,80,80,100,100,80,,80,100,99,80,89,80
Y,239,179,239,189,189,219,199,199,199,199,219,239,239,199,189,199,199,239,199,239,,199,199,239,239,199,,199,239,199,199,219,219
Y,159,149,159,119,119,,149,129,129,129,,159,159,100,129,,100,159,,159,,129,,159,159,129,,149,159,,119,,
Y,219,229,219,219,219,219,219,219,219,219,219,219,219,,219,219,,219,,219,,219,219,219,229,219,,,219,,219,219,229
Y,239,249,239,249,249,239,239,249,249,249,239,239,239,199,249,249,199,239,199,239,,249,249,239,249,249,,199,239,199,249,239,249
Y,259,269,259,269,269,259,259,269,269,269,259,259,259,219,269,269,219,259,199,259,,269,269,259,269,269,,219,259,219,269,259,269
Y,100,139,100,139,139,129,139,139,139,139,129,100,100,129,139,139,129,100,129,100,,139,139,100,100,139,,129,100,129,139,129,129
Y,149,169,169,159,159,159,169,149,149,149,149,159,159,169,159,149,149,159,159,159,,149,149,159,159,149,,159,159,149,149,159,149
Y,159,179,179,189,189,169,179,159,159,159,169,169,169,179,189,159,159,169,169,169,,159,159,169,169,159,,169,169,159,159,169,159
Y,169,189,189,199,199,179,189,169,169,169,179,179,179,189,199,169,169,179,179,179,,169,169,179,179,169,,179,179,169,169,179,169
Y,369,259,369,319,319,329,319,349,349,349,329,369,369,300,319,349,300,369,300,369,,349,349,369,369,349,,300,369,300,349,329,319
Y,269,249,269,259,259,219,229,259,259,259,219,269,269,269,259,259,269,269,269,269,,259,259,269,269,,,269,269,269,259,249,229
Y,399,379,399,389,389,319,359,389,389,389,319,399,399,419,389,389,419,399,419,399,,389,389,399,399,,,419,399,419,389,319,319
Y,219,229,219,259,259,219,219,259,259,259,219,219,219,229,259,259,229,219,229,219,,259,259,219,219,,,229,219,229,259,239,229
Y,329,369,329,389,389,319,359,389,389,389,319,329,329,419,389,389,419,329,419,329,,389,389,329,329,,,419,329,419,389,339,319
Y,219,219,219,259,259,219,219,259,259,259,219,219,219,219,259,259,219,219,219,219,,259,259,219,219,249,,219,219,219,259,219,219
Y,339,339,339,389,389,299,339,389,389,389,299,339,339,419,389,389,419,339,419,339,,389,389,339,339,379,,419,339,419,389,299,319
Y,99,129,99,229,229,129,139,229,229,229,139,99,99,119,229,229,159,99,119,99,,229,229,99,99,,,119,99,129,229,149,139
Y,239,219,239,269,269,259,219,269,269,269,259,239,239,259,269,269,259,239,259,239,,269,269,239,239,269,,259,239,259,269,259,259
Y,40,30,40,30,30,30,30,30,30,30,30,40,40,50,30,30,50,40,50,40,,30,30,40,40,30,,50,40,50,30,30,30
Y,69,59,69,79,79,80,59,79,79,79,80,69,69,59,79,79,59,69,59,69,,79,79,69,69,79,,59,69,59,79,80,80
Y,289,289,289,329,329,259,289,329,329,329,259,289,289,349,329,329,349,289,349,289,,329,329,289,289,319,,349,289,349,329,269,269
Y,339,289,339,329,329,279,289,329,329,329,279,339,339,349,329,329,349,339,349,339,,329,329,339,339,,,349,339,349,329,279,269
Y,279,289,279,329,329,279,289,329,329,329,269,289,279,339,329,329,319,279,349,279,,329,329,279,279,329,,329,279,329,329,279,269
Y,379,379,379,419,419,389,379,399,399,399,389,379,379,419,419,399,399,379,439,379,,399,399,379,379,399,,419,379,419,399,389,389
Y,319,289,319,329,329,279,289,329,329,329,279,319,319,339,329,329,339,319,339,319,,329,329,319,319,,,339,319,339,329,299,299
Y,249,200,249,269,269,259,200,269,269,269,259,249,249,279,269,269,279,249,279,249,,269,269,249,249,269,,279,249,279,269,259,259
Y,319,289,319,339,339,299,289,339,339,339,299,319,319,359,339,339,359,319,359,319,,339,339,319,319,339,,359,319,359,339,299,299
Y,359,339,359,399,399,359,359,399,399,399,359,359,359,399,399,399,399,359,399,359,,399,399,359,359,399,,399,359,399,399,359,359
Y,359,379,359,389,389,359,339,389,389,389,359,359,359,419,389,389,419,359,419,359,,389,389,359,359,379,,419,359,419,389,359,359
Y,279,289,279,329,329,279,289,329,329,329,269,289,279,339,329,329,319,279,349,279,,329,329,279,279,329,,329,279,329,329,279,269
Y,379,379,379,419,419,389,379,399,399,399,389,379,379,419,419,399,399,379,439,379,,399,399,379,379,399,,419,379,419,399,389,389
Y,489,419,469,479,479,439,449,469,469,469,459,469,489,489,479,469,439,469,479,489,,469,469,489,489,469,,459,489,459,469,459,439
Y,149,119,149,139,139,99,99,139,139,139,99,149,149,149,139,139,159,149,139,149,,139,139,149,149,139,,139,149,139,139,139,119
Y,319,289,319,329,329,299,289,329,329,329,299,319,319,319,329,329,319,319,319,319,,329,329,319,319,319,,319,319,319,329,299,299
Y,200,200,200,259,259,259,200,259,259,259,259,200,200,200,259,259,200,200,200,200,,259,259,200,200,249,,200,200,200,259,259,259
Y,389,399,389,429,429,389,389,429,429,429,389,389,389,439,429,429,439,389,439,389,,429,429,389,389,429,,439,389,419,429,389,389
Y,489,499,489,529,529,449,459,519,519,519,449,489,489,489,529,519,489,489,469,489,,519,519,489,499,519,,479,499,469,519,449,449
Y,489,419,469,479,479,439,449,469,469,469,459,469,489,489,479,469,439,469,479,489,,469,469,489,489,469,,459,489,459,469,459,439
Y,100,139,100,,,119,139,,,,119,100,100,139,,,139,100,139,100,,,,100,100,,,139,100,139,,119,119
Y,199,169,199,159,159,159,169,149,149,149,159,199,199,169,159,149,149,199,169,199,,149,149,199,199,149,,159,199,149,149,159,159
Y,969,989,999,999,999,1039,989,1039,1039,1039,1039,989,989,1119,999,1039,1119,979,1119,959,,1039,1039,969,989,1039,,1119,979,1119,1039,1039,999
Y,149,129,149,139,139,129,129,139,139,139,129,149,149,149,139,139,149,149,149,149,,139,139,149,149,139,,149,149,149,139,129,129
Y,269,249,269,259,259,219,229,259,259,259,219,269,269,269,259,259,269,269,269,269,,259,259,269,269,,,269,269,269,259,249,229
Y,339,289,339,329,329,279,289,329,329,329,279,339,339,349,329,329,349,339,349,339,,329,329,339,339,,,349,339,349,329,279,269
Y,399,379,399,389,389,319,359,389,389,389,319,399,399,419,389,389,419,399,419,399,,389,389,399,399,,,419,399,419,389,319,319
Y,219,219,219,259,259,219,219,259,259,259,219,219,219,219,259,259,219,219,219,219,,259,259,219,219,,,219,219,219,259,219,219
Y,289,289,289,329,329,259,289,329,329,329,259,289,289,349,329,329,349,289,349,289,,329,329,289,289,,,349,289,349,329,269,269
Y,339,339,339,389,389,299,339,389,389,389,299,339,339,419,389,389,419,339,419,339,,389,389,339,339,,,419,339,419,389,299,319
Y,219,229,219,219,219,219,219,219,219,219,219,219,219,179,219,219,179,219,179,219,,219,219,219,229,219,,179,219,179,219,219,229
Y,239,249,239,249,249,239,239,249,249,249,239,239,239,199,249,249,199,239,199,239,,249,249,239,249,249,,199,239,199,249,239,249
Y,259,269,259,269,269,259,259,269,269,269,259,259,259,219,269,269,219,259,199,259,,269,269,259,269,269,,219,259,219,269,259,269
Y,199,,199,,,149,,,,,149,199,199,,,,,199,219,199,,,,199,199,,,199,199,229,,159,159
Y,2049,2139,2049,2289,2289,2329,2219,2289,2289,2289,2379,2069,2099,2419,2289,2289,2499,2049,2459,2049,,2289,2289,2049,2049,2289,,2419,2049,2419,2289,2379,2379
Y,200,200,200,289,289,179,219,269,269,269,179,200,200,319,289,269,319,200,319,200,,269,269,200,200,269,,319,200,319,269,179,179
Y,189,,189,100,100,100,,,100,100,100,189,189,169,,,169,189,179,189,,100,100,189,189,,,179,189,179,,100,100
Y,889,749,889,819,819,789,789,819,819,819,799,869,889,879,819,819,849,859,849,889,,819,819,889,889,819,,819,889,849,819,789,799
Y,219,179,219,199,199,169,179,189,189,189,169,219,219,199,199,189,199,219,199,219,,189,189,219,219,189,,199,219,199,189,169,179
Y,239,189,239,219,219,199,189,219,219,219,199,239,239,219,219,219,229,239,219,239,,219,219,239,239,219,,229,239,219,219,199,199
Y,389,399,389,429,429,389,389,429,429,429,389,389,389,439,429,429,439,389,439,389,,429,429,389,389,429,,439,389,419,429,389,389
Y,489,499,489,529,529,449,459,519,519,519,449,489,489,489,529,519,489,489,469,489,,519,519,489,499,519,,479,499,469,519,449,449
Y,269,279,269,319,319,249,259,319,319,319,249,279,269,269,319,319,269,269,249,269,,319,319,269,279,319,,259,299,249,319,249,249
Y,269,279,269,319,319,249,259,319,319,319,249,279,269,269,319,319,269,269,249,269,,319,319,269,279,319,,259,299,249,319,249,249
Y,229,,,,,,,,,,,229,229,,,,,,,,,,,,229,,,,,,,,
Y,229,,,,,,,,,,,229,229,,,,,,,,,,,,229,,,,,,,,
Y,299,249,299,299,299,239,269,299,299,299,249,299,299,299,299,299,289,299,299,299,,299,299,299,299,299,,299,299,299,299,249,249
Y,379,289,379,349,349,299,289,359,359,359,299,379,379,359,349,359,369,379,359,379,,359,359,379,379,359,,359,379,359,359,299,299
Y,789,719,769,799,799,699,679,799,799,799,699,789,779,889,799,799,879,769,869,779,,799,799,769,789,799,,869,779,869,799,699,699
Y,500,500,500,500,500,500,500,500,500,500,500,500,500,500,500,500,510,500,500,500,,500,500,500,500,500,,500,500,500,500,500,500
Y,110,,95,,,,,,,,,110,110,199,,,199,,199,110,,,,,110,,,199,95,199,,,
Y,479,279,479,419,419,439,319,419,419,419,439,479,479,499,419,419,499,479,499,479,,419,419,479,479,419,,499,479,499,419,419,419
Y,499,419,499,479,479,469,389,479,479,479,489,499,499,579,479,479,579,499,579,499,,479,479,499,499,479,,579,499,579,479,489,489
Y,559,489,559,549,549,539,419,549,549,549,539,559,559,619,549,549,619,559,619,559,,549,549,559,559,549,,619,559,619,549,539,559
Y,519,439,519,559,559,539,479,549,549,549,539,519,519,569,559,549,569,499,569,519,,549,549,499,519,549,,569,519,569,549,519,519
Y,519,439,519,559,559,539,479,549,549,549,539,519,519,569,559,549,569,499,569,519,,549,549,499,519,549,,569,519,569,549,519,519
Y,40,40,40,35,35,59,40,30,30,30,59,40,40,59,35,30,59,40,59,40,,30,30,40,40,30,,59,40,59,30,59,59
Y,30,30,30,29,29,25,30,29,29,29,25,30,30,30,29,29,30,30,30,30,,29,29,30,30,29,,30,30,30,29,25,25
Y,689,,679,739,739,,,719,719,719,,719,679,779,739,719,779,689,779,689,,719,719,689,679,719,,779,719,769,719,,
Y,359,,359,,,329,,,,,329,359,359,,,,,359,,359,,,,359,359,,,,359,,,329,319
Y,130,120,130,150,150,130,130,150,150,150,130,130,130,149,150,150,149,130,149,130,,150,150,130,130,150,,149,130,149,150,130,130
Y,99,100,99,,,129,100,50,,,129,99,99,139,50,50,139,99,139,99,,,,99,99,,,139,99,139,,129,129
Y,199,150,199,229,229,200,150,209,209,209,200,199,199,199,229,209,199,199,199,199,,209,209,199,199,209,,199,199,199,209,200,200
Y,399,359,399,379,379,359,349,379,379,379,359,399,399,379,379,379,379,399,379,399,,379,379,399,399,379,,379,399,379,379,359,359
Y,1999,,1999,,,,1199,,,,,1999,1999,,,,,1999,,1999,,,,1999,1999,,,,1999,,,,
Y,129,80,129,149,149,70,80,149,149,149,70,129,129,60,149,149,60,129,75,129,,149,149,129,129,149,,75,129,75,149,70,70
Y,699,649,699,749,749,699,639,749,749,749,699,699,699,769,749,749,769,699,769,699,,749,749,699,699,749,,769,719,769,749,699,699
Y,1019,999,1039,1119,1119,1049,989,1099,1099,1099,1069,1019,1019,1169,1119,1099,1169,1029,1169,1019,,1099,1099,1019,1029,1099,,1169,1049,1169,1099,1049,1049
Y,1069,1049,1089,1159,1159,1099,1039,1149,1149,1149,1139,1089,1079,1229,1159,1149,1229,1079,1229,1079,,1149,1149,1069,1079,1149,,1229,1099,1229,1149,1099,1099
Y,789,719,789,769,769,739,729,769,769,769,739,789,789,819,769,769,789,769,819,789,,769,769,819,819,769,,819,789,819,769,739,769
Y,1129,1079,1149,1169,1169,1129,1089,1159,1159,1159,1169,1149,1139,1239,1169,1159,1239,1139,1239,1139,,1159,1159,1129,1139,1159,,1239,1139,1239,1159,1159,1129
Y,279,,,,,,,,,,,279,279,,,,,,,,,,,,279,,,,,,,,
Y,319,,,,,,,,,,,319,319,,,,,,,,,,,339,319,,,,,,,,
Y,239,,239,,,239,,,,,239,239,239,,,,,239,,239,,,,239,239,,,,239,,,219,219
Y,269,289,269,339,339,269,289,329,329,329,279,269,269,339,339,329,339,269,339,269,,329,329,269,269,329,,339,269,339,329,279,269
Y,359,,359,,,329,,,,,329,359,359,,,,,359,,359,,,,359,359,,,,359,,,329,319
Y,1999,,1999,,,,,,,,,1999,1999,,,,,1999,,1999,,,,1999,1999,,,,1999,,,,
Y,275,269,275,289,289,210,269,279,279,279,210,275,275,200,289,279,200,275,210,275,,279,279,275,275,279,,210,275,210,279,210,210
Y,150,150,150,150,150,150,150,150,150,150,150,150,150,150,150,150,150,150,150,150,,150,150,150,150,150,,150,150,150,150,150,150
Y,139,50,139,,,100,50,,,,100,139,139,120,,,120,139,120,139,,,,139,139,,,120,139,120,,100,100
Y,289,299,299,349,349,289,299,349,349,349,279,289,299,339,349,349,339,299,339,279,,349,349,289,289,349,,339,279,339,349,289,289
Y,139,,139,,,,,,,,,139,139,,,,,139,100,139,,,,139,139,,,100,139,100,,,
Y,179,,179,,,,,,,,,179,179,,,,,179,169,179,,,,179,179,,,159,179,150,,,
Y,899,,,,,,,,,,,899,899,,,,,,,,,,,,899,,,,,,,,
Y,839,699,839,879,879,699,699,869,869,869,699,839,839,799,879,869,799,839,799,839,,869,869,839,839,869,,799,839,799,869,699,699
Y,369,359,349,449,449,379,389,439,439,439,379,349,379,469,449,439,469,349,469,369,,439,439,379,369,439,,469,349,469,439,379,379
Y,399,339,399,359,359,339,299,379,379,379,339,399,399,399,359,379,399,399,379,399,,379,379,399,399,379,,369,399,379,379,349,349
Y,189,,189,100,100,,,,100,100,,189,189,,,,,189,,189,,100,100,189,189,,,,189,,,,
Y,249,,,,,,,,,,,249,249,,,,,249,,,,,,249,249,,,,,,,,
Y,30,30,30,25,25,,30,25,25,25,,30,30,30,25,25,30,30,30,30,,25,25,30,30,25,,30,30,30,25,30,30
Y,579,539,589,599,599,599,559,589,589,589,599,579,589,649,599,589,649,579,649,569,,589,589,579,589,589,,649,579,649,589,599,599
Y,239,249,239,289,289,249,239,289,289,289,249,239,239,239,289,289,239,239,239,239,,289,289,239,239,289,,239,239,239,289,249,249
Y,199,130,199,149,149,159,130,149,149,149,159,199,199,219,149,149,219,199,219,199,,149,149,199,199,149,,219,199,219,149,159,159
Y,1099,,1099,,,,,,,,,1099,1099,,,,,,,,,,,,1099,,,,,,,,
Y,219,219,219,259,259,229,219,259,259,259,229,219,219,219,259,259,219,219,219,219,,259,259,219,219,259,,219,219,219,259,229,229
Y,199,199,199,229,229,199,199,229,229,229,199,199,199,199,229,229,199,199,199,199,,229,229,199,199,229,,199,199,199,229,199,199
Y,279,229,279,199,199,199,249,199,199,199,199,279,279,239,199,199,259,279,239,279,,199,199,279,279,199,,249,279,259,199,199,199
Y,299,219,299,239,239,269,299,239,239,239,259,299,299,319,239,239,319,299,300,299,,239,239,299,299,239,,300,299,300,239,259,259
Y,150,130,150,,,140,140,,,,140,150,150,160,,,160,150,160,150,,,,150,150,,,160,150,160,,140,140
Y,159,99,159,169,169,89,90,169,169,169,79,159,159,149,169,169,149,159,149,159,,169,169,159,159,169,,149,159,149,169,99,79
Y,659,649,659,699,699,679,619,699,699,699,689,659,659,709,699,699,709,659,709,659,,699,699,659,659,699,,709,659,709,699,699,699
Y,999,939,999,1079,1079,959,899,1079,1079,1079,969,999,999,989,1079,1079,989,999,989,999,,1079,1079,999,999,1079,,989,999,989,1079,979,979
Y,599,629,589,,,569,579,629,629,629,599,629,589,629,619,629,629,599,,599,,629,629,599,589,629,,629,629,619,629,,
Y,219,179,219,259,259,189,169,259,259,259,189,219,219,239,259,259,239,219,239,219,,259,259,219,219,259,,239,219,239,259,219,199
Y,299,279,299,299,299,289,269,299,299,299,289,299,299,329,299,299,329,299,329,299,,299,299,299,299,299,,329,299,329,299,289,289
Y,469,489,489,499,499,499,479,499,499,499,499,489,479,539,499,499,539,479,539,469,,499,499,469,479,499,,539,479,539,499,499,499
Y,299,289,299,359,349,299,299,369,369,369,299,299,299,339,359,369,339,299,339,299,,369,369,299,299,369,,339,299,339,369,299,329
Y,839,,839,,,849,,,,,829,839,839,819,,,819,839,819,839,,,,839,839,,,829,839,819,,829,829
Y,229,189,229,269,269,199,179,269,269,269,199,229,229,249,269,269,249,229,249,229,,269,269,229,229,269,,249,229,249,269,229,219
Y,999,1069,1039,1119,1119,1039,1039,1099,1099,1099,1029,999,1019,1169,1119,1099,1169,1029,1169,999,,1099,1099,999,1029,1099,,1169,999,1169,1099,1029,1059
Y,919,1019,919,1079,1079,959,989,1049,1049,1049,909,919,919,1029,1079,1049,1029,919,1039,919,,1049,1049,919,919,1049,,1039,919,1029,1049,929,999
Y,1319,1219,1339,1319,1319,1279,1259,1319,1319,1319,1279,1339,1329,1359,1319,1319,1359,1329,1359,1329,,1319,1319,1319,1329,1319,,1359,1329,1359,1319,1279,1279
Y,1049,1039,1049,1119,1119,1069,1019,1099,1099,1099,1059,1049,1049,1099,1119,1099,1089,1049,1119,1049,,1099,1099,1049,1049,1099,,1099,1049,1079,1099,1069,1059
Y,1719,1699,1719,1939,1939,1639,1749,1919,1919,1919,1639,1719,1719,1499,1939,1919,1569,1719,1599,1719,,1919,1919,1719,1719,1919,,1549,1719,1589,1919,1639,1639
Y,1139,,1139,,,,,,,,,1139,1139,1228,,,1228,1139,1228,1139,,,,1139,1139,,,1228,1139,1169,,,
Y,1049,1039,1069,1119,1119,1079,999,1119,1119,1119,1079,1069,1059,1139,1119,1119,1149,1059,1139,1059,,1119,1119,1049,1059,1119,,1149,1059,1139,1119,1079,1079
Y,729,,729,,,,,,,,,729,729,779,,,779,729,779,729,,,,729,729,,,779,729,779,,,
Y,179,199,179,189,189,249,199,189,189,189,249,179,179,249,189,189,249,179,249,179,,189,189,179,179,189,,249,179,249,189,249,249
Y,129,,129,,,,5000,,,,,129,129,,,,,129,,129,,,,129,129,,,,129,,,,
Y,149,50,149,,,50,50,,,,50,149,149,50,,,50,149,50,149,,,,149,149,,,50,149,50,,50,50
Y,159,,159,,,100,,,,,100,159,159,120,,,70,159,120,159,,,,159,159,,,120,159,120,,100,100
Y,2049,2059,2049,2619,2619,2479,1999,2569,2569,2569,2479,2049,2049,2049,2619,2569,2069,2049,2049,2049,,2569,2569,2049,2049,2569,,2039,2049,2039,2569,2479,2479
Y,30,,30,30,30,,,30,30,30,,30,30,,30,30,,30,,30,,30,30,30,30,30,,,30,,30,,
Y,499,469,499,579,579,459,469,579,579,579,459,499,499,519,579,579,519,499,519,499,,579,579,499,499,579,,519,499,519,579,459,459
Y,539,499,539,619,619,499,489,619,619,619,489,539,539,559,619,619,559,539,559,539,,619,619,539,539,619,,559,539,559,619,489,489
Y,559,499,559,649,649,499,499,649,649,649,499,559,559,579,649,649,579,559,579,559,,649,649,559,559,649,,579,559,579,649,499,499
Y,249,219,249,259,259,,219,249,249,249,,249,249,319,259,249,319,249,319,249,,249,249,249,249,249,,319,249,319,249,,
Y,299,299,299,329,329,,289,319,319,319,,299,299,369,329,319,369,299,369,299,,319,319,299,299,319,,369,299,369,319,,
Y,339,359,339,389,389,,349,379,379,379,,339,339,419,389,379,419,339,419,339,,379,379,339,339,379,,419,339,419,379,,
Y,239,219,239,259,259,219,239,249,249,249,219,239,239,279,259,249,279,239,279,239,,249,249,239,239,249,,279,239,279,249,219,219
Y,319,289,319,329,329,299,289,319,319,319,299,319,319,359,329,319,359,319,359,319,,319,319,319,319,319,,359,319,359,319,279,279
Y,369,379,369,389,389,329,349,379,379,379,329,369,369,419,389,379,419,369,419,369,,379,379,369,369,379,,419,369,419,379,339,319
Y,669,599,669,729,729,569,549,729,729,729,549,669,669,639,729,729,639,669,639,669,,729,729,669,669,729,,639,669,639,729,569,549
Y,239,249,239,289,289,249,239,289,289,289,249,239,239,239,289,289,239,239,239,239,,289,289,239,239,289,,239,239,239,289,249,249
Y,219,219,219,259,259,229,219,259,259,259,229,219,219,219,259,259,219,219,219,219,,259,259,219,219,259,,219,219,219,259,229,229
Y,199,199,199,229,229,199,199,229,229,229,199,199,199,199,229,229,199,199,199,199,,229,229,199,199,229,,199,199,199,229,199,199
Y,239,249,239,289,289,249,239,289,289,289,249,239,239,239,289,289,239,239,239,239,,289,289,239,239,289,,239,239,239,289,249,249
Y,219,219,219,259,259,229,219,259,259,259,229,219,219,219,259,259,219,219,219,219,,259,259,219,219,259,,219,219,219,259,229,229
Y,199,199,199,229,229,199,199,229,229,229,199,199,199,199,229,229,199,199,199,199,,229,229,199,199,229,,199,199,199,229,199,199
Y,189,,,,,,,,100,,,189,189,,100,,,,100,,,,,,189,,,,,,,,
Y,189,,,,,,,,100,,,189,189,,100,,,,,,,,,,189,,,,,,,,
Y,949,,949,1039,1039,899,,1039,1039,1039,899,949,949,1059,1039,1039,1059,949,1059,949,,1039,1039,949,949,1039,,1059,949,1059,1039,899,919
Y,379,389,399,419,419,399,379,399,399,399,399,369,369,469,419,399,469,389,469,369,,399,399,369,379,399,,469,389,469,399,399,399
Y,939,999,969,1069,1069,989,979,1049,1049,1049,979,939,949,1109,1069,1049,1109,959,1109,939,,1049,1049,939,969,1049,,1109,949,1109,1049,979,989
Y,1199,1179,1199,1259,1259,1209,1209,1259,1259,1259,1209,1199,1199,1289,1259,1259,1289,1199,1289,1199,,1259,1259,1199,1199,1259,,1299,1199,1289,1259,1209,1209
Y,999,979,999,1059,1059,999,959,1059,1059,1059,1019,999,999,1089,1059,1059,1089,999,1079,999,,1059,1059,999,999,1059,,1089,999,1079,1059,1019,1019
Y,999,999,999,1069,1069,989,979,1049,1049,1049,989,999,999,1039,1069,1049,1039,999,1049,999,,1049,1049,999,999,1049,,1049,999,1029,1049,979,989
Y,789,,789,,,799,,,,,769,789,789,769,,,769,789,749,789,,,,789,789,,,779,789,779,,769,769
Y,919,939,939,959,959,979,889,949,949,949,949,919,929,1059,959,949,1059,919,1059,929,,949,949,919,939,949,,1059,929,1059,949,949,949
Y,689,,689,,,,,,,,,689,689,689,,,729,689,689,689,,,,689,689,,,689,689,699,,,
Y,869,939,869,979,979,909,899,979,979,979,859,869,869,969,979,979,959,869,969,869,,979,979,869,869,979,,969,869,959,979,889,889
Y,899,,899,969,969,809,,969,969,969,809,899,899,829,969,969,809,899,829,899,,969,969,899,899,969,,809,899,829,969,809,809
Y,1089,,1089,,,,,,,,,1089,1089,1169,,,1169,1089,1169,1089,,,,1089,1089,,,1168,1089,1129,,,
Y,29,,29,,,,,,,,,29,29,23,,,23,29,23,29,,,,29,29,,,23,29,23,,,
Y,60,40,60,,,35,40,49,,,35,60,60,49,49,49,49,60,49,60,,,,60,60,49,,49,60,49,49,35,35
Y,60,40,60,39,39,40,40,39,39,39,40,60,60,69,39,39,69,60,69,60,,39,39,60,60,39,,69,60,69,39,40,40
Y,60,40,60,,,40,40,,,,40,60,60,49,,,49,60,49,60,,,,60,60,,,49,60,49,,40,40
Y,29,40,29,,,35,40,49,,,35,29,29,49,49,49,49,29,49,29,,,,29,29,49,,49,29,49,49,35,35
Y,199,99,199,229,229,179,99,239,239,239,179,199,199,229,229,239,229,199,229,199,,239,239,199,199,239,,229,199,229,239,199,189
Y,45,45,45,60,60,45,45,60,60,60,45,45,45,59,60,60,59,45,59,45,,60,60,45,45,60,,59,45,59,60,45,45
Y,25,50,25,19,19,30,50,19,19,19,30,25,25,50,19,19,50,25,50,25,,19,19,25,25,19,,50,25,50,19,30,30
Y,60,60,60,60,60,60,60,60,60,60,60,60,60,60,60,60,60,60,60,60,,60,60,60,60,60,,60,60,60,60,60,60
Y,129,100,129,149,149,120,110,139,139,139,120,129,129,119,149,139,119,129,119,129,,139,139,129,129,139,,119,129,119,139,120,120
Y,1079,1039,1089,1129,1129,1089,1039,1119,1119,1119,1099,1069,1069,1179,1129,1119,1179,1079,1179,1079,,1119,1119,1079,1089,1119,,1179,1089,1179,1119,1099,1079
Y,579,529,579,619,599,549,479,599,599,599,599,599,589,619,619,599,619,569,599,589,,599,599,599,599,599,,619,579,619,599,599,579
Y,839,799,839,969,969,799,789,959,959,959,799,839,839,869,969,959,869,839,869,839,,959,959,839,839,959,,869,839,869,959,799,799
Y,569,549,559,599,599,559,499,599,599,599,569,569,559,599,599,599,619,559,599,569,,599,599,569,559,599,,619,569,619,599,599,579
Y,819,799,799,889,889,779,759,889,889,889,789,819,799,869,889,889,869,819,869,819,,889,889,819,799,889,,869,819,869,889,839,789
Y,129,110,129,149,149,,110,139,139,139,,129,129,119,149,139,119,129,119,129,,139,139,129,129,139,,119,129,119,139,,
Y,350,350,350,350,350,350,350,350,350,350,350,350,350,,350,350,,350,,350,,350,350,350,350,350,,,350,,350,350,350
Y,199,199,199,349,349,199,199,349,349,349,199,199,199,,349,349,,199,,199,,349,349,199,199,349,,,199,,349,199,199
Y,500,500,500,500,500,500,500,500,500,500,500,500,500,500,500,500,500,500,500,500,,500,500,500,500,500,,500,500,500,500,500,500
Y,49,39,49,29,29,49,39,29,29,29,49,49,49,29,29,29,29,49,29,49,,29,29,49,49,29,,29,49,29,29,49,49
Y,289,279,289,,,289,279,,,,289,289,289,299,,,319,289,299,289,,,,289,289,,,299,289,299,,289,289
Y,249,239,249,,,249,239,,,,249,249,249,249,,,249,249,259,249,,,,249,249,,,259,249,259,,249,259
Y,229,219,229,,,239,219,,,,239,229,229,219,,,219,229,219,229,,,,229,229,,,219,229,219,,239,239
Y,299,269,299,289,289,299,289,279,279,279,299,299,299,299,289,279,289,299,299,299,,279,279,299,299,279,,299,299,299,279,279,289
Y,249,239,249,259,259,249,239,249,249,249,249,249,249,249,259,249,249,249,259,249,,249,249,249,249,249,,259,249,259,249,249,259
Y,229,219,229,239,239,239,219,229,229,229,239,229,229,219,239,229,219,229,219,229,,229,229,229,229,229,,219,229,219,229,239,239
Y,299,289,299,289,289,299,289,289,289,289,299,299,299,259,289,289,259,299,269,299,,289,289,299,299,,,269,299,269,289,299,299
Y,269,259,269,259,259,269,259,259,259,259,269,269,269,229,259,259,229,269,229,269,,259,259,269,269,,,229,269,229,259,269,269
Y,229,219,229,229,229,229,219,229,229,229,229,229,229,179,229,229,159,229,169,229,,229,229,229,229,,,169,229,159,229,229,229
Y,60,,60,,,,,,,,,60,60,,,,,60,,60,,,,60,60,,,,60,,,,
Y,149,80,149,89,89,100,80,89,89,89,100,149,149,75,89,89,75,149,75,149,,89,89,149,149,89,,75,149,75,89,100,100
Y,289,269,289,319,319,279,269,319,319,319,279,289,289,299,319,319,299,289,299,289,,319,319,289,289,319,,299,289,299,319,279,279
Y,289,269,289,319,319,279,269,319,319,319,279,289,289,299,319,319,299,289,299,289,,319,319,289,289,319,,299,289,299,319,279,279
Y,500,500,500,500,500,500,500,500,500,500,500,500,500,500,500,500,500,500,500,500,,500,500,500,500,500,,500,500,500,500,500,500
Y,600,600,600,600,600,600,600,600,600,600,600,600,600,600,600,600,600,600,600,600,,600,600,600,600,600,,600,600,600,600,600,600
Y,689,649,699,699,699,689,659,689,689,689,689,689,699,719,699,689,699,689,719,689,,689,689,689,699,689,,719,689,699,689,689,689
Y,1069,1099,1069,1099,1099,1139,1099,1099,1099,1099,1139,1069,1069,1089,1099,1099,1089,1069,1089,1069,,1099,1099,1069,1069,1099,,1089,1069,1089,1099,1139,1139
Y,1109,1149,1109,1229,1229,1199,1149,1219,1219,1219,1199,1109,1109,1169,1229,1219,1169,1109,1169,1119,,1219,1219,1109,1109,1219,,1169,1109,1169,1219,1199,1199
Y,569,569,579,589,589,579,579,589,589,589,579,569,579,579,589,589,569,569,579,569,,589,589,569,579,589,,579,569,569,589,579,579
Y,949,1019,949,989,989,989,1019,979,979,979,989,949,949,979,989,979,979,949,979,949,,979,979,949,949,979,,979,949,979,979,989,989
Y,989,1069,989,1129,1129,1049,1069,1119,1119,1119,1049,989,989,1019,1129,1119,1019,989,999,989,,1119,1119,989,989,1119,,1019,989,1019,1119,1049,1049
Y,29,25,29,29,29,29,25,29,29,29,29,29,29,49,29,29,49,29,49,29,,29,29,29,29,29,,49,29,49,29,29,29
Y,289,,289,329,329,299,269,329,329,329,299,289,289,299,329,329,299,289,299,289,,329,329,289,289,329,,299,289,299,329,299,299
Y,700,700,700,700,700,700,700,700,700,700,700,700,700,700,700,700,700,700,700,700,,700,700,700,700,700,,700,700,700,700,700,700
Y,29,,29,,,49,,,,,49,29,29,,,,,29,,29,,,,29,29,,,,29,,,49,49
Y,299,299,299,299,299,299,299,299,299,299,299,299,299,299,299,299,299,299,299,299,,299,299,299,299,299,,299,299,299,299,299,299
Y,299,299,299,299,299,299,299,299,299,299,299,299,299,299,299,299,299,299,299,299,,299,299,299,299,299,,299,299,299,299,299,299
Y,979,1019,979,1069,1069,979,1019,1059,1059,1059,969,979,979,999,1069,1059,1029,979,999,979,,1059,1059,979,979,1059,,999,979,999,1059,969,969
Y,1039,1079,1039,1129,1129,1039,1079,1119,1119,1119,1029,1039,1039,1079,1129,1119,1099,1039,1089,1039,,1119,1119,1039,1039,1119,,1079,1039,1079,1119,1029,1029
Y,979,1019,979,1069,1069,979,1019,1059,1059,1059,969,979,979,999,1069,1059,1029,979,999,979,,1059,1059,979,979,1059,,999,979,999,1059,969,969
Y,1039,1079,1039,1129,1129,1039,1079,1119,1119,1119,1029,1039,1039,1079,1129,1119,1099,1039,1089,1039,,1119,1119,1039,1039,1119,,1079,1039,1079,1119,1029,1029
Y,979,1019,979,1069,1069,979,1019,1059,1059,1059,969,979,979,999,1069,1059,1029,979,999,979,,1059,1059,979,979,1059,,999,979,999,1059,969,969
Y,1039,1079,1039,1129,1129,1039,1079,1119,1119,1119,1029,1039,1039,1079,1129,1119,1099,1039,1089,1039,,1119,1119,1039,1039,1119,,1079,1039,1079,1119,1029,1029
Y,979,879,979,949,949,,919,949,949,949,,979,979,949,949,949,949,979,949,979,,949,949,979,979,949,,949,979,649,949,919,939
Y,1289,1299,1289,1299,1299,,1299,1299,1299,1299,,1289,1289,1299,1299,1299,1299,1289,1299,1289,,1299,1299,1289,1289,1299,,1299,1289,1299,1299,1299,1299
Y,1349,1379,1349,1379,1379,,1379,1379,1379,1379,,1349,1349,1379,1379,1379,1379,1349,1379,1349,,1379,1379,1349,1349,1379,,1379,1349,1379,1379,1379,1379
Y,50,45,50,60,60,,45,60,60,60,,50,50,59,60,60,59,50,59,50,,60,60,50,50,60,,59,50,59,60,45,45
Y,319,299,319,,,269,269,,,,,319,319,249,,,249,319,249,319,,,,319,319,,,249,319,249,,,269
Y,419,429,419,,,419,419,,,,419,419,419,439,,,439,419,439,419,,,,419,419,,,439,419,439,,,419
Y,479,519,479,,,469,479,,,,469,479,479,469,,,469,479,469,479,,,,479,479,,,469,479,469,,,469
Y,25,25,25,25,25,25,25,25,25,25,25,25,25,,25,25,,25,,25,,25,25,25,25,25,,,25,,25,25,25
Y,49,49,49,69,69,49,49,69,69,69,49,49,49,59,69,69,59,49,59,49,,69,69,49,49,69,,59,49,59,69,49,49
Y,29,29,29,29,29,29,29,29,29,29,29,29,29,49,29,29,49,29,49,29,,29,29,29,29,29,,49,29,49,29,29,29
Y,659,599,659,679,679,659,599,679,679,679,659,659,659,679,689,679,679,659,679,659,,679,679,659,659,679,,679,659,679,679,659,659
Y,999,949,999,1049,1049,1019,949,1029,1029,1029,1019,999,999,1089,1049,1029,1089,999,1089,999,,1029,1029,999,999,1029,,1089,999,1089,1029,1019,1019
Y,1049,999,1049,1089,1089,1059,999,1079,1079,1079,1059,1049,1049,1149,1089,1079,1149,1049,1149,1049,,1079,1079,1049,1049,1079,,1149,1049,1149,1079,1059,1059
Y,769,689,769,769,769,769,719,769,769,769,769,769,769,829,769,769,769,769,799,769,,769,769,769,769,769,,799,769,799,769,769,779
Y,1119,1039,1119,1139,1139,1119,1059,1119,1119,1119,1119,1119,1119,1239,1139,1119,1179,1119,1219,1119,,1119,1119,1119,1119,1119,,1219,1119,1219,1119,1119,1129
Y,1159,1089,1159,1169,1179,1169,1119,1169,1169,1169,1169,1159,1159,1299,1179,1169,1239,1159,1269,1159,,1169,1169,1159,1159,1169,,1269,1159,1269,1169,1169,1179
Y,299,299,299,299,299,299,299,299,299,299,299,299,299,299,299,299,299,299,299,299,,299,299,299,299,299,,299,299,299,299,299,299
Y,979,1019,979,1069,1069,979,1019,1059,1059,1059,969,979,979,999,1069,1059,1029,979,999,979,,1059,1059,979,979,1059,,999,979,999,1059,969,969
Y,1039,1079,1039,1129,1129,1039,1079,1119,1119,1119,1029,1039,1039,1079,1129,1119,1099,1039,1089,1039,,1119,1119,1039,1039,1119,,1079,1039,1079,1119,1029,1029
Y,979,1019,979,1069,1069,979,1019,1059,1059,1059,969,979,979,999,1069,1059,1029,979,999,979,,1059,1059,979,979,1059,,999,979,999,1059,969,969
Y,1039,1079,1039,1129,1129,1039,1079,1119,1119,1119,1029,1039,1039,1079,1129,1119,1099,1039,1089,1039,,1119,1119,1039,1039,1119,,1079,1039,1079,1119,1029,1029
Y,979,1019,979,1069,1069,979,1019,1059,1059,1059,969,979,979,999,1069,1059,1029,979,999,979,,1059,1059,979,979,1059,,999,979,999,1059,969,969
Y,1039,1079,1039,1129,1129,1039,1079,1119,1119,1119,1029,1039,1039,1079,1129,1119,1099,1039,1089,1039,,1119,1119,1039,1039,1119,,1079,1039,1079,1119,1029,1029
Y,519,519,519,569,569,499,439,569,569,569,499,519,519,589,569,569,589,519,599,519,,569,569,519,519,569,,599,519,589,569,499,519
Y,799,789,799,969,969,759,759,969,969,969,759,799,799,849,969,969,859,799,859,799,,969,969,799,799,969,,859,799,859,969,759,759
Y,,259,289,399,399,299,259,389,389,389,299,,,369,399,389,369,289,369,289,,389,389,289,,389,,369,279,369,389,289,299
Y,,319,,,,339,329,,,,339,,,649,,,649,,649,,,,,,,,,649,,649,,339,339
Y,,529,,,,529,539,,,,529,,,729,,,729,,729,,,,,,,,,729,,729,,529,529
Y,,25,,,,29,25,,,,29,,,49,,,49,,49,,,,,,,,,49,,49,,29,29
Y,,25,,,,29,25,,,,29,,,49,,,49,,49,,,,,,,,,49,,49,,29,29
Y,,25,,,,29,25,,,,29,,,49,,,49,,49,,,,,,,,,49,,49,,29,29
Y,,20,,,,,20,,,,,,,30,,,30,,45,,,,,,,,,45,,45,,,
Y,,30,,19,19,,30,19,19,19,,,,23,19,19,23,,23,,,19,19,,,19,,23,,23,19,,
Y,,25,,,,29,25,,,,29,,,49,,,49,,49,,,,,,,,,49,,49,,29,29
Y,,100,,,,,100,,,,,,,,,,,,,,,,,,,,,,,,,,
Y,,500,,,,,500,,,,,,,,,,,,,,,,,,,,,,,,,,
Y,,799,,,,,799,500,,,,,,,500,500,,,639,,,,,,,500,,,,639,,,
Y,,89,,,,,,,,,,,,,,,,,,,,,,,,,,,,,,,
Y,,89,,,,,,,,,,,,,,,,,,,,,,,,,,,,,,,
Y,,539,,629,629,629,539,629,629,629,629,,,729,629,629,729,,729,,,629,629,,,629,,729,,729,629,629,629
Y,,839,,1029,1029,869,839,1029,1029,1029,879,,,969,1029,1029,969,,969,,,1029,1029,,,1029,,969,,969,1029,879,879
Y,,599,,649,649,679,599,649,649,649,699,,,799,649,649,799,,779,,,649,649,,,649,,789,,789,649,699,699
Y,,879,,1039,1039,,879,1029,1029,1029,,,,989,1039,1029,989,,989,,,1029,1029,,,1029,,989,,989,1029,,
Y,,599,,,,,619,,,,,,,939,,,939,,939,,,,,,,,,939,,939,,,
Y,,829,,,,,829,,,,,,,949,,,959,,949,,,,,,,,,949,,949,,,
Y,,599,619,709,709,599,629,709,709,709,649,599,599,749,709,709,729,,699,,,709,709,,619,709,,699,,719,709,679,589
Y,,169,,119,119,139,169,109,109,109,169,,,,119,109,,,,,,109,109,,,109,,,,,109,179,139
Y,,819,,869,869,819,829,869,869,869,829,,,899,869,869,869,,869,,,869,869,,,869,,839,,869,869,819,829
Y,,1249,,1319,1319,1239,1249,1299,1299,1299,1239,,,1319,1319,1299,1319,,1319,,,1299,1299,,,1299,,1329,,1319,1299,1239,1239
Y,,1289,,1369,1369,1309,1299,1359,1359,1359,1309,,,1389,1369,1359,1389,,1389,,,1359,1359,,,1359,,1389,,1389,1359,1309,1309
Y,,829,,919,919,869,879,919,919,919,879,,,979,919,919,949,,949,,,919,919,,,919,,919,,949,919,859,879
Y,,1259,,1369,1369,1279,1289,1349,1349,1349,1279,,,1359,1369,1349,1349,,1339,,,1349,1349,,,1349,,1339,,1359,1349,1279,1279
Y,,1299,,1419,1419,1339,1339,1419,1419,1419,1339,,,1399,1419,1419,1399,,1399,,,1419,1419,,,1419,,1399,,1399,1419,1339,1339
Y,,539,,669,669,639,549,639,639,639,669,,,779,669,639,779,,759,,,639,639,,,639,,769,,769,639,659,689
Y,,849,,1039,1039,889,849,1029,1029,1029,889,,,969,1039,1029,969,,969,,,1029,1029,,,1029,,969,,969,1029,889,889
Y,,999,,,,959,989,,,,979,,,1119,,,1119,,1109,,,,,,,,,1109,,1119,,999,949
Y,,959,,,,859,949,,,,849,,,999,,,999,,999,,,,,,,,,999,,999,,849,859
Y,,100,,100,100,100,100,100,100,100,100,,,100,100,100,100,,100,,,100,100,,,100,,100,,100,100,100,100
Y,,300,,300,300,300,300,300,300,300,300,,,300,300,300,300,,300,,,300,300,,,300,,300,,300,300,300,300
Y,,500,,500,500,500,500,500,500,500,500,,,500,500,500,500,,500,,,500,500,,,500,,500,,500,500,500,500
Y,,45,,,,40,45,,,,40,,,23,,,23,,23,,,,,,,,,23,,23,,40,40
Y,,25,,,,29,25,,,,29,,,49,,,49,,49,,,,,,,,,49,,49,,29,29
Y,,25,,,,29,25,,,,29,,,49,,,49,,49,,,,,,,,,49,,49,,29,29
Y,,49,,69,69,49,,69,69,69,49,,,,69,69,,,,,,69,69,,,69,,,,,69,49,49
Y,,142,,,,,142,,,,,,,142,,,142,,142,,,,,,,,,142,,142,,,
Y,,610,,,,,620,,,,,,,,,,,,,,,,,,,,,,,,,,
Y,,680,,,,,710,,,,,,,,,,,,,,,,,,,,,,,,,,
Y,,610,,,,,620,,,,,,,,,,,,,,,,,,,,,,,,,,
Y,,680,,,,,710,,,,,,,,,,,,,,,,,,,,,,,,,,
Y,,710,,,,,720,,,,,,,,,,,,,,,,,,,,,,,,,,
Y,,780,,,,,810,,,,,,,,,,,,,,,,,,,,,,,,,,
Y,,810,,,,,820,,,,,,,,,,,,,,,,,,,,,,,,,,
Y,,880,,,,,910,,,,,,,,,,,,,,,,,,,,,,,,,,
Y,,20,40,,,15,20,,,,15,,,,,,,,50,,,,,,,,,50,,14,,15,15
Y,,,100,,,,,179,,,,,,,10,,,,,100,,,,,,,,,100,,,,
Y,,,249,,,,,,,,,,,349,,,300,,349,,,,,,,,,349,,300,,,
Y,,,399,,,,,,,,,,,,,,,,,399,,,,,,,,,399,,,,
Y,,,269,,,,,,,,,,,,,,,,349,289,,,,,,,,349,289,359,,,
Y,,,100,149,149,,,,,149,,,,,,,100,,100,100,,149,149,,,,,100,100,100,,,
Y,,,100,189,189,,,,,189,,,,100,,,100,,100,,,189,189,,,,,100,,100,,,
Y,,,100,209,209,,,,,209,,,,100,,,100,100,100,100,,209,209,100,,,,100,100,100,,,
Y,,,979,,,,,,,,,,,,,,,,,979,,,,,,,,,979,,,,
Y,,,,599,599,529,,569,569,569,559,,,619,599,569,619,559,599,,,569,569,569,,569,,619,,619,569,549,579
Y,,,,3429,3429,,,3359,3359,3359,,,,,3429,3359,,,,,,3359,3359,,,3359,,,,,3359,,
Y,,,,249,249,,,,249,249,,,,,,,,,,,,249,249,,,,,,,,,,
Y,,,,100,100,,,100,100,100,,,,,109,100,,,,,,100,100,,,100,,,,,100,,
Y,,,,100,100,,,100,100,179,,,,219,100,100,219,169,,,,100,100,169,,100,,,,,100,,
Y,,,,1469,1469,,,1459,1459,1459,,,,,1469,1459,,959,,,,1459,1459,959,,1459,,,,,1459,,
Y,,,,119,119,,,119,119,119,,,,,119,119,,,,,,119,119,,,119,,,,,119,,
Y,,,,699,699,699,,699,699,699,699,,,849,699,699,849,,849,,,699,699,699,,699,,849,,849,699,699,699
Y,,,,100,100,,,,100,100,,,,100,,,100,,100,100,,100,100,,,,,100,100,100,,,
Y,,,,969,969,759,,969,969,969,759,,,889,969,969,889,,889,,,969,969,,,969,,889,,889,969,759,759
Y,,,,100,100,,,,,239,,,,,,,,,,,,100,100,,,,,,,,,,
Y,,,,299,299,,,,,299,,,,,,,,,,,,299,299,,,,,,,,,,
Y,,,,169,169,,,169,169,169,,,,,169,169,,,,,,169,169,,,169,,,,,169,,
Y,,,,2629,2629,,,2619,2619,2619,,,,2339,2629,2619,2339,,2339,,,2619,2619,,,2619,,2339,,2339,2619,,
Y,,,,619,619,,,,389,389,,,,,,,,,629,,,200,,,,,,,,,,589,649
Y,,,,839,839,,,829,829,829,,,,,839,829,,,,,,829,829,,,829,,,,,829,,
Y,,,,480,480,699,,429,480,480,699,,,420,429,429,420,,420,,,480,480,420,,429,,400,,489,429,699,699
Y,,,,570,570,799,,529,570,570,799,,,485,529,529,490,,540,,,570,570,500,,529,,510,,589,529,799,799
Y,,,,3599,3599,,,3599,3599,3599,,,,,3599,3599,,,,,,3599,3599,,,3599,,,,,3599,,
Y,,,,,239,,,,,,,,,,,,,,,,,,,,,,,,,,,,
Y,,,,,759,,,,,,,,,,,,,,,,,,,,,,,,,,,,
Y,,,,,329,,,,,,,,,,,,,,,,,,,,,,,,,,,,
Y,,,,,300,,,,,,,,,,,,,,,,,,,,,,,,,,,,
Y,,,,,659,,,,,,,,,,,,,,,,,,,,,,,,,,,,
Y,,,,,259,,,,,,,,,,,,,,,,,,,,,,,,,,,,
Y,,,,,299,,,,,,,,,,,,,,,,,,,,,,,,,,,,
Y,,,,,329,,,,,,,,,,,,,,,,,,,,,,,,,,,,
Y,,,,,300,,,,,,,,,,,,,,,,,,,,,,,,,,,,
Y,,,,,100,,,,,,,,,,,,,,,,,,,,,,,,,,,,
Y,,,,,100,,,,,,,,,,,,,,,,,,,,,,,,,,,,
Y,,,,,220,,,,,,,,,,,,,,,,,,,,,,,,,,,,
Y,,,,,270,,,,,,,,,,,,,,,,,,,,,,,,,,,,
Y,,,,,100,,,,,,,,,,,,,,,,,,,,,,,,,,,,
Y,,,,,100,,,,,,,,,,,,,,,,,,,,,,,,,,,,
Y,,,,,,719,,,,,719,,,,,,,,,,,,,,,,,,,,,719,719
Y,,,,,,519,,519,,,519,,,499,519,519,479,,,,,,,,,,,,,,,519,519
Y,,,,,,29,,,,,29,,,23,,,23,,23,,,,,,,,,23,,23,,29,29
Y,,,,,,25,,,,,25,,,,,,,,,,,,,,,,,,,,,25,25
Y,,,,,,15,,,,,15,,,,,,,,,,,,,,,,,,,,,15,15
Y,,,,,,100,,,,,100,,,,,,,,,,,,,,,,,,,,,100,100
Y,,,,,,100,,,,,100,,,,,,,,,,,,,,,,,,,,,100,100
Y,,,,,,100,,,,,100,,,,,,,,,,,,,,,,,,,,,100,100
Y,,,,,,100,,,,,100,,,,,,,,,,,,,,,,,,,,,100,100
Y,,,,,,150,,,,,150,,,90,,,90,,,,,,,,,,,,,,,150,150
Y,,,,,,309,,,,,309,,,,,,,,,,,,,,,,,,,,,339,349
Y,,,,,,529,,,,,529,,,499,,,459,,459,,,,,,,,,529,,499,,529,529
Y,,,,,,609,,,,,609,,,,,,,,,,,,,,,,,,,,,609,609
Y,,,,,,409,,,,,409,,,419,,,399,,,,,,,,,,,,,,,419,429
Y,,,,,,589,,,,,659,,,759,,,729,,699,,,,,,,,,719,,719,,679,619
Y,,,,,,279,,,,,269,,,,,,,,,,,,,,,,,,,,,289,279
Y,,,,,,459,,,,,439,,,549,,,549,,549,,,,,,,,,549,,549,,439,449
Y,,,,,,799,,,,,799,,,1089,,,1079,,1089,,,,,839,,,,1089,,1089,,799,799
Y,,,,,,329,,,,,339,,,,,,,,,,,,,,,,,,,,,339,349
Y,,,,,,10,,,,,10,,,,,,,,,,,,,,,,,,,,,10,10
Y,,,,,,569,,,,,569,,,,,,,,,,,,,,,,,,,,,599,599
Y,,,,,,35,,,,,35,,,,,,,,,,,,,,,,,,,,,35,
Y,,,,,,569,,,,,599,,,,,,,,,,,,,,,,,,,,,599,599
Y,,,,,,49,,,,,49,,,,,,,,,,,,,,,,,,,,,49,49
Y,,,,,,,40,,,,,,,,,,,,23,,,,,,,,,23,,23,,,
Y,,,,,,,,2199,,2199,,,,2169,2199,2199,2169,,2169,,,,2199,,,2199,,2169,,2169,,,
Y,,,,,,,,200,200,200,,,,,,200,,,220,,,200,200,,,200,,419,,419,200,,
Y,,,,,,,,100,,,,,,,100,100,,,,,,,,,,100,,,,,100,,
Y,,,,,,,,100,,,,,,,100,100,,100,200,,,,,100,,100,,200,,200,,,
Y,,,,,,,,100,,,,,,,100,100,,,,,,,,,,100,,,,,100,,
Y,,,,,,,,100,,,,,,,100,100,,,,,,,,,,100,,,,,100,,
Y,,,,,,,,159,,,,,,,10,,,,,,,,,,,,,,,,,,
Y,,,,,,,,125,,,,,,,125,,,,,,,,,,,125,,,,,,,
Y,,,,,,,,2279,,,,,,,2329,2279,,,,,,2279,,,,2279,,,,,2279,,
Y,,,,,,,,209,209,209,,,,,,209,,,,,,209,209,,,209,,,,,209,,
Y,,,,,,,,1499,,,,,,,1499,1499,,,,,,,,,,1499,,,,,1499,,
Y,,,,,,,,100,139,,,,,,100,100,,149,,,,,,149,,100,,,,,100,,
Y,,,,,,,,608,,,,,,,,,,,,,,,,,,,,,,,,,
Y,,,,,,,,,,,30,,,,,,,,,,,,,,,,,,,,,30,
Y,,,,,,,,,,,30,,,,,,,,,,,,,,,,,,,,,30,
Y,,,,,,,,,,,329,,,,,,,,,,,,,,,,,,,,,,
Y,,,,,,,,,,,35,,,,,,,,,,,,,,,,,,,,,,
Y,,,,,,,,,,,299,,,,,,,,,,,,,,,,,,,,,,
Y,,,,,,,,,,,,100,100,,,,,,,,,,,,,,,,,,,,
Y,,,,,,,,,,,,549,,,,,,,,,,,,,549,,,,,,,,
Y,,,,,,,,,,,,,,2509,,,2509,,2509,,,,,,,,,2509,,2509,,,
Y,,,,,,,,,,,,,,4359,,,4359,,4359,,,,,,,,,4359,,4359,,,
Y,,,,,,,,,,,,,,49,,,49,,40,,,,,,,,,40,,40,,,
Y,,,,,,,,,,,,,,30,,,30,,30,,,,,,,,,30,,30,,,
Y,,,,,,,,,,,,,,100,100,100,100,,,,,,,,,,,,,,,,
Y,,,,,,,,,,,,,,549,,,549,,,,,,,,,,,,,,,,
Y,,,,,,,,,,,,,,529,,,529,,,,,,,,,,,,,,,,
Y,,,,,,,,,,,,,,249,,,249,,,,,,,,,,,,,,,,
Y,,,,,,,,,,,,,,200,,,,,,,,,,,,,,,,,,,
Y,,,,,,,,,,,,,,249,,,,,,,,,,,299,279,,,,269,,,
Y,,,,,,,,,,,,,,379,,,379,,379,,,,,,,,,379,,379,,,
Y,,,,,,,,,,,,,,100,,,100,,,,,,,,,,,,,,,,
Y,,,,,,,,,,,,,,10,,,10,,,,,,,,,,,,,,,,
Y,,,,,,,,,,,,,,150,,,,,,,,,,,,,,,,,,,
Y,,,,,,,,,,,,,,160,,,160,,,,,,,,,,,,,,,,
Y,,,,,,,,,,,,,,779,,,779,,779,,,,,,,,,779,,779,,,
Y,,,,,,,,,,,,,,729,,,729,,729,,,,,,,,,729,,729,,,
Y,,,,,,,,,,,,,,120,,,120,,120,,,,,,,,,120,,120,,100,100
Y,,,,,,,,,,,,,,,1050,,,,,,,,,,,,,,,,,,
Y,,,,,,,,,,,,,,,100,,309,,,,,,,,,,,,,,,,
Y,,,,,,,,,,,,,,,100,,,,,,,,,,,,,,,,,,
Y,,,,,,,,,,,,,,,329,,,,,,,,,,,,,,,,,,
Y,,,,,,,,,,,,,,,1000,,,,,,,,208,,,,,,,,,,
Y,,,,,,,,,,,,,,,1000,,,,,,,,208,,,208,,,,,,,
Y,,,,,,,,,,,,,,,1000,,,,,,,,208,,,208,,,,,,,
Y,,,,,,,,,,,,,,,1000,,,,,,,,,,,,,,,,,,
Y,,,,,,,,,,,,,,,,,149,,,,,,,,,,,,,,,,
Y,,,,,,,,,,,,,,,,,,139,,,,,,,,,,,,,,,
Y,,,,,,,,,,,,,,,,,,100,,,,,,100,,,,,,,,,
Y,,,,,,,,,,,,,,,,,,100,,,,,,100,,,,,,,,,
Y,,,,,,,,,,,,,,,,,,100,,,,,,100,,,,,,,,,
Y,,,,,,,,,,,,,,,,,,100,,,,,,100,,,,,,,,,
Y,,,,,,,,,,,,,,,,,,100,,,,,,100,,,,,,,,,
Y,,,,,,,,,,,,,,,,,,100,,,,,,100,,,,,,,,,
Y,,,,,,,,,,,,,,,,,,288,,,,,,288,,,,,,,,,
Y,,,,,,,,,,,,,,,,,,319,,,,,,339,,,,,,,,,
Y,,,,,,,,,,,,,,,,,,170,,,,,,170,,,,,,,,,
Y,,,,,,,,,,,,,,,,,,,449,,,,,,,,,449,,509,,,
Y,,,,,,,,,,,,,,,,,,,449,,,,,,,,,449,,519,,,
Y,,,,,,,,,,,,,,,,,,,30,,,,,,,,,30,,30,,,
Y,,,,,,,,,,,,,,,,,,,253,,,,,,,,,253,,253,,,
Y,,,,,,,,,,,,,,,,,,,409,,,,,,,,,,,,,,
Y,,,,,,,,,,,,,,,,,,,149,,,,,,,,,149,,149,,,
Y,,,,,,,,,,,,,,,,,,,369,,,,,,,,,369,,379,,,
Y,,,,,,,,,,,,,,,,,,,869,,,,,,,,,869,,859,,,
Y,,,,,,,,,,,,,,,,,,,999,,,,,,,,,999,,989,,,
Y,,,,,,,,,,,,,,,,,,,869,,,,,,,,,879,,869,,,
Y,,,,,,,,,,,,,,,,,,,869,,,,,,,,,879,,869,,,
Y,,,,,,,,,,,,,,,,,,,859,,,,,,,,,869,,859,,,
Y,,,,,,,,,,,,,,,,,,,839,,,,,,,,,839,,829,,,
Y,,,,,,,,,,,,,,,,,,,859,,,,,,,,,859,,849,,,
Y,,,,,,,,,,,,,,,,,,,,100,,,,,,,,,100,129,,,
Y,,,,,,,,,,,,,,,,,,,,159,,,,,,,,,159,,,,
Y,,,,,,,,,,,,,,,,,,,,100,,,,,,,,,,,,,
Y,,,,,,,,,,,,,,,,,,,,,,319,,,,,,,,,,,
Y,,,,,,,,,,,,,,,,,,,,,,229,,,,,,,,,,,
Y,,,,,,,,,,,,,,,,,,,,,,229,,,,,,,,,,,
Y,,,,,,,,,,,,,,,,,,,,,,229,,,,,,,,,,,
Y,,,,,,,,,,,,,,,,,,,,,,319,,,,,,,,,,,
Y,,,,,,,,,,,,,,,,,,,,,,,,,,,,100,,100,,,
Y,,,,,,,,,,,,,,,,,,,,,,,,,,,,,,100,,,
Y,,,,,,,,,,,,,,,,,,,,,,,,,,,,,,299,,,
Y,,,,,,,,,,,,,,,,,,,,,,,,,,,,,,600,,,
Y,,,,,,,,,,,,,,,,,,,,,,,,,,,,,,600,,,
Y,,,,,,,,,,,,,,,,,,,,,,,,,,,,,,50,,,
Y,,,,,,,,,,,,,,,,,,,,,,,,,,,,,,40,,,
Y,,,,,,,,,,,,,,,,,,,,,,,,,,,,,,,10,,
