any,225,571,1122,1429,2313,2491,2774,3822,4566,4735,4959,5243,5309,5635,7312,7959,10019,10394,10492,11072,11185,11303,11892,12024,12681,12682,16119,16850,20274,21140,24322,28851,30110,31570,31673,32987,34154
Y,269,269,269,230,269,290,270,230,270,279,260,260,260,250,270,239,269,290,269,250,230,220,285,280,240,269,240,230,289,295,250,,,250,,209,240
Y,289,289,289,270,289,300,300,270,300,289,270,300,280,270,295,249,279,320,289,270,270,260,310,320,270,289,270,270,299,310,260,,,305,,249,270
Y,379,379,399,380,379,440,440,380,440,389,380,400,380,380,370,389,379,420,379,380,380,360,440,440,380,369,380,380,369,440,400,,,400,,359,380
Y,639,619,699,600,629,630,670,600,690,669,600,600,600,600,630,679,619,670,639,600,600,600,650,660,600,669,600,600,669,670,620,,,620,,599,600
Y,649,629,699,570,629,630,670,570,620,639,600,630,600,580,655,649,629,670,639,600,570,570,655,640,600,669,600,570,669,695,630,,,630,,599,600
Y,219,159,219,170,159,200,190,170,190,199,120,159,150,120,200,169,159,200,199,120,170,160,190,200,140,199,130,170,219,195,120,,,120,,149,130
Y,259,239,279,200,239,320,300,200,320,259,200,260,200,200,230,219,239,300,259,200,200,200,305,300,200,279,200,200,259,305,200,,,200,,199,200
Y,529,489,539,460,479,480,470,460,500,529,500,490,490,500,465,479,489,490,529,490,460,450,460,470,490,529,490,460,529,490,490,,,500,,469,490
Y,619,549,589,530,549,600,600,530,635,599,590,590,590,590,540,579,559,600,639,590,530,560,600,580,590,639,590,530,589,600,550,,,570,,589,590
Y,299,249,319,200,269,300,300,200,300,299,200,280,200,200,290,239,279,300,319,230,200,200,285,300,200,319,200,200,299,305,200,,,200,,219,200
Y,199,219,209,140,219,190,190,140,180,199,140,220,140,140,190,159,219,190,199,140,140,140,170,190,140,199,140,140,199,190,140,,,160,,170,140
Y,299,279,299,250,279,300,300,250,300,299,250,280,250,250,290,259,279,300,299,250,250,250,300,300,250,299,250,250,299,305,270,,,260,,249,250
Y,519,469,529,470,479,500,510,470,500,519,490,480,480,490,500,499,499,535,519,490,470,460,505,500,480,519,490,470,519,525,515,,,500,,480,545
Y,189,189,179,100,189,200,220,190,215,189,100,189,180,100,165,149,189,205,189,100,190,190,190,200,100,189,100,190,189,215,100,,,100,,149,100
Y,539,499,559,450,499,530,550,450,530,519,450,500,450,450,545,469,499,560,519,450,450,450,530,530,450,519,450,450,539,540,450,,,450,,449,450
Y,949,969,989,890,969,1010,1035,890,980,949,600,970,945,600,950,600,969,1035,959,600,890,900,990,1035,900,949,900,890,949,1000,900,,,900,,600,900
Y,329,399,339,335,399,300,330,335,340,329,300,420,300,300,300,299,399,350,329,300,335,300,290,330,300,329,300,335,329,340,300,,,300,,269,300
Y,219,199,219,170,199,270,325,170,335,219,170,200,170,180,220,189,199,280,239,170,170,160,270,325,170,239,170,170,199,250,180,,,205,,199,150
Y,169,159,169,160,139,170,170,160,170,169,100,160,140,100,160,119,159,170,169,100,160,160,170,170,100,169,100,160,169,170,100,,,100,,119,100
Y,329,299,329,300,299,290,290,300,290,329,300,300,300,355,300,299,299,290,329,300,300,300,290,290,300,329,300,300,329,290,355,,,300,,299,300
Y,100,149,100,100,149,150,150,100,150,100,100,149,100,100,160,119,149,150,100,100,100,100,150,150,100,100,100,100,100,150,100,,,100,,119,100
Y,189,199,189,150,199,210,230,200,220,189,149,189,190,149,175,149,199,220,199,149,200,200,220,210,149,189,149,200,189,230,149,,,149,,149,149
Y,219,159,219,170,159,200,190,170,190,199,120,159,150,120,200,169,159,200,199,120,170,160,190,200,140,199,130,170,219,195,120,,,120,,149,130
Y,519,300,519,469,300,515,505,469,515,519,490,300,479,490,499,499,300,505,519,480,469,459,515,495,480,519,515,469,519,515,500,,,500,,479,480
Y,499,499,529,470,479,500,490,470,490,499,500,500,500,500,495,539,499,490,499,500,470,470,480,500,500,499,500,470,499,505,520,,,500,,499,500
Y,499,489,499,450,489,470,470,450,450,499,500,500,500,500,465,519,489,450,499,500,450,450,455,460,500,499,500,450,499,465,500,,,490,,479,500
Y,399,389,399,350,389,390,370,350,400,399,340,390,350,340,390,329,389,380,399,340,350,350,380,370,340,399,340,350,399,390,370,,,370,,329,340
Y,1109,1059,1119,950,1059,1120,1130,950,1070,1089,950,1090,950,950,1060,969,1059,1120,1109,950,950,950,1070,1120,950,1089,950,950,1109,1120,990,,,990,,959,950
Y,1029,1009,1049,890,999,1050,1050,890,1010,1029,890,1020,890,890,1010,919,999,1040,1029,890,890,890,1020,1040,890,1019,890,890,1029,1050,930,,,930,,899,890
Y,669,649,669,550,649,690,690,550,650,669,550,670,550,550,650,569,649,680,669,550,550,550,640,680,550,669,550,550,669,690,590,,,590,,569,550
Y,49,49,49,,49,50,50,,50,49,40,49,40,40,50,39,49,50,49,40,,,50,50,40,49,40,,49,50,40,,,40,,39,40
Y,649,579,659,610,589,685,625,610,685,649,600,625,655,600,635,659,589,695,649,600,610,580,650,685,600,649,600,610,649,630,640,,,600,,599,600
Y,1009,929,1029,880,939,960,960,880,950,999,900,1220,900,900,930,939,939,960,999,900,880,880,950,960,900,989,900,880,999,960,910,,,910,,899,900
Y,939,889,959,830,879,890,890,830,890,939,840,1010,840,840,890,889,879,890,929,840,830,830,890,890,840,919,840,830,929,915,850,,,850,,839,840
Y,579,499,599,520,499,505,500,520,530,579,500,625,500,500,500,529,499,500,569,500,520,470,520,555,500,549,500,520,549,530,500,,,500,,499,500
Y,79,129,79,90,129,90,90,90,90,79,80,129,90,100,90,49,129,90,79,100,90,90,90,90,90,79,80,90,79,90,100,,,100,,49,100
Y,2999,,2999,,,,,,,2999,,,,,,2599,,,2999,,,,,,,2999,,,2999,,,,,,,2599,
Y,2899,2869,2899,,2869,,,,,2899,,2869,,,2800,2599,2869,,2899,,,,,,,2899,,,2899,,,,,,,2599,
Y,2799,,2799,,,,,,,2799,,,,,,2199,,,2799,,,,,,,2799,,,2799,,,,,,,2199,
Y,4399,,4399,,,,,,,4399,3000,,3000,3000,,3999,,,4399,3000,,,,,3000,4399,3000,,4399,,3000,,,3000,,3999,3000
Y,299,229,299,240,229,340,340,240,340,299,230,230,240,230,300,219,229,340,299,230,240,240,340,340,230,299,230,240,299,340,230,,,230,,219,230
Y,369,329,369,330,329,370,370,330,380,369,340,330,340,340,370,319,329,380,369,340,330,330,380,380,340,369,340,330,369,370,340,,,360,,339,360
Y,419,399,419,370,399,430,430,370,420,419,420,400,420,420,400,429,399,420,419,420,370,370,420,420,420,419,420,370,419,400,400,,,420,,439,420
Y,179,149,179,100,149,170,170,100,170,179,100,149,100,100,180,119,149,170,179,100,100,100,170,170,100,179,100,100,179,170,100,,,100,,119,100
Y,199,229,209,150,239,245,250,210,250,199,149,240,200,149,205,149,239,260,199,149,210,220,250,250,149,199,149,210,199,250,149,,,149,,149,149
Y,859,779,879,730,779,800,820,730,820,839,730,790,760,730,795,819,779,840,839,730,730,730,785,850,750,839,745,730,859,830,760,,,740,,749,740
Y,899,779,919,820,779,790,780,820,790,899,820,780,850,820,780,849,779,770,899,820,820,810,790,800,840,899,830,820,899,790,820,,,820,,829,830
Y,879,769,879,730,779,820,820,730,830,859,720,770,740,720,800,779,789,820,859,720,730,730,820,830,730,859,720,730,879,825,740,,,740,,729,720
Y,239,179,269,220,199,230,230,220,230,239,250,179,250,250,265,189,179,230,249,250,220,220,250,240,250,239,250,220,249,240,200,,,200,,189,250
Y,169,159,169,160,139,170,170,160,170,169,100,175,140,100,160,119,159,170,169,100,160,160,170,170,100,169,100,160,169,170,100,,,100,,119,100
Y,319,299,329,330,299,300,300,330,300,319,330,299,355,300,305,279,299,320,319,350,330,290,305,300,300,319,300,330,319,305,290,,,290,,279,300
Y,399,389,379,360,379,400,400,360,400,379,360,379,370,360,400,379,379,405,399,380,360,350,400,400,360,399,360,360,419,400,420,,,400,,369,360
Y,399,389,379,360,379,400,400,360,400,379,360,379,370,360,400,379,379,405,399,380,360,350,400,400,360,399,360,360,419,400,420,,,400,,369,360
Y,299,229,299,240,229,340,340,240,340,299,230,230,240,230,300,219,229,340,299,230,240,240,340,340,230,299,230,240,299,340,230,,,230,,219,230
Y,299,339,339,300,319,300,320,300,300,299,290,299,300,270,300,339,299,360,339,290,300,290,310,320,270,319,320,300,319,300,300,,,300,,259,280
Y,1049,1059,1089,940,1059,1050,1060,940,1065,1059,950,1220,950,950,1060,959,1059,1040,1049,950,940,940,1045,1050,950,1029,950,940,1049,1075,980,,,980,,939,950
Y,969,999,1019,890,999,1000,970,890,1000,999,890,1010,890,890,1010,909,999,960,969,890,890,890,990,975,890,959,890,890,969,1000,920,,,920,,879,890
Y,599,649,629,550,649,630,630,550,630,629,550,625,550,550,650,569,649,620,599,550,550,550,605,600,550,599,550,550,599,630,590,,,590,,569,550
Y,369,329,369,330,329,370,370,330,380,369,340,330,340,340,370,319,329,380,369,340,330,330,380,380,340,369,340,330,369,370,340,,,360,,339,360
Y,959,929,969,870,939,950,960,870,940,949,890,1220,890,890,930,939,939,940,959,890,870,870,950,950,890,949,890,870,959,950,900,,,900,,889,890
Y,889,889,899,820,879,870,880,820,890,889,830,1010,830,830,890,889,879,870,889,830,820,820,890,870,830,879,830,820,889,870,840,,,840,,829,830
Y,499,499,499,460,499,490,490,460,500,499,500,625,490,500,500,529,499,490,499,490,460,470,490,480,490,499,490,460,499,480,490,,,500,,499,490
Y,419,399,419,370,399,430,430,370,420,419,420,400,420,420,400,429,399,420,419,420,370,370,420,420,420,419,420,370,419,400,400,,,420,,439,420
Y,239,179,269,220,199,230,230,220,230,239,250,179,250,250,265,189,179,230,249,250,220,220,250,240,250,239,250,220,249,240,200,,,200,,189,250
Y,100,119,100,100,119,150,150,100,150,100,100,119,100,100,160,100,119,150,100,100,100,100,200,150,100,100,100,100,100,150,100,,,100,,100,100
Y,100,149,100,100,149,149,149,100,149,100,100,149,100,100,149,149,149,149,100,100,100,100,149,149,100,100,100,100,100,149,100,,,100,,149,100
Y,149,149,149,149,149,149,149,149,149,149,149,149,149,149,149,149,149,149,149,149,149,149,149,149,149,149,149,149,149,149,149,,,149,,149,149
Y,149,149,149,149,149,149,149,149,149,149,149,149,149,149,149,149,149,149,149,149,149,149,149,149,149,149,149,149,149,149,149,,,149,,149,149
Y,100,119,100,100,119,150,150,100,150,100,100,119,100,100,160,100,119,150,100,100,100,100,200,150,100,100,100,100,100,150,100,,,100,,100,100
Y,100,149,100,100,149,149,149,100,149,100,100,149,100,100,149,149,149,149,100,100,100,100,149,149,100,100,100,100,100,149,100,,,100,,149,100
Y,149,149,149,149,149,149,149,149,149,149,149,149,149,149,149,149,149,149,149,149,149,149,149,149,149,149,149,149,149,149,149,,,149,,149,149
Y,149,149,149,149,149,149,149,149,149,149,149,149,149,149,149,149,149,149,149,149,149,149,149,149,149,149,149,149,149,149,149,,,149,,149,149
Y,259,199,289,250,239,260,250,250,260,259,270,199,270,270,300,229,199,280,269,270,250,240,290,295,270,259,270,250,269,260,220,,,220,,219,270
Y,259,199,289,250,239,260,250,250,260,259,270,199,270,270,300,229,199,280,269,270,250,240,290,295,270,259,270,250,269,260,220,,,220,,219,270
Y,229,189,229,130,189,230,230,130,230,229,140,189,140,140,220,169,189,230,229,140,130,130,230,230,140,229,140,130,229,230,140,,,140,,169,140
Y,379,369,379,300,339,350,350,300,350,379,360,349,350,360,360,329,349,350,399,370,300,330,350,370,350,399,350,300,389,350,360,,,340,,329,350
Y,369,349,389,300,349,350,380,300,370,369,300,349,300,300,370,299,349,380,369,300,300,300,360,360,300,369,300,300,379,375,300,,,300,,299,300
Y,100,119,100,100,119,150,150,100,150,100,100,119,100,100,160,100,119,150,100,100,100,100,200,150,100,100,100,100,100,150,100,,,100,,100,100
Y,100,149,100,100,149,149,149,100,149,100,100,149,100,100,149,149,149,149,100,100,100,100,149,149,100,100,100,100,100,149,100,,,100,,149,100
Y,149,149,149,149,149,149,149,149,149,149,149,149,149,149,149,149,149,149,149,149,149,149,149,149,149,149,149,149,149,149,149,,,149,,149,149
Y,149,149,149,149,149,149,149,149,149,149,149,149,149,149,149,149,149,149,149,149,149,149,149,149,149,149,149,149,149,149,149,,,149,,149,149
Y,59,65,59,40,65,40,40,40,40,59,40,65,40,40,40,49,65,40,59,40,40,40,40,40,40,59,40,40,59,40,40,,,40,,49,40
Y,729,639,749,675,549,600,690,675,690,729,630,640,650,630,640,619,639,680,729,630,675,670,690,690,650,729,640,675,729,690,640,,,640,,539,640
Y,199,169,199,120,169,200,200,120,200,199,130,169,130,130,200,149,169,200,199,130,120,120,200,200,130,199,130,120,199,200,130,,,130,,149,130
Y,349,329,359,330,329,390,390,330,390,349,360,329,350,350,330,359,329,390,349,350,330,330,395,380,350,349,360,330,349,395,350,,,340,,349,350
Y,529,449,529,470,449,540,540,470,550,529,520,449,520,520,540,509,449,605,529,520,470,470,530,595,520,529,520,470,539,550,530,,,530,,499,520
Y,100,119,100,100,119,150,150,100,150,100,100,119,100,100,160,100,119,150,100,100,100,100,200,150,100,100,100,100,100,150,100,,,100,,100,100
Y,100,149,100,100,149,149,149,100,149,100,100,149,100,100,149,149,149,149,100,100,100,100,149,149,100,100,100,100,100,149,100,,,100,,149,100
Y,149,149,149,149,149,149,149,149,149,149,149,149,149,149,149,149,149,149,149,149,149,149,149,149,149,149,149,149,149,149,149,,,149,,149,149
Y,149,149,149,149,149,149,149,149,149,149,149,149,149,149,149,149,149,149,149,149,149,149,149,149,149,149,149,149,149,149,149,,,149,,149,149
Y,100,119,100,100,119,150,150,100,150,100,100,119,100,100,160,100,119,150,100,100,100,100,200,150,100,100,100,100,100,150,100,,,100,,100,100
Y,100,149,100,100,149,149,149,100,149,100,100,129,100,100,149,149,129,149,100,100,100,100,149,149,100,100,100,100,100,149,100,,,100,,149,100
Y,149,149,149,149,149,149,149,149,149,149,149,149,149,149,149,149,149,149,149,149,149,149,149,149,149,149,149,149,149,149,149,,,149,,149,149
Y,149,149,149,149,149,149,149,149,149,149,149,149,149,149,149,149,149,149,149,149,149,149,149,149,149,149,149,149,149,149,149,,,149,,149,149
Y,40,75,40,30,75,30,30,30,30,40,30,75,30,30,30,30,75,30,40,30,30,30,30,30,30,40,30,30,40,30,,,,30,,30,30
Y,40,75,40,30,75,30,30,30,30,40,30,75,30,30,30,30,75,30,40,30,30,30,30,30,30,40,30,30,40,30,30,,,30,,30,30
Y,239,219,239,170,219,220,220,200,220,239,180,219,200,180,180,199,219,220,239,180,170,200,220,220,180,239,180,170,239,220,190,,,190,,199,180
Y,100,119,100,100,119,150,150,100,150,100,100,119,100,100,160,100,119,150,100,100,100,100,200,150,100,100,100,100,100,150,100,,,100,,100,100
Y,100,149,100,100,149,149,149,100,149,100,100,149,100,100,149,149,149,149,100,100,100,100,149,149,100,100,100,100,100,149,100,,,100,,149,100
Y,149,149,149,149,149,149,149,149,149,149,149,149,149,149,149,149,149,149,149,149,149,149,149,149,149,149,149,149,149,149,149,,,149,,149,149
Y,149,149,149,149,149,149,149,149,149,149,149,149,149,149,149,149,149,149,149,149,149,149,149,149,149,149,149,149,149,149,149,,,149,,149,149
Y,459,499,529,490,499,540,550,490,550,489,520,499,500,520,500,469,499,520,469,500,490,520,550,530,520,459,490,490,469,520,500,,,480,,499,500
Y,68,68,68,68,68,68,68,68,68,68,68,68,68,68,68,68,68,68,68,68,68,68,68,68,68,68,68,68,68,68,68,,,68,,68,68
Y,25,,25,15,,,,15,,25,20,,15,20,30,25,,,25,20,15,15,,,20,25,20,15,25,,20,,,20,,25,20
Y,25,,25,15,,,,15,,25,20,,15,20,30,25,,,25,20,15,15,,,20,25,20,15,25,,20,,,20,,25,20
Y,25,45,25,15,45,,,15,,25,15,45,15,15,30,25,45,,25,15,15,15,,,15,25,15,15,25,,15,,,15,,25,15
Y,25,,25,15,,,,15,,25,20,,15,20,30,25,,,25,20,15,15,,,20,25,20,15,25,,20,,,20,,25,20
Y,70,35,70,,,,,,,70,,,,,25,,35,,70,,,,,,,70,,,70,,,,,,,,
Y,25,,25,15,,,,15,,25,20,,15,20,30,25,,,25,20,15,15,,,20,25,20,15,25,,20,,,20,,25,20
Y,35,,35,20,,,,20,,35,,,20,,20,25,,,35,,20,20,,,,35,,20,35,,20,,,20,,25,
Y,30,,30,25,,,,25,,30,25,,25,20,30,25,,,30,20,25,25,,,20,30,20,25,30,,25,,,25,,25,20
Y,449,449,449,430,449,500,500,430,490,449,430,439,430,440,465,439,449,480,449,420,430,420,500,500,420,449,420,430,459,500,440,,,430,,419,420
Y,60,15,60,50,15,70,70,50,70,60,30,15,50,30,40,59,15,70,60,30,50,50,70,70,30,60,30,50,60,70,30,,,30,,59,30
Y,3499,,3579,,,,,,,3479,,,,,,,,,3479,,,,,,,3479,,,3479,,,,,,,,
Y,599,1999,599,300,1999,649,649,349,649,599,499,1999,499,499,300,449,1999,649,599,499,300,300,649,649,499,599,499,339,599,649,479,,,479,,439,499
Y,739,579,739,199,1999,829,829,199,829,739,679,1999,679,679,199,569,579,829,739,679,199,199,829,829,679,739,679,199,739,829,599,,,599,,559,679
Y,199,199,199,220,199,250,250,220,250,199,210,199,220,210,200,159,199,250,199,210,220,220,250,250,210,199,210,220,199,250,210,,,210,,159,210
Y,229,199,229,240,199,280,280,240,280,229,260,199,260,260,225,209,199,280,229,280,240,240,295,280,270,229,260,240,229,295,260,,,270,,209,270
Y,249,199,249,260,199,320,320,260,320,249,300,199,290,290,245,359,199,320,249,320,260,260,320,360,300,249,290,260,249,320,290,,,300,,259,300
Y,229,199,229,240,199,280,280,240,280,229,260,199,260,260,225,209,199,280,229,280,240,240,295,280,270,229,260,240,229,295,260,,,270,,209,270
Y,249,199,249,260,199,320,320,260,320,249,300,199,290,290,245,359,199,320,249,320,260,260,320,360,300,249,290,260,249,320,290,,,300,,259,300
Y,229,199,229,240,199,280,280,240,280,229,260,199,260,260,225,209,199,280,229,280,240,240,295,280,270,229,260,240,229,295,260,,,270,,209,270
Y,249,199,249,260,199,320,320,260,320,249,300,199,290,290,245,359,199,320,249,320,260,260,320,360,300,249,290,260,249,320,290,,,300,,259,300
Y,99,,,,,,,,,,,,,,,,,,,,,,,,,,,,,,,,,,,,
Y,199,199,199,220,199,250,250,220,250,199,210,199,220,210,200,159,199,250,199,210,220,220,250,250,210,199,210,220,199,250,210,,,210,,159,210
Y,99,,,,,,,,,,,,,,,,,,,,,,,,,,,,,,,,,,,,
Y,99,79,99,70,79,90,90,80,90,89,75,79,75,75,90,69,79,90,89,75,70,70,90,90,75,89,75,80,89,90,80,,,80,,69,75
Y,199,199,199,220,199,250,250,220,250,199,210,199,220,210,200,159,199,250,199,210,220,220,250,250,210,199,210,220,199,250,210,,,210,,159,210
Y,100,119,100,100,119,150,150,100,150,100,100,119,100,100,160,100,119,150,100,100,100,100,200,150,100,100,100,100,100,150,100,,,100,,100,100
Y,100,149,100,100,149,149,149,100,149,100,100,149,100,100,149,149,149,149,100,100,100,100,149,149,100,100,100,100,100,149,100,,,100,,149,100
Y,149,149,149,149,149,149,149,149,149,149,149,149,149,149,149,149,149,149,149,149,149,149,149,149,149,149,149,149,149,149,149,,,149,,149,149
Y,149,149,149,149,149,149,149,149,149,149,149,149,149,149,149,149,149,149,149,149,149,149,149,149,149,149,149,149,149,149,149,,,149,,149,149
Y,329,229,339,200,239,360,350,200,360,299,200,229,200,200,315,200,229,350,319,200,200,200,370,350,200,299,200,200,319,370,200,,,200,,200,200
Y,399,329,399,330,329,390,380,330,390,379,340,329,340,340,370,319,329,390,389,340,330,330,400,385,340,389,340,330,389,390,340,,,340,,319,340
Y,439,389,449,370,389,420,400,370,400,429,400,389,400,400,415,399,389,400,439,400,370,370,420,400,400,439,400,370,439,410,400,,,400,,399,400
Y,299,229,299,250,229,340,340,250,340,299,240,229,240,240,300,249,229,340,299,240,250,250,340,340,240,299,240,250,299,340,230,,,250,,239,240
Y,369,339,369,330,339,400,400,330,400,369,340,339,340,350,370,329,359,400,369,340,330,330,400,400,340,369,360,330,369,400,340,,,360,,339,340
Y,419,399,419,370,399,430,430,370,430,419,400,419,400,400,400,399,419,430,419,400,370,380,430,430,400,419,420,370,419,430,420,,,400,,419,420
Y,299,229,299,250,229,340,340,250,340,299,240,229,240,240,300,249,229,340,299,240,250,250,340,340,240,299,240,250,299,340,230,,,250,,239,240
Y,369,339,369,330,339,400,400,330,400,369,340,339,340,350,370,329,359,400,369,340,330,330,400,400,340,369,360,330,369,400,340,,,360,,339,340
Y,1789,1899,1799,1755,1899,1855,1880,1755,1850,1819,1730,1899,1730,1730,1780,1599,1899,1800,1799,1700,1755,1765,1800,1800,1700,1819,1700,1755,1819,1830,1730,,,1700,,1699,1700
Y,419,399,419,370,399,430,430,370,430,419,400,419,400,400,400,399,419,430,419,400,370,380,430,430,400,419,420,370,419,430,420,,,400,,419,420
Y,299,229,299,220,229,340,340,220,340,299,220,229,220,220,300,249,229,340,299,220,220,220,340,340,220,299,220,220,299,340,220,,,220,,219,220
Y,369,339,369,330,339,370,370,330,370,369,340,339,340,340,360,329,339,370,369,340,330,330,370,370,340,369,340,330,369,370,340,,,340,,319,340
Y,419,389,419,370,389,420,420,370,420,419,400,389,400,420,400,399,389,420,419,400,370,370,420,420,400,419,400,370,419,420,420,,,400,,399,400
Y,79,129,79,90,129,90,90,90,90,79,80,129,80,80,90,49,129,90,79,80,90,90,90,90,80,79,80,90,79,90,100,,,100,,49,80
Y,339,329,379,270,329,350,330,270,360,339,280,329,280,280,300,300,329,330,339,280,270,270,350,350,280,359,280,270,339,350,280,,,290,,259,280
Y,40,75,40,30,75,30,30,30,30,40,,75,40,40,30,30,75,30,40,40,30,30,30,30,40,40,,30,40,30,25,,,25,,30,
Y,40,75,40,30,75,60,60,30,60,40,,75,30,40,30,,75,60,40,,30,30,60,60,40,40,,30,40,60,25,,,,,30,
Y,499,399,499,320,389,470,450,320,470,499,360,379,370,360,440,329,389,520,499,360,320,320,455,470,370,499,370,320,499,450,370,,,360,,339,370
Y,549,439,569,370,439,500,500,370,500,549,380,419,400,380,520,399,469,540,549,380,370,370,490,500,390,549,390,370,549,515,400,,,400,,399,390
Y,599,479,619,430,459,550,540,430,550,599,400,459,450,400,550,479,499,615,599,400,430,420,530,605,430,599,430,430,599,550,430,,,450,,469,450
Y,499,399,499,320,389,470,450,320,470,499,360,379,370,360,440,329,389,520,499,360,320,320,455,470,370,499,370,320,499,450,370,,,360,,339,370
Y,549,439,569,370,439,500,500,370,500,549,380,419,400,380,520,399,469,540,549,380,370,370,490,500,390,549,390,370,549,515,400,,,400,,399,390
Y,299,229,299,220,229,340,340,220,340,299,220,229,220,220,300,249,229,340,299,220,220,220,340,340,220,299,220,220,299,340,220,,,220,,219,220
Y,599,479,619,430,459,550,540,430,550,599,400,459,450,400,550,479,499,615,599,400,430,420,530,605,430,599,430,430,599,550,430,,,450,,469,450
Y,369,,369,330,,370,370,330,370,369,340,,340,340,360,329,,370,369,340,330,330,370,370,340,369,340,330,369,370,340,,,340,,319,340
Y,419,389,419,370,389,420,420,370,420,419,400,389,400,420,400,399,389,420,419,400,370,370,420,420,400,419,400,370,419,420,420,,,400,,399,400
Y,499,399,499,320,389,470,450,320,470,499,360,380,370,360,440,329,389,520,499,360,320,320,455,470,370,499,370,320,499,450,370,,,360,,339,370
Y,549,439,569,370,439,500,500,370,500,549,380,420,400,380,520,399,469,540,549,380,370,370,490,500,390,549,390,370,549,515,400,,,400,,399,390
Y,619,599,619,590,599,600,610,590,600,619,590,599,590,590,605,579,599,600,619,590,590,600,600,655,600,619,590,590,619,605,590,,,600,,589,590
Y,619,619,619,600,619,600,645,600,600,619,590,619,635,590,600,579,619,600,619,590,600,600,600,655,610,619,590,600,619,600,590,,,615,,589,590
Y,599,479,619,430,459,550,540,430,550,599,400,460,450,400,550,479,499,615,599,400,430,420,530,605,430,599,430,430,599,550,430,,,450,,469,450
Y,219,249,229,220,249,300,280,220,280,219,250,269,250,250,230,199,259,280,249,250,220,220,285,280,250,229,250,220,219,285,250,,,250,,189,250
Y,349,339,349,320,329,370,370,320,370,349,300,339,320,270,350,249,329,370,349,270,320,320,370,370,270,349,270,320,349,370,290,,,320,,249,290
Y,359,300,359,300,300,350,360,300,360,359,389,300,300,389,339,289,300,360,359,389,300,300,350,350,389,359,389,300,359,350,389,,,389,,269,389
Y,599,599,599,580,599,600,600,580,600,599,560,599,560,560,600,539,599,600,599,560,500,580,500,500,560,500,560,500,500,500,570,,,570,,559,560
Y,999,919,1019,935,919,900,900,935,900,999,880,919,910,880,900,879,919,900,999,880,870,930,900,900,900,999,890,870,999,900,900,,,900,,899,890
Y,1019,879,1039,940,879,920,930,940,900,1019,910,879,930,910,920,889,879,930,1019,910,940,940,920,930,920,1019,910,940,1019,920,910,,,910,,929,910
Y,1019,899,1039,950,899,950,950,950,890,1019,910,899,930,910,920,889,899,950,1019,910,950,950,950,950,920,1019,910,950,1019,950,910,,,910,,929,910
Y,239,229,239,199,229,230,240,199,240,239,199,229,199,199,199,199,229,240,239,199,199,199,230,230,199,239,199,199,239,230,199,,,199,,199,199
Y,100,119,100,100,119,150,150,100,150,100,100,119,100,100,160,100,119,150,100,100,100,100,200,150,100,100,100,100,100,150,100,,,100,,100,100
Y,100,149,100,100,149,149,149,100,149,100,100,149,100,100,149,149,149,149,100,100,100,100,149,149,100,100,100,100,100,149,100,,,100,,149,100
Y,149,149,149,149,149,149,149,149,149,149,149,149,149,149,149,149,149,149,149,149,149,149,149,149,149,149,149,149,149,149,149,,,149,,149,149
Y,149,149,149,149,149,149,149,149,149,149,149,149,149,149,149,149,149,149,149,149,149,149,149,149,149,149,149,149,149,149,149,,,149,,149,149
Y,599,629,629,605,599,560,605,605,580,599,600,619,645,600,605,589,599,570,599,590,500,560,500,500,590,500,590,500,500,500,570,,,580,,599,590
Y,999,899,1039,920,899,870,950,920,900,999,910,899,930,910,900,909,899,870,999,910,870,910,890,920,920,999,910,870,999,870,900,,,900,,929,910
Y,359,300,359,300,300,360,370,300,370,359,389,300,300,389,339,279,300,370,359,389,300,300,360,360,389,359,389,300,359,360,389,,,389,,269,389
Y,40,49,40,,49,,,,,40,30,49,30,30,30,29,49,,40,30,,,,,30,40,30,,40,,30,,,30,,29,30
Y,299,229,299,250,229,340,340,250,340,299,240,229,240,240,300,249,229,340,299,240,250,250,340,340,240,299,240,250,299,340,230,,,250,,239,240
Y,419,399,419,370,399,430,430,370,430,419,400,419,400,400,400,399,419,430,419,400,370,380,430,430,400,419,420,370,419,430,420,,,400,,419,420
Y,299,229,299,240,229,340,340,240,340,299,240,229,240,240,300,229,229,340,299,240,240,240,340,340,240,299,240,240,299,340,230,,,240,,239,240
Y,419,399,419,370,389,400,400,370,400,419,400,399,400,400,400,399,389,400,419,400,370,380,400,400,400,419,400,370,419,400,400,,,400,,419,400
Y,299,229,299,220,229,340,340,220,340,299,220,229,220,220,300,249,229,340,299,220,220,220,340,340,220,299,220,220,299,340,220,,,220,,219,220
Y,419,389,419,370,389,420,420,370,420,419,400,389,400,420,400,399,389,420,419,400,370,370,420,420,400,419,400,370,419,420,420,,,400,,399,400
Y,339,219,339,200,229,250,250,200,260,299,150,219,220,150,255,149,219,250,299,150,200,200,270,250,150,299,150,200,299,250,140,,,140,,149,150
Y,289,319,289,200,299,340,340,200,340,289,200,319,200,230,300,199,299,340,289,230,200,200,340,340,230,289,230,200,289,340,200,,,230,,199,200
Y,40,49,40,30,49,30,30,30,30,40,30,49,30,30,30,39,49,30,40,30,30,30,30,30,30,40,30,30,40,30,30,,,30,,39,30
Y,40,49,40,30,49,30,30,30,30,40,30,49,30,30,30,39,49,30,40,30,30,30,30,30,30,40,30,30,40,30,30,,,30,,39,30
Y,40,49,40,,49,30,30,30,30,40,,49,,,30,29,49,30,40,,,,30,30,,40,,30,40,30,30,,,30,,29,
Y,40,39,40,30,39,30,30,30,30,40,30,39,30,30,30,30,39,30,40,30,30,30,30,30,30,40,30,30,40,30,30,,,30,,30,30
Y,100,199,100,100,199,230,285,100,230,100,50,199,100,50,100,100,199,285,100,50,100,100,230,230,50,100,50,100,100,230,50,,,50,,100,50
Y,2599,2099,2599,,2099,2700,2700,,2700,2599,,2099,,,2700,,2099,2700,2599,,,,2700,2700,,2599,,,2599,2700,,,,,,,
Y,369,339,369,330,339,370,370,330,370,369,340,339,340,340,360,329,339,370,369,340,330,330,370,370,340,369,340,330,369,370,340,,,340,,319,340
Y,369,339,369,330,339,400,400,330,400,369,340,339,340,350,370,329,359,400,369,340,330,330,400,400,340,369,360,330,369,400,340,,,360,,339,340
Y,399,359,419,325,339,420,400,325,400,399,300,369,300,300,380,239,359,400,399,300,325,300,400,400,300,399,355,325,399,390,290,,,290,,269,300
Y,499,459,499,370,449,470,470,370,470,499,390,469,380,390,470,339,459,480,499,390,370,390,465,470,380,499,380,370,499,460,390,,,390,,359,390
Y,369,329,369,330,329,370,370,330,370,369,340,329,340,340,360,319,329,370,369,340,330,330,370,370,340,369,340,330,369,370,340,,,340,,339,340
Y,299,229,299,200,229,340,340,200,340,299,200,229,200,200,300,249,229,340,299,200,200,200,340,340,200,299,200,200,299,340,200,,,230,,219,200
Y,369,339,369,330,349,370,370,330,370,369,340,349,340,350,360,319,339,370,369,340,330,330,370,370,340,369,340,330,369,370,340,,,340,,369,340
Y,419,389,419,370,399,400,400,370,400,419,400,399,400,400,400,399,389,400,419,400,370,380,400,400,400,419,400,370,419,400,400,,,400,,419,400
Y,419,399,419,390,399,400,400,390,400,419,400,399,400,400,400,399,399,400,419,400,390,390,400,400,400,419,420,390,419,400,400,,,400,,419,400
Y,399,359,419,325,339,420,400,325,400,399,300,369,300,300,380,239,359,400,399,300,325,300,400,400,300,399,355,325,399,390,290,,,290,,269,300
Y,499,459,499,370,449,470,470,370,470,499,390,469,380,390,470,339,459,480,499,390,370,390,465,470,380,499,380,370,499,460,390,,,390,,359,390
Y,559,479,559,420,479,505,500,420,500,559,430,489,430,430,500,399,489,520,559,420,420,430,500,500,420,559,420,420,559,510,450,,,440,,449,420
Y,99,59,99,50,69,190,200,50,170,99,50,50,50,50,120,99,59,190,99,50,50,50,170,180,50,99,50,50,99,190,50,,,50,,119,50
Y,369,349,369,330,349,370,370,330,370,369,340,349,340,340,360,319,349,370,369,340,330,330,370,370,340,369,340,330,369,370,340,,,340,,319,340
Y,299,229,299,200,229,340,340,200,340,299,200,229,200,200,300,200,229,340,299,200,200,200,340,340,200,299,200,200,299,340,200,,,200,,200,200
Y,499,469,509,400,469,500,500,400,500,499,480,469,480,480,500,419,469,500,499,480,400,400,500,500,480,499,480,400,499,500,500,,,500,,369,480
Y,559,519,569,515,519,570,570,515,570,559,540,529,540,540,570,469,519,580,559,540,515,450,570,570,540,569,540,515,569,570,540,,,540,,470,540
Y,559,479,559,420,479,505,500,420,500,559,430,489,430,430,500,399,489,520,559,420,420,430,500,500,420,559,420,420,559,510,450,,,440,,449,420
Y,1099,1059,1109,980,1059,1125,1135,980,1130,1079,980,1059,980,980,1060,999,1059,1140,1099,980,980,980,1120,1135,980,1099,980,980,1099,1125,990,,,990,,979,980
Y,169,159,169,160,139,170,170,160,170,169,100,159,140,100,160,119,159,170,169,100,160,160,170,170,100,169,100,160,169,170,100,,,100,,119,100
Y,299,229,299,250,229,340,340,250,340,299,240,229,240,240,300,249,229,340,299,240,250,250,340,340,240,299,240,250,299,340,230,,,250,,239,240
Y,369,339,369,330,339,400,400,330,400,369,340,339,340,350,370,329,359,400,369,340,330,330,400,400,340,369,360,330,369,400,340,,,360,,339,340
Y,419,399,419,370,399,430,430,370,430,419,400,419,400,400,400,399,419,430,419,400,370,380,430,430,400,419,420,370,419,430,420,,,400,,419,420
Y,299,229,299,220,229,340,340,220,340,299,220,229,220,220,300,249,229,340,299,220,220,220,340,340,220,299,220,220,299,340,220,,,220,,219,220
Y,369,339,369,330,339,370,370,330,370,369,340,339,340,340,360,329,339,370,369,340,330,330,370,370,340,369,340,330,369,370,340,,,340,,319,340
Y,390,379,390,,379,400,400,320,400,389,,399,,,,349,379,400,389,,,,400,400,,389,,320,389,400,,,,,,269,
Y,419,389,419,370,389,420,420,370,420,419,400,389,400,420,400,399,389,420,419,400,370,370,420,420,400,419,400,370,419,420,420,,,400,,399,400
Y,199,199,199,220,199,250,250,220,250,199,210,199,220,210,200,159,199,250,199,210,220,220,250,250,210,199,210,220,199,250,210,,,210,,159,210
Y,229,199,229,240,199,280,280,240,280,229,260,199,260,260,225,209,199,280,229,280,240,240,295,280,270,229,260,240,229,295,260,,,270,,209,270
Y,249,199,249,260,199,320,320,260,320,249,300,199,290,290,245,359,199,320,249,320,260,260,320,360,300,249,290,260,249,320,290,,,300,,259,300
Y,40,49,40,30,49,30,30,30,30,40,,49,30,,30,39,49,30,40,,30,30,30,30,,40,,30,40,30,,,,,,39,
Y,1999,2699,1999,2250,2699,1999,1999,2250,1999,1999,,2699,2300,,1999,,2699,1999,1999,,2250,2250,1999,1999,,1999,,2250,1999,1999,,,,,,,
Y,319,200,319,250,200,320,320,250,320,319,250,200,250,250,250,219,219,320,319,250,250,250,320,320,250,319,250,250,319,320,250,,,250,,199,250
Y,789,799,849,790,829,830,830,790,830,819,780,799,780,780,800,789,799,830,789,780,790,790,830,830,760,819,780,790,819,830,800,,,800,,699,780
Y,499,469,509,400,469,500,500,400,500,499,480,469,480,480,500,419,469,500,499,480,400,400,500,500,480,499,480,400,499,500,500,,,500,,369,480
Y,559,519,569,515,519,570,570,515,570,559,540,529,540,540,570,469,519,580,559,540,515,450,570,570,540,569,540,515,569,570,540,,,540,,470,540
Y,399,249,399,300,249,390,390,300,390,399,300,269,300,300,380,269,259,390,399,300,300,300,390,390,300,399,300,300,399,390,320,,,320,,279,300
Y,399,249,399,300,249,390,390,300,390,399,300,269,300,300,380,269,259,390,399,300,300,300,390,390,300,399,300,300,399,390,320,,,320,,279,300
Y,279,299,309,270,299,300,300,270,330,279,300,329,300,300,300,299,299,300,289,320,270,270,300,340,300,289,300,270,289,300,300,,,300,,289,300
Y,339,379,369,360,369,370,340,360,370,349,380,379,370,370,360,339,379,360,339,370,360,370,330,390,370,359,370,360,349,350,380,,,380,,319,370
Y,799,779,809,795,769,845,770,795,840,799,760,769,750,760,775,829,769,800,789,750,795,750,780,835,750,769,750,795,789,790,740,,,750,,750,750
Y,769,699,769,630,699,750,740,630,740,749,720,700,630,720,740,780,699,750,749,720,630,630,740,740,730,749,720,630,769,740,740,,,740,,729,720
Y,519,399,519,340,399,480,470,340,480,519,380,399,380,380,460,359,399,520,519,380,340,340,470,480,380,519,380,340,519,470,380,,,380,,369,380
Y,569,469,589,390,469,510,510,390,510,569,400,469,400,400,535,429,469,550,569,400,390,390,510,510,400,569,400,390,569,525,420,,,420,,429,400
Y,619,499,639,440,499,560,550,440,560,619,420,499,420,420,570,509,499,625,619,420,440,440,550,615,420,619,420,440,619,560,440,,,440,,499,420
Y,349,,429,,,,,,,379,,,,,,,,,439,,,,,,,399,,,379,,,,,,,,
Y,499,499,499,460,519,530,520,460,530,499,490,499,500,490,520,479,499,585,499,500,460,440,520,575,500,299,490,460,299,530,520,,,520,,469,500
Y,499,499,499,460,519,530,520,460,530,499,490,499,500,490,520,479,499,585,499,500,460,440,520,575,500,299,490,460,299,530,520,,,520,,469,500
Y,70,50,70,50,40,75,75,50,75,70,50,40,50,50,45,69,50,75,70,50,50,50,75,75,50,70,50,50,70,75,50,,,50,,69,50
Y,79,15,79,30,15,30,30,30,30,79,30,15,30,30,30,39,15,30,79,30,30,30,30,30,30,79,30,30,79,30,50,,,50,,39,30
Y,649,679,699,675,699,690,755,675,730,649,640,669,660,630,675,659,699,725,639,650,675,640,700,685,630,669,630,675,669,690,680,,,660,,629,640
Y,300,159,300,100,159,220,220,100,220,299,130,159,130,130,150,119,159,220,299,130,100,100,220,220,130,299,130,100,299,220,130,,,130,,119,130
Y,85,188,85,200,188,200,200,200,200,75,150,188,150,150,200,109,188,200,75,150,200,200,200,200,150,75,150,200,75,200,150,,,150,,109,150
Y,659,579,629,580,579,670,630,580,685,639,620,619,620,620,640,619,589,630,679,620,580,610,630,620,620,679,620,580,629,630,600,,,600,,619,620
Y,679,639,689,670,629,755,705,670,755,699,630,629,685,630,735,829,629,775,679,630,670,630,700,755,630,679,630,670,679,700,690,,,650,,629,630
Y,300,200,300,150,200,230,230,150,300,300,170,200,170,170,200,169,200,230,300,170,150,150,230,230,170,300,170,150,300,230,130,,,130,,169,170
Y,399,379,399,380,379,400,400,380,400,399,370,379,390,370,400,299,379,400,399,370,380,360,400,400,370,399,390,380,399,400,370,,,370,,299,370
Y,919,879,959,1230,899,1090,1080,1230,1080,919,,879,1180,399,900,869,879,1090,899,,1230,1180,1030,1040,,899,,1230,919,1080,,,,,,869,
Y,349,329,369,290,339,,,290,,349,260,339,300,260,340,279,319,,349,260,290,320,,,220,349,260,290,349,,230,,,260,,269,260
Y,169,169,189,125,179,150,150,125,150,159,95,189,100,90,,89,169,150,139,90,125,120,150,150,90,179,90,125,139,150,90,,,90,,89,90
Y,149,100,149,75,100,150,150,75,150,149,70,100,75,70,130,89,100,150,149,70,75,75,150,150,70,149,70,75,149,150,80,,,80,,89,70
Y,699,719,729,680,719,740,740,680,740,699,680,719,680,680,700,669,719,740,699,680,680,680,740,740,680,719,680,680,719,740,700,,,700,,659,680
Y,1059,1029,1099,1000,1029,1090,1090,1000,1090,1059,1000,1029,1000,1000,1060,999,1029,1090,1059,1000,1000,1000,1110,1090,1000,1059,1000,1000,1079,1090,1020,,,1020,,979,1000
Y,1139,1119,1169,1060,1119,1170,1170,1060,1150,1119,1060,1119,1060,1060,1100,1059,1119,1170,1129,1060,1060,1060,1160,1170,1060,1129,1060,1060,1159,1170,1080,,,1080,,1039,1060
Y,769,749,769,700,749,770,790,700,790,769,730,779,730,730,775,699,749,790,769,700,700,730,760,800,700,799,700,700,799,800,750,,,750,,689,700
Y,1189,1139,1199,1070,1149,1190,1190,1070,1170,1169,1070,1169,1070,1070,1140,1069,1149,1180,1189,1070,1070,1070,1170,1200,1070,1169,1070,1070,1189,1200,1100,,,1100,,1069,1070
Y,829,819,869,840,849,900,900,840,900,859,850,819,840,850,870,849,819,900,829,850,840,820,900,890,830,859,850,840,859,900,860,,,860,,719,850
Y,1299,1179,1329,1260,1179,1280,1290,1260,1280,1299,1250,1179,1250,1250,1270,1239,1179,1290,1299,1250,1260,1260,1300,1290,1250,1289,1250,1260,1299,1290,1280,,,1280,,1149,1250
Y,329,329,349,320,329,330,330,320,330,329,320,350,330,320,330,319,329,330,339,320,320,320,340,330,320,329,320,320,339,330,320,,,320,,309,320
Y,1389,1299,1419,1320,1299,1340,1340,1320,1350,1369,1310,1299,1310,1310,1320,1319,1299,1340,1389,1310,1320,1310,1340,1340,1310,1369,1310,1320,1389,1340,1330,,,1330,,1219,1310
Y,899,899,899,880,929,970,970,880,960,929,890,899,880,890,920,859,899,970,899,890,880,890,960,960,870,929,890,880,929,970,880,,,880,,829,890
Y,1369,1199,1389,1290,1199,1340,1340,1290,1340,1369,1290,1199,1290,1290,1320,1249,1199,1340,1369,1290,1290,1290,1340,1340,1290,1359,1290,1290,1369,1340,1290,,,1290,,1259,1290
Y,1459,1329,1469,1350,1329,1380,1380,1350,1400,1439,1350,1329,1350,1350,1370,1329,1329,1380,1459,1350,1350,1350,1380,1400,1350,1439,1350,1350,1459,1380,1360,,,1360,,1319,1350
Y,559,599,559,560,599,570,585,560,580,559,590,599,635,590,595,599,599,560,559,590,500,595,500,500,605,500,590,500,500,500,595,,,580,,590,590
Y,959,919,959,870,919,860,860,870,890,959,900,919,920,900,900,899,919,890,959,900,870,870,870,900,910,959,910,870,959,890,910,,,910,,919,910
Y,300,249,300,200,249,300,300,200,300,300,200,249,200,200,300,200,249,300,300,200,200,200,300,300,200,300,200,200,300,300,200,,,200,,200,200
Y,219,249,229,220,249,300,280,220,280,219,250,269,250,250,230,199,259,280,249,250,220,220,285,280,250,229,250,220,219,285,250,,,250,,189,250
Y,349,329,369,320,329,350,350,320,350,329,320,330,330,320,330,339,329,350,349,320,320,320,350,360,320,349,320,320,349,350,320,,,320,,309,320
Y,899,899,979,870,899,920,930,870,930,899,910,899,940,910,900,829,899,920,929,910,870,870,930,960,930,899,920,870,899,930,900,,,900,,809,920
Y,429,379,449,380,379,480,460,380,480,439,390,399,400,420,370,389,399,460,449,390,380,380,460,480,390,439,390,380,439,460,420,,,420,,389,390
Y,399,399,409,390,399,400,400,390,400,399,400,399,400,400,400,379,399,400,399,400,390,390,400,420,400,399,400,390,399,390,400,,,400,,369,400
Y,30,30,30,30,30,30,30,30,30,30,30,30,30,30,30,30,30,30,30,30,30,30,30,30,30,30,30,30,30,30,30,,,30,,30,30
Y,659,649,659,630,649,690,690,630,700,659,590,649,645,590,650,599,649,700,659,590,630,590,690,700,590,659,590,630,659,690,590,,,590,,589,590
Y,219,,219,,,,,,,219,,,,,,,,,219,,,,,,,219,,,219,,,,,,,,
Y,229,,229,,,,,,,229,,,,,,,,,229,,,,,,,229,,,229,,,,,,,,
Y,249,,249,,,,,,,239,,,,,,,,,239,,,,,,,239,,,239,,,,,,,,
Y,299,199,149,270,189,270,280,270,270,299,270,199,270,270,190,239,189,290,299,270,270,270,270,270,300,299,270,270,299,270,275,,,320,,239,270
Y,249,219,259,150,219,220,220,150,220,249,150,219,150,150,220,159,219,220,249,150,150,150,220,220,150,249,150,150,249,220,130,,,130,,179,150
Y,2699,,2799,,,,,,,2699,,,,,,2099,,,2699,,,,,,,2699,,,2699,,,,,,,2099,
Y,269,169,149,250,169,245,260,250,245,269,250,169,250,250,170,219,169,265,269,250,250,250,240,250,275,269,250,250,269,240,255,,,300,,219,250
Y,249,149,149,230,149,220,240,230,220,249,230,149,230,230,150,189,149,220,249,230,230,230,220,220,230,249,230,230,249,220,230,,,275,,189,230
Y,219,259,229,200,259,230,230,200,230,239,215,269,200,170,200,199,259,240,239,190,200,200,230,230,200,219,190,200,249,230,230,,,230,,160,170
Y,319,329,319,300,329,330,330,300,330,319,300,329,300,300,320,259,329,330,319,300,300,300,330,330,300,319,300,300,319,330,300,,,300,,259,300
Y,199,79,199,100,99,170,170,100,170,199,100,99,100,100,80,99,99,170,199,100,100,100,170,170,100,199,100,100,199,170,120,,,90,,95,100
Y,649,649,649,640,649,695,685,640,695,649,620,649,665,620,640,649,649,630,649,620,500,695,500,500,640,500,620,500,500,500,650,,,650,,620,620
Y,1049,959,1069,990,919,970,970,990,960,1049,940,919,960,940,960,949,919,980,1049,940,870,990,980,980,950,1049,940,870,1049,970,970,,,970,,959,940
Y,549,569,609,555,589,560,645,555,630,549,500,559,530,500,525,529,589,605,539,530,555,500,610,,500,299,500,555,299,530,500,,,480,,499,500
Y,279,299,279,200,299,290,290,200,280,279,200,299,200,200,200,229,299,290,259,200,200,200,280,280,220,269,220,200,259,290,220,,,240,,229,220
Y,349,349,369,290,349,350,350,290,350,349,290,349,300,290,340,299,349,350,349,290,290,290,350,350,290,339,290,290,349,350,290,,,290,,269,290
Y,489,449,499,420,459,490,500,420,490,469,420,459,440,420,450,429,459,495,489,440,420,420,480,490,420,489,440,420,499,490,430,,,450,,439,440
Y,839,,899,,,,,,,839,,,,,,,,,839,,,,,,,839,,,839,,,,,,,,
Y,449,419,469,390,419,440,420,390,440,459,370,419,425,370,435,399,419,440,449,360,390,455,430,430,370,449,360,390,449,440,370,,,400,,359,370
Y,1089,999,1109,940,999,980,970,940,990,1079,940,1000,940,940,990,949,999,990,1089,940,940,940,990,980,940,1079,940,940,1089,990,,,,940,,849,940
Y,289,349,289,220,349,330,330,220,330,289,260,349,260,260,220,239,349,330,269,260,220,220,320,330,260,279,260,220,269,330,230,,,250,,239,260
Y,1089,1009,1139,970,1019,1070,1090,970,1080,1089,960,1020,960,960,1010,1039,1009,1115,1089,960,970,970,1085,1100,960,1109,960,970,1119,1110,990,,,990,,959,960
Y,1139,1109,1139,1020,1099,1070,1080,1020,1080,1129,1050,1110,1030,1050,1040,999,1099,1070,1139,1050,1020,1020,1080,1070,1050,1129,1050,1020,1139,1080,1010,,,990,,1009,1050
Y,1349,1279,1389,1190,1279,1290,1300,1190,1300,1329,1240,1279,1240,1240,1270,1269,1279,1300,1349,1240,1190,1190,1300,1300,1240,1329,1240,1190,1349,1290,1290,,,1280,,1199,1240
Y,949,719,979,860,719,885,880,860,915,929,860,720,860,860,,889,719,880,949,860,860,860,880,880,860,929,860,860,949,880,900,,,900,,879,860
Y,1089,1099,1119,970,1099,1040,1060,970,1060,1089,990,1099,990,990,1000,1019,1099,1060,1089,990,970,970,1020,1040,990,1079,990,970,1089,1050,990,,,1000,,989,990
Y,1999,,1999,1995,,1999,1999,1995,1999,1999,2025,,1995,2000,1999,1999,,1999,1999,2000,1995,1995,1999,1999,2000,1999,2000,1995,1999,1999,2000,,,2000,,1999,2000
Y,1209,1199,1249,1060,1209,1120,1120,1060,1120,1199,1110,1209,1110,1110,1130,1129,1209,1120,1209,1110,1060,1060,1120,1090,1110,1189,1110,1060,1209,1120,1150,,,1150,,1129,1110
Y,1089,1039,1139,965,1049,1075,1120,965,1070,1059,990,1050,1000,975,1055,1029,1049,1110,1079,1000,965,965,1090,1085,990,1059,1000,965,1119,1125,1000,,,1000,,999,1000
Y,50,50,50,50,50,50,50,50,50,50,,50,50,,,,50,50,50,,50,50,50,50,,50,,50,50,50,,,,,,,
Y,2699,,2759,,,,,,,2699,,,,,,2199,,,2699,,,,,,,2699,,,2699,,,,,,,2199,
Y,579,539,579,540,539,590,590,540,590,579,530,539,530,530,590,519,539,580,579,530,540,540,590,590,530,579,530,540,579,590,500,,,500,,499,530
Y,599,579,599,560,579,630,630,560,620,599,560,579,560,560,620,539,579,630,599,560,560,560,630,630,560,599,560,560,599,625,540,,,540,,519,560
Y,619,569,619,560,569,640,640,560,630,619,560,569,560,560,620,579,569,630,619,560,560,560,645,630,560,619,560,560,619,635,540,,,540,,569,560
Y,299,229,299,240,229,340,340,240,340,299,230,229,240,230,300,219,229,340,299,230,240,240,340,340,230,299,230,240,299,340,230,,,230,,219,230
Y,369,329,369,330,329,370,370,330,380,369,340,329,340,340,370,319,329,380,369,340,330,330,380,380,340,369,340,330,369,370,340,,,360,,339,360
Y,419,399,419,370,399,430,430,370,420,419,420,399,420,420,400,429,399,420,419,420,370,370,420,420,420,419,420,370,419,400,400,,,420,,439,420
Y,299,229,299,240,229,340,340,240,340,299,240,229,240,240,300,219,229,340,299,240,240,240,340,340,240,299,240,240,299,340,230,,,230,,219,240
Y,369,349,369,330,349,380,380,330,380,369,340,349,340,340,360,319,349,380,369,340,330,330,380,380,340,369,360,330,369,380,340,,,360,,339,360
Y,419,399,419,390,399,420,420,390,420,419,420,399,420,420,400,399,399,420,419,420,390,390,420,420,420,419,420,390,419,420,420,,,400,,399,420
Y,669,629,679,620,629,730,740,620,730,669,620,629,620,620,695,629,629,730,679,620,620,620,735,730,620,669,620,620,679,735,590,,,590,,619,640
Y,299,199,149,270,189,270,280,270,270,299,270,199,270,270,190,239,189,290,299,270,270,270,270,270,300,299,270,270,299,270,275,,,320,,239,270
Y,269,169,149,250,169,245,260,250,245,269,250,169,250,250,170,219,169,265,269,250,250,250,240,250,275,269,250,250,269,240,255,,,300,,219,250
Y,249,149,149,230,149,220,240,230,220,249,230,149,230,230,150,189,149,220,249,230,230,230,220,220,230,249,230,230,249,220,230,,,275,,189,230
Y,299,199,149,270,189,270,280,270,270,299,270,199,270,270,190,239,189,290,299,270,270,270,270,270,300,299,270,270,299,270,275,,,320,,239,270
Y,269,169,149,250,169,245,260,250,245,269,250,169,250,250,170,219,169,265,269,250,250,250,240,250,275,269,250,250,269,240,255,,,300,,219,250
Y,249,149,149,230,149,220,240,230,220,249,230,149,230,230,150,189,149,220,249,230,230,230,220,220,230,249,230,230,249,220,230,,,275,,189,230
Y,300,300,300,300,300,300,300,300,300,300,300,300,300,300,,300,300,300,300,300,300,300,300,300,300,300,300,300,300,300,300,,,300,,300,300
Y,500,500,500,500,500,500,500,500,500,500,500,500,500,500,,500,500,500,500,500,500,500,500,500,500,500,500,500,500,500,500,,,500,,500,500
Y,629,609,629,349,609,699,699,379,699,499,489,609,349,489,449,529,609,699,499,509,349,349,699,699,489,499,489,349,499,699,509,,,509,,519,489
Y,399,399,419,360,389,400,400,360,400,399,350,399,350,350,400,369,389,400,399,350,360,360,420,400,350,389,370,360,399,400,360,,,360,,349,350
Y,1009,969,1069,920,959,1000,1035,920,1000,1029,900,970,900,900,970,989,949,1035,1009,900,920,920,1015,1000,900,1029,900,920,1029,1035,930,,,930,,899,900
Y,869,619,909,800,599,820,820,800,820,869,810,630,810,810,,809,599,820,869,810,800,800,825,820,810,859,810,800,869,820,840,,,840,,809,810
Y,1269,1159,1309,1130,1159,1240,1260,1130,1240,1269,1180,1159,1195,1180,1220,1189,1159,1260,1269,1180,1130,1145,1260,1260,1180,1259,1180,1130,1269,1250,1220,,,1220,,1129,1180
Y,1019,999,1069,915,989,1000,1035,915,990,999,930,1000,930,915,1005,979,989,1030,999,930,915,915,1040,1010,930,999,950,915,1029,1055,940,,,940,,929,930
Y,1019,999,1049,920,999,950,990,920,1000,1019,940,999,940,940,950,939,999,1000,1009,940,920,920,970,950,940,999,940,920,1009,970,920,,,920,,909,940
Y,1019,879,1039,890,879,940,930,890,950,1009,890,890,890,890,940,869,879,950,1009,890,890,890,950,940,890,999,890,890,1009,950,,,,890,,769,890
Y,1019,1009,1039,929,999,1050,1050,929,1060,1019,919,1009,919,919,1009,949,999,1060,1019,919,929,929,1070,1060,919,1009,919,929,1019,1050,929,,,929,,919,919
Y,1069,969,1069,970,989,1000,1030,970,1000,1069,930,990,980,940,990,919,989,1030,1069,930,970,970,1000,1000,930,1059,930,970,1069,1000,940,,,940,,939,930
Y,1129,1089,1169,1020,1089,1080,1080,1020,1060,1129,1060,1089,1060,1060,1080,1039,1089,1080,1119,1060,1020,1020,1080,1040,1060,1109,1060,1020,1119,1080,1100,,,1100,,1049,1060
Y,75,65,75,50,65,50,50,50,50,75,40,65,50,40,50,39,65,50,75,40,50,50,50,50,40,75,40,50,75,50,40,,,40,,39,40
Y,50,65,50,50,65,40,40,50,40,50,30,65,50,30,50,39,65,40,50,30,50,50,40,40,30,50,30,50,50,40,35,,,35,,39,30
Y,50,65,50,50,65,40,40,50,40,50,30,65,50,30,50,50,65,40,50,30,50,50,40,40,30,50,30,50,50,40,30,,,30,,50,30
Y,75,65,75,50,65,50,50,50,50,75,50,65,50,50,50,50,65,50,75,50,50,50,50,60,50,75,50,50,75,50,50,,,50,,50,50
Y,269,259,279,180,259,270,260,180,230,269,190,259,190,190,190,219,259,260,249,190,180,180,245,250,200,249,200,180,249,265,200,,,220,,219,200
Y,70,50,70,25,50,40,40,25,40,70,25,50,25,25,70,40,50,40,70,25,25,25,40,40,25,70,25,25,70,40,25,,,25,,40,25
Y,70,40,70,,,,,,,70,,40,,,30,40,40,,70,,,,,,,70,,,70,,,,,,,40,
Y,25,,25,15,,,,15,,25,20,,15,20,30,25,,,25,20,15,15,,,20,25,20,15,25,,20,,,20,,25,20
Y,25,46,25,15,46,,,15,,25,20,46,15,20,30,25,46,,25,20,15,15,,,20,25,20,15,25,,20,,,20,,25,20
Y,79,30,69,30,30,50,50,30,50,69,50,30,30,50,50,30,30,50,69,50,30,30,50,50,50,69,50,30,69,50,50,,,50,,30,50
Y,60,35,60,60,35,60,60,60,60,60,60,35,60,60,60,60,35,60,60,60,60,60,60,60,60,60,60,60,60,60,60,,,60,,60,60
Y,100,119,100,100,119,150,150,100,150,100,,149,100,,160,,149,150,100,,100,100,200,150,,100,,100,100,150,,,,,,,
Y,189,189,179,100,189,200,220,190,215,189,,189,180,,165,,189,205,189,,190,190,190,200,,189,,190,189,215,,,,,,,
Y,189,199,189,150,199,210,230,200,220,189,,199,190,,175,,199,220,199,,200,200,220,210,,189,,200,189,230,,,,,,,
Y,199,229,209,150,239,245,250,210,250,199,,239,200,,205,,239,260,199,,210,220,250,250,,199,,210,199,250,,,,,,,
Y,99,149,99,90,149,90,90,90,90,89,,149,75,,90,69,149,90,89,,90,75,90,90,,89,,90,89,90,,,,,,,
Y,249,129,249,200,109,190,190,200,190,249,200,129,200,200,200,100,129,190,249,200,200,200,190,190,200,249,200,200,249,190,200,,,200,,100,200
Y,1119,1099,1139,1020,1089,1120,1135,1020,1110,1119,1010,1099,1010,1010,1100,1019,1089,1120,1119,1010,1020,1020,1120,1120,1010,1109,1010,1020,1119,1120,1040,,,1040,,999,1010
Y,569,479,579,545,479,510,555,545,510,549,590,479,635,590,505,559,479,520,549,580,545,500,505,565,580,549,580,545,539,515,560,,,570,,559,580
Y,949,859,969,850,859,850,850,850,840,939,900,859,920,900,840,879,859,860,939,900,850,850,840,890,910,939,910,850,939,860,890,,,890,,899,910
Y,569,569,589,540,539,530,575,540,550,569,570,549,615,570,505,529,569,540,569,560,540,500,535,605,560,569,560,540,559,535,540,,,550,,559,560
Y,919,839,919,759,829,839,885,759,859,899,779,829,809,779,829,809,849,839,889,779,759,759,859,879,799,889,789,759,909,839,779,,,779,,800,789
Y,50,40,50,,40,30,30,,30,50,,40,,,50,,40,30,50,,,,30,30,,50,,,50,30,30,,,30,,,
Y,259,,259,200,,200,200,200,200,249,200,,200,200,200,50,,200,249,200,200,200,200,200,200,249,200,200,249,200,200,,,200,,50,200
Y,350,350,350,350,350,350,350,350,350,350,350,350,350,350,350,,350,350,350,350,350,350,350,350,350,350,350,350,350,350,350,,,350,,,350
Y,199,199,199,199,199,199,199,199,199,199,199,199,199,199,199,,199,199,199,199,199,199,199,199,199,199,199,199,199,199,199,,,199,,,199
Y,500,500,500,500,500,500,500,500,500,500,500,500,500,500,500,500,500,500,500,500,500,500,500,500,500,500,500,500,500,500,500,,,500,,500,500
Y,199,259,199,200,269,280,280,200,280,199,,269,200,,200,,269,280,199,,200,200,280,280,,199,,200,199,280,,,,,,,
Y,189,229,189,190,229,240,240,190,240,189,,229,190,,170,,229,240,189,,190,190,240,240,,189,,190,189,240,,,,,,,
Y,179,199,179,180,199,200,200,180,200,179,,199,180,,150,,199,200,179,,180,180,200,200,,179,,180,179,200,,,,,,,
Y,49,49,49,50,49,50,50,50,50,49,40,49,40,40,50,39,49,50,49,40,50,50,50,50,40,49,40,50,49,50,40,,,40,,39,40
Y,79,,79,,,,,,,79,,,,,,,,,79,,,,,,,79,,,79,,,,,,,,
Y,199,259,199,200,269,280,280,200,280,199,200,269,200,200,200,189,269,280,199,200,200,200,280,280,200,199,200,200,199,280,200,,,200,,179,200
Y,189,229,189,190,229,240,240,190,240,189,190,229,190,190,170,179,229,240,189,190,190,190,240,240,190,189,190,190,189,240,190,,,190,,169,190
Y,179,199,179,180,199,200,200,180,200,179,180,199,180,180,150,169,199,200,179,180,180,180,200,200,180,179,180,180,179,200,180,,,180,,159,180
Y,199,279,199,200,279,280,280,200,280,199,200,279,200,200,200,189,279,280,199,200,200,200,280,280,200,199,200,200,199,280,200,,,200,,179,200
Y,189,239,189,190,239,240,240,190,240,189,190,239,190,190,170,179,239,240,189,190,190,190,240,240,190,189,190,190,189,240,190,,,190,,169,190
Y,179,199,179,180,199,200,200,180,200,179,180,199,180,180,150,169,199,200,179,180,180,180,200,200,180,179,180,180,179,200,180,,,180,,159,180
Y,179,,179,100,,150,150,100,150,149,100,,100,100,100,89,,150,149,100,100,100,150,150,100,149,100,100,149,150,100,,,100,,89,100
Y,142,142,142,,142,142,142,,142,142,,142,,,142,142,142,142,142,,,,142,142,,142,,,142,142,,,,,,142,
Y,299,249,299,260,249,300,300,260,300,299,260,249,260,260,390,279,249,300,299,260,260,260,300,300,260,299,260,260,299,300,260,,,260,,279,260
Y,299,249,299,260,249,300,300,260,300,299,260,249,,260,390,279,249,300,299,260,260,260,300,300,260,299,260,260,299,300,260,,,260,,279,260
Y,299,199,149,270,189,,,270,,299,,199,270,,,,189,,299,,270,270,,,,299,,270,299,,,,,,,,
Y,269,169,149,250,169,,,250,,269,,169,250,,,,169,,269,,250,250,,,,269,,250,269,,,,,,,,
Y,249,149,149,230,149,,,230,,249,,149,230,,,,149,,249,,230,230,,,,249,,230,249,,,,,,,,
Y,500,,500,500,,500,500,500,500,500,500,,500,500,500,500,,500,500,500,500,500,500,500,500,500,500,500,500,500,500,,,500,,500,500
Y,600,600,600,600,600,600,600,600,600,600,600,600,600,600,600,600,600,600,600,600,600,600,600,600,600,600,600,600,600,600,600,,,600,,600,600
Y,649,649,649,640,639,690,690,640,690,649,630,649,640,630,660,629,639,690,649,630,640,640,690,690,630,649,630,640,649,690,630,,,630,,629,630
Y,1119,1019,1139,1000,1019,1100,1100,1000,1100,1119,1000,1019,1000,1000,1030,1009,1019,1100,1119,1000,1000,1000,1100,1100,1000,1109,1000,1000,1119,1100,1000,,,1000,,1009,1000
Y,1199,1079,1199,1050,1079,1190,1190,1050,1190,1189,1050,1079,1050,1050,1090,1069,1079,1190,1199,1050,1050,1050,1185,1190,1050,1189,1050,1050,1199,1190,1050,,,1050,,1069,1050
Y,539,539,539,540,529,580,580,540,580,539,530,539,540,530,550,519,529,580,539,530,540,540,580,580,530,539,530,540,539,580,530,,,530,,519,530
Y,1019,899,1029,900,899,1000,1000,900,1000,1019,900,899,900,900,910,885,899,1000,1019,900,900,900,1000,1000,900,1009,900,900,1019,1000,900,,,900,,885,900
Y,1099,949,1099,950,949,1090,1090,950,1090,1089,950,949,950,950,960,939,949,1090,1099,950,950,950,1085,1090,950,1089,950,950,1099,1090,950,,,950,,939,950
Y,25,29,25,15,29,,,15,,25,20,29,15,20,30,25,29,,25,20,15,15,,,20,25,20,15,25,,20,,,20,,25,20
Y,319,249,319,260,249,300,300,260,300,319,260,249,260,260,390,289,249,300,319,260,260,260,300,300,260,319,260,260,319,300,260,,,260,,289,260
Y,700,700,700,700,700,700,700,700,700,700,700,700,700,700,700,700,700,700,700,700,700,700,700,700,700,700,700,700,700,700,700,,,700,,700,700
Y,299,299,299,299,299,299,299,299,299,299,299,299,299,299,299,299,299,299,299,299,299,299,299,299,299,299,299,299,299,299,299,,,299,,299,299
Y,299,299,299,299,299,299,299,299,299,299,299,299,299,299,299,299,299,299,299,299,299,299,299,299,299,299,299,299,299,299,299,,,299,,299,299
Y,49,,49,25,,,,25,,49,75,,75,75,,,,,49,75,25,25,,,75,49,75,25,49,,75,,,75,,,75
Y,200,,200,200,,,,200,,200,200,,200,200,,,,,200,200,200,200,,,200,200,200,200,200,,200,,,200,,,200
Y,1079,800,1079,1030,800,1000,1000,1030,1000,1079,970,800,970,970,1000,1030,800,1000,1079,970,1030,1030,1000,1000,970,1079,970,1030,1079,1000,1000,,,1000,,1029,970
Y,1149,1129,1149,1090,1139,1070,1070,1090,1070,1149,1030,1139,1030,1030,1070,1099,1139,1070,1149,1030,1090,1090,1070,1070,1030,1149,1030,1090,1149,1070,1060,,,1060,,1099,1030
Y,1079,1039,1079,1030,1039,1000,1000,1030,1000,1079,970,1039,970,970,1000,1030,1039,1000,1079,970,1030,1030,1000,1000,970,1079,970,1030,1079,1000,1000,,,1000,,1029,970
Y,1149,1129,1149,1090,1139,1070,1070,1090,1070,1149,1030,1139,1030,1030,1070,1099,1139,1070,1149,1030,1090,1090,1070,1070,1030,1149,1030,1090,1149,1070,1060,,,1060,,1099,1030
Y,1079,1039,1079,1030,1039,1000,1000,1030,1000,1079,970,1039,970,970,1000,1030,1039,1000,1079,970,1030,1030,1000,1000,970,1079,970,1030,1079,1000,1000,,,1000,,1029,970
Y,1149,1129,1149,1090,1139,1070,1070,1090,1070,1149,1030,1139,1030,1030,1070,1099,1139,1070,1149,1030,1090,1090,1070,1070,1030,1149,1030,1090,1149,1070,1060,,,1060,,1099,1030
Y,919,870,949,920,870,945,945,920,945,949,910,870,910,910,930,920,870,945,919,910,920,920,945,945,910,949,910,920,949,945,930,,,930,,830,910
Y,1299,1230,1299,1260,1230,1295,1295,1260,1295,1299,1295,1230,1295,1295,1295,1295,1230,1295,1299,1295,1260,1260,1295,1295,1295,1299,1295,1260,1299,1295,1295,,,1295,,1260,1295
Y,1379,1290,1379,1330,1290,1375,1375,1330,1375,1379,1375,1290,1375,1375,1380,1375,1290,1375,1379,1375,1330,1330,1375,1375,1375,1379,1375,1330,1379,1375,1380,,,1380,,1330,1375
Y,70,50,70,25,50,40,40,25,40,70,25,50,25,25,70,40,50,40,70,25,25,25,40,40,25,70,25,25,70,40,25,,,25,,40,25
Y,49,49,49,39,49,,,39,,49,39,49,39,39,,39,49,,49,39,39,39,,,39,49,39,39,49,,39,,,39,,39,39
Y,79,50,79,25,50,40,40,25,40,79,25,50,25,25,70,40,50,40,79,25,25,25,40,40,25,79,25,25,79,40,25,,,25,,40,25
Y,25,50,25,15,50,25,25,15,25,25,15,50,15,15,30,25,50,25,25,15,15,15,25,25,15,25,15,15,25,25,15,,,15,,25,15
Y,669,650,669,550,650,690,690,550,650,669,550,650,550,550,650,570,650,680,669,550,550,550,640,680,550,669,550,550,669,680,590,,,590,,570,550
Y,1029,1010,1049,890,1010,1050,1050,890,1010,1029,890,1010,890,890,1010,920,1010,1040,1029,890,890,890,1020,1040,890,1029,890,890,1029,1050,930,,,930,,900,890
Y,1119,1060,1119,950,1060,1120,1130,950,1070,1099,950,1060,950,950,1060,970,1060,1120,1109,950,950,950,1070,1120,950,1089,950,950,1109,1120,990,,,990,,960,950
Y,799,820,799,680,820,830,810,680,820,799,680,820,680,680,770,620,820,800,799,680,680,680,745,840,680,799,680,680,799,825,710,,,710,,660,680
Y,1159,1170,1159,1020,1170,1190,1170,1020,1180,1159,1020,1170,1020,1020,1130,970,1170,1160,1159,1020,1020,1020,1125,1200,1020,1149,1020,1020,1159,1185,1050,,,1050,,990,1020
Y,1239,1220,1239,1080,1220,1260,1250,1080,1240,1219,1080,1220,1080,1080,1180,1020,1220,1240,1239,1080,1080,1080,1178,1280,1080,1219,1080,1080,1239,1255,1110,,,1110,,1050,1080
Y,299,299,299,299,299,299,299,299,299,299,299,299,299,299,299,299,299,299,299,299,299,299,299,299,299,299,299,299,299,299,299,,,299,,299,299
Y,1079,1040,1079,1030,1040,1000,1000,1030,1000,1079,1030,1040,1030,1030,1000,1030,1040,1000,1079,1030,1030,1030,1000,1000,1030,1079,1030,1030,1079,1000,1000,,,1000,,1030,1030
Y,1149,1120,1149,1090,1120,1070,1070,1090,1070,1149,1090,1120,1090,1090,1070,1100,1120,1070,1149,1090,1090,1090,1070,1070,1090,1149,1090,1090,1149,1070,1060,,,1060,,1100,1090
Y,1079,1050,1079,1030,1050,1000,1000,1030,1000,1079,1030,1050,1030,1030,1000,1030,1050,1000,1079,1030,1030,1030,1000,1000,1030,1079,1030,1030,1079,1000,1000,,,1000,,1030,1030
Y,1149,1150,1149,1090,1150,1070,1070,1090,1070,1149,1090,1150,1090,1090,1070,1100,1150,1070,1149,1090,1090,1090,1070,1070,1090,1149,1090,1090,1149,1070,1060,,,1060,,1100,1090
Y,1079,,1079,1030,,1000,1000,1030,1000,1079,1030,,1030,1030,1000,1030,,1000,1079,1030,1030,1030,1000,1000,1030,1079,1030,1030,1079,1000,1000,,,1000,,1030,1030
Y,1149,,1149,1090,,1070,1070,1090,1070,1149,1090,,1090,1090,1070,1100,,1070,1149,1090,1090,1090,1070,1070,1090,1149,1090,1090,1149,1070,1060,,,1060,,1100,1090
Y,519,520,519,470,520,490,490,470,470,519,470,520,470,470,485,540,520,470,519,470,470,470,475,480,470,519,470,470,519,485,520,,,520,,500,470
Y,919,800,939,840,800,810,800,840,810,919,840,800,840,840,800,870,800,790,919,840,840,840,810,820,840,919,840,840,919,810,840,,,840,,850,840
Y,,319,,320,319,350,350,320,350,,340,320,340,340,320,339,319,350,,330,320,320,350,350,320,,320,320,,350,340,,,320,,319,320
Y,,599,,500,599,600,630,500,600,,520,600,520,500,605,519,599,630,,520,500,500,625,600,520,,520,500,,625,570,,,570,,509,520
Y,,519,,500,519,530,555,500,550,,560,530,605,560,505,569,519,520,,560,500,535,505,555,575,,560,500,,525,565,,,550,,560,560
Y,,700,,,700,,,,,,500,700,,500,,,700,,,500,,,,,500,,500,,,,500,,,500,,,500
Y,,589,,,589,430,420,,430,,,590,,,,369,589,440,,,,,430,420,,,,,,430,,,,,,299,
Y,,419,,390,419,400,400,390,430,,430,420,400,400,435,389,419,450,,400,390,390,420,440,400,,400,390,,425,420,,,420,,379,440
Y,,419,,,,,,375,,,,500,,,,,419,,,,,,,,,,,375,,,,,,,,,
Y,,229,,240,229,340,340,240,340,,230,229,240,230,300,219,229,340,,230,240,240,340,340,230,,230,240,,340,230,,,230,,219,230
Y,,329,,330,329,370,370,330,380,,340,329,340,340,370,319,329,380,,340,330,330,380,380,340,,340,330,,370,340,,,360,,339,360
Y,,399,,370,399,430,430,370,420,,420,399,420,420,400,429,399,420,,420,370,370,420,420,420,,420,370,,400,400,,,420,,439,420
Y,,39,,,39,,,,,,,39,,,,,39,,,,,,,,,,,,,,,,,,,,
Y,,789,,,,,,,,,770,,,770,,,779,,,760,,,,,760,,760,,,,760,,,760,,,760
Y,,449,,719,,,,719,,,689,,689,689,,,449,,,689,719,689,,,689,,689,719,,,689,,,689,,,689
Y,,99,,99,99,99,99,,99,,,99,99,,,,99,99,,,99,99,99,99,,,,,,99,,,,,,,
Y,,349,,,349,,,,,,,349,,,,,349,,,,,,,,,,,,,,,,,,,,
Y,,100,,,100,,,125,,,100,100,,,300,,100,,,100,,,,,,,100,125,,,100,,,100,,,100
Y,,69,,50,69,40,40,50,40,,,69,50,,70,,69,40,,,50,50,40,40,,,,50,,40,,,,,,,
Y,,100,,,,,,100,,,,100,,,,,100,,,,,,,,,,,100,,,,,,,,,
Y,,500,,,500,,,500,,,,500,,,,,500,,,,,,,,,,,500,,,,,,,,,
Y,,100,,,100,,,,,,,100,,,100,,100,,,,,,,,100,,,,,,,,,,,,
Y,,100,,,100,,,,,,,100,,,100,,100,,,,,,,,100,,,,,,,,,,,,
Y,,599,,,599,,,459,,,439,599,,459,,,599,,,459,,,,,439,,439,459,,,459,,,459,,,439
Y,,1999,,,1999,,,,,,,1999,,199,,,1999,,,,,,,,,,,,,,,,,,,,
Y,,60,,,1999,,,,,,,1999,,,,,1999,,,,,,,,,,,,,,,,,,,,
Y,,489,,,489,,,,,,,489,,,,,489,,,,,,,,,,,,,,,,,,,,
Y,,149,,100,149,,,169,,,,149,,,,,149,,,,100,100,,,,,,169,,,,,,,,,
Y,,169,,100,169,,,199,,,,169,100,,,,169,,,,100,100,,,,,,199,,,,,,,,,
Y,,299,,,,,,,,,,,,,,,,,,,,,,,,,,,,,,,,,,,
Y,,100,,,100,,,,,,,100,,,,,100,,,,,,,,,,,,,,,,,,,,
Y,,259,,,,,,,,,,,,,,,,,,,,,,,,,,,,,,,,,,,
Y,,149,,,149,,,,,,,149,,,,,149,,,,,,,,,,,,,,,,,,,,
Y,,99,,99,99,99,99,,99,,,99,99,,,,99,99,,,99,99,99,99,,,,,,99,,,,,,,
Y,,99,,99,99,99,99,,99,,,99,99,,,,99,99,,,99,99,99,99,,,,,,99,,,,,,,
Y,,100,,149,100,,,100,,,,100,149,,,,100,,,,149,149,,,,,,,,,,,,,,,
Y,,100,,,100,,,,,,,100,,,,,100,,,,,,,,,,,,,,,,,,,,
Y,,1999,,,1999,,,,,,,1999,,,,,1999,,,,,,,,,,,,,,,,,,,,
Y,,9999,,,9999,,,,,,,9999,,,,,9999,,,,,,,,,,,,,,,,,,,,
Y,,9999,,,9999,,,,,,,9999,,,,,9999,,,,,,,100,,,,,,,,,,,,,
Y,,9999,,,9999,,,,,,,9999,,,,,9999,,,,,,,,,,,,,,,,,,,,
Y,,100,,,100,,,,,,,100,,,,,100,,,,,,,,,,,,,,,,,,,,
Y,,100,,,100,,,,,,,100,,,,,100,,,,,,,,,,,109,,,,,,,,,
Y,,100,,,100,,,,,,,100,,,,,100,,,,,,,,,,,,,,,,,,,,
Y,,100,,,100,,,,,,,100,,,,,100,,,,,,,,,,,,,,,,,,,,
Y,,39,,50,39,60,60,50,60,,40,39,50,40,50,39,39,60,,40,50,50,60,60,40,,40,50,,60,40,,,40,,39,40
Y,,279,,,279,,,,,,,279,,,,,279,,,,,,,,,,,,,,,,,,,,
Y,,200,,,200,,,,,,,200,,,,,200,,,,,,,200,,,,,,,,,,,,,
Y,,100,,,100,,,,,,,100,,,,,100,,,,,,,100,,,,,,,,,,,,,
Y,,159,,,159,,,,,,140,159,,140,,119,159,,,140,,,,,140,,140,,,,140,,,140,,119,140
Y,,99,,,99,90,90,,90,,,99,,,150,,99,90,,,,,90,90,,,,,,90,,,,,,,
Y,,199,,,,,,,,,,,,,,,199,,,,,,,,,,,,,,,,,,,,
Y,,149,,,,,,,,,,,,,,,,,,,,,,,,,,,,,,,,,,,
Y,,209,,,209,,,,,,,209,,,,,209,,,,,,,,,,,,,,,,,,,,
Y,,359,,,359,,,,,,,359,,,,,359,,,,,,,,,,,,,,,,,,,,
Y,,419,,,419,,,,,,,419,,,,,419,,,,,,,,,,,,,,,,,,,,
Y,,49,,,49,,,,,,,49,,,,,49,,,,,,,,,,,,,,,,,,,,
Y,,200,,,100,200,200,,200,,,100,,,,,200,200,,,,,200,,,,,,,200,,,,,,,
Y,,99,,99,99,99,99,99,99,,,99,99,,,,99,99,,,99,99,99,99,,,,99,,99,,,,,,,
Y,,99,,99,99,99,99,,99,,,99,99,,,,99,99,,,99,99,99,99,,,,,,99,,,,,,,
Y,,629,,,659,800,800,550,800,,,629,,,,,659,800,,,,,800,800,,,,550,,800,,,,,,,
Y,,899,,,899,650,720,,770,,,900,,,,,899,770,,,,,650,770,,,,,,770,,,,,,,
Y,,299,,350,299,,,350,,,300,300,305,300,,300,299,,,300,350,300,,,300,,300,350,,,330,,,330,,289,300
Y,,100,,,100,,,,,,,100,,,,,100,,,,,,,,,,,,,,,,,,,,
Y,,100,,,100,,,,,,,100,,,,,100,,,,,,,,,,,,,,,,,,,,
Y,,600,,,599,,,,,,,599,,,,,599,,,,,,,,,,,,,,,,,,,,
Y,,599,,,599,,,200,,,,599,,,,,599,,,,,,,,,,,200,,,,,,,,,
Y,,299,,,299,,,,,,,299,300,300,,,299,,,200,,300,,,60,,210,,,,,,,,,,80
Y,,149,,,,,,,,,,,,,,,,,,,,,,,,,,,,,,,,,,,
Y,,99,,,99,99,99,,99,,149,99,,,,,99,99,,,,99,99,99,,,,,,99,,,,,,,
Y,,149,,,,,,,,,,,,,,,,,,,,,,,,,,,,,,,,,,,
Y,,329,,100,329,,,100,,,,329,,,,,329,,,,100,100,,,,,,100,,,,,,,,,
Y,,149,,,,,,,,,,,,,,,,,,,,,,,,,,,,,,,,,,,
Y,,339,,,339,,,,,,,339,,,,,339,,,,,,,,,,,,,,,,,,,,
Y,,339,,,339,,,,,,,339,,,,,339,,,,,,,,,,,,,,,,,,,,
Y,,200,,200,,200,200,200,200,,100,,200,100,,,200,200,,100,200,200,200,,100,,100,200,,200,100,,,100,,,100
Y,,200,,200,,200,200,200,200,,100,,200,100,,,200,200,,100,200,200,200,,100,,100,200,,200,100,,,100,,,100
Y,,200,,200,,200,200,200,200,,,,200,,,,200,200,,,200,200,200,,,,,200,,200,,,,,,,
Y,,200,,200,,200,200,200,200,,100,,200,100,,,200,200,,100,200,200,200,,100,,100,200,,200,100,,,100,,,100
Y,,1279,,,1279,,,,,,,1279,,,,,1279,,,,,,,,,,,,,,,,,,,,
Y,,229,,,229,,,,,,,229,,,,,229,,,,,,,,,,,,,,,,,,,,
Y,,719,,750,719,730,720,750,730,,740,720,750,720,720,669,719,710,,720,750,750,720,770,740,,730,750,,730,750,,,750,,639,770
Y,,250,,,,,,,,,,,,,,,250,,,,,,,,,,,,,,,,,,,,
Y,,519,,420,519,420,420,420,440,,400,519,,400,450,379,519,420,,420,420,420,420,420,420,,400,420,,420,420,,,420,,389,440
Y,,100,,,,,,,,,,,,,,,100,,,,,,,,,,,,,,,,,,,,
Y,,459,,,,,,440,,,,,,,,,,,,,,,,,,,,440,,,,,,,,,
Y,,879,,875,869,925,850,875,950,,830,869,820,830,875,899,869,880,,820,875,830,850,905,820,,820,875,,870,820,,,830,,820,820
Y,,299,,330,299,,,330,,,330,299,320,330,,320,299,,,320,330,395,,,330,,320,330,,,360,,,360,,329,330
Y,,639,,,639,,,,,,,639,,,,,639,,,,,,,,,,,,,,,,,,,,
Y,,599,,199,599,,,199,,,,599,199,,,,599,,,,199,199,,,,,,199,,,,,,,,,
Y,,279,,,279,,,,,,,279,,,,,279,,,,,,,,,,,,,,,,,,,,
Y,,50,,,50,100,100,,100,,,50,,,,,50,100,,,,,100,100,,,,,,100,,,,,,,
Y,,200,,,,200,200,,200,,,,,,,,200,200,,,,,200,,,,,,,200,,,,,,,
Y,,789,,830,789,840,820,830,830,,870,790,890,870,820,859,789,830,,870,830,830,830,830,880,,880,830,,830,880,,,880,,869,880
Y,,200,,,200,,,,,,,200,,,,,200,,,,,,,,,,,,,,,,,,,,
Y,,149,,,,,,,,,,,,,,,,,,,,,,,,,,,,,,,,,,,
Y,,149,,,,,,,,,,,,,,,,,,,,,,,,,,,,,,,,,,,
Y,,149,,,,,,,,,,,,,,,,,,,,,,,,,,,,,,,,,,,
Y,,9999,,,9999,2700,2700,,2700,,,9999,,,,,9999,2700,,,,,2700,2700,,,,,,2700,,,,,,,
Y,,149,,,,,,,,,,,,,,,,,,,,,,,,,,,,,,,,,,,
Y,,149,,,,,,,,,,,,,,,,,,,,,,,,,,,,,,,,,,,
Y,,25,,,25,,,,,,,25,,,,,25,,,,,,,,,,,,,,,,,,,,
Y,,449,,,449,,,,,,,449,,,,,449,,,,,,,,,,,,,,,,,,,,
Y,,649,,,649,,,,,,,619,,,,,629,,,,,,,,,,,,,,,,,,,,
Y,,699,,,699,880,880,630,880,,,669,,,,,669,880,,,,,880,880,,,,630,,880,,,,,,,
Y,,1119,,990,1119,1120,1120,990,1120,,990,1120,990,990,1050,949,1119,1120,,990,990,990,1120,1120,990,,990,990,,1120,990,,,990,,1019,990
Y,,199,,,199,,,,,,,199,,,,,199,,,,,,,,,,,,,,,,,,,,
Y,,219,,,219,,,,,,,219,,,,,219,,,,,,,,,,,,,,,,,,,,
Y,,239,,,239,,,,,,,239,,,,,239,,,,,,,,,,,,,,,,,,,,
Y,,819,,,819,830,830,,830,,810,819,,840,,489,819,830,,800,,,830,830,800,,800,,,830,760,,,760,,779,800
Y,,149,,100,149,,,,,,119,149,100,119,,,149,,,119,100,100,,,119,,119,,,,119,,,119,,,119
Y,,50,,,50,,,,,,,50,,30,,,50,,,,90,,,,,,30,,,,,,,,,,
Y,,120,,,120,,,,,,,120,,30,,,120,,,,,,,,,,,,,,,,,,,,
Y,,359,,260,359,,,260,,,260,359,260,260,360,,359,,,260,260,260,,,260,,260,260,,,260,,,260,,,260
Y,,718,,,718,,,,,,,798,,,,,798,,,,,,,,,,,,,,,,,,,,
Y,,99,,,99,,,200,,,,99,,,,,99,,,,,,,565,,,,200,,,,,,,,,
Y,,669,,,669,,,,,,,669,,,,,669,,,,,,,,,,,,,,,,,,,,
Y,,229,,,229,,,,,,,229,,,,,229,,,,,,,,,,,,,,,,,,,,
Y,,329,,,329,,,,,,,329,,,,,329,,,,,,,,,,,,,,,,,,,,
Y,,399,,,399,,,,,,,399,,,,,399,,,,,,,,,,,,,,,,,,,,
Y,,90,,120,90,,120,120,,,,90,120,,150,,90,,,,120,120,,,,,,120,,120,,,,,,,
Y,,999,,940,999,1020,1020,940,1020,,940,1000,940,940,1000,869,999,1020,,940,940,940,1020,1020,940,,940,940,,1020,920,,,920,,949,940
Y,,649,,,649,,,,,,,699,,,,,699,,,,,,,,,,,,,,,,,,,,
Y,,689,,670,689,,,670,,,630,689,650,630,,629,689,,,630,670,670,,,650,,640,670,,,670,,,670,,639,640
Y,,679,,720,679,690,730,720,730,,670,680,690,670,680,629,679,730,,670,720,720,690,730,690,,680,720,,730,710,,,710,,659,680
Y,,429,,,429,,,400,,,,429,,,,,429,,,,,,,,,,,400,,,,,,,,,
Y,,100,,,100,,,,,,,100,,,,,100,,,,,,,,,,,119,,,,,,,,,
Y,,149,,150,149,,,100,,,149,149,100,149,129,149,149,,,149,100,100,,,149,,149,100,,,149,,,149,,149,149
Y,,100,,100,100,,,100,,,,100,,,,,100,,,,100,100,,,,,,100,,,,,,,,,
Y,,568,,,568,,,,,,,568,,,,,568,,,,,,,,,,,,,,,,,,,,
Y,,200,,100,200,,100,,100,,200,200,100,,,,200,,,200,100,100,,,,,200,,,,200,,,200,,,200
Y,,100,100,100,100,100,100,100,100,100,100,100,100,100,100,100,100,100,100,100,100,100,100,100,100,100,100,100,100,100,100,,,100,,100,100
Y,,149,,149,,,,149,,,,149,,,,,149,,,,149,149,,,,,,149,,,,,,,,,
Y,,149,,,149,,,,,,,149,,,,,149,,,,,,,,,,,,,,,,,,,,
Y,,149,,,149,,,,,,,149,,,,,149,,,,,,,,,,,,,,,,,,,,
Y,,149,,,149,,,,,,,129,,,,,129,,,,,,,,,,,,,,,,,,,,
Y,,769,,519,769,779,779,499,779,,619,769,519,619,779,649,769,779,,639,519,519,779,779,619,,619,449,,779,639,,,639,,639,619
Y,,699,,,699,750,750,,750,,720,699,,710,,399,699,750,,700,,,750,750,700,,700,,,750,700,,,700,,699,700
Y,,519,,930,539,930,930,930,930,,930,549,930,930,900,929,519,930,,930,930,930,930,930,930,,930,930,,930,880,,,880,,919,930
Y,,50,,,50,,,,,,,50,,,,,50,,,,,,,50,,,,,,,,,,,,,
Y,,949,,,949,,,,,,500,999,,500,,,999,,,500,,,,,500,,500,,,,500,,,500,,,500
Y,,449,,,,,,,,,,,,,,,449,,,,,,,,,,,,,,,,,,,,
Y,,359,,,,,,,,,,,,,,,359,,,,,,,,,,,,,,,,,,,,
Y,,250,,,,,,,,,,,,,,,250,,,,,,,,,,,,,,,,,,,,
Y,,699,,700,699,,,700,,,650,699,680,650,,639,699,,,650,700,700,,,670,,660,700,,,700,,,700,,649,660
Y,,50,,,50,,,,,,,50,,,,,50,,,,,,,,,,,,,,,,,,,,
Y,,50,,,50,50,50,,50,,,50,,,,,50,,,,,,50,50,,,,,,50,,,,,,,
Y,,,,60,,,,60,,,60,,60,60,,,,,,60,60,60,,,60,,60,60,,,60,,,60,,,60
Y,,,,50,,50,50,,50,,,,50,,,,,50,,,50,50,50,50,,,,,,50,,,,,,,
Y,,,,10,,30,30,10,30,,,,10,,,25,,30,,,10,10,30,30,,,,10,,30,30,,,30,,25,
Y,,,,100,,,,,,,100,,100,100,,,,,,100,100,100,,,100,,100,,,,100,,,100,,,100
Y,,,,100,,,,,,,100,,100,100,,,,,,100,100,100,,,100,,100,,,,79,,,100,,,100
Y,,,,250,,270,280,250,270,,,,200,,,,,270,,,250,240,270,270,,,,250,,270,,,,,,,
Y,,,,1400,,,,,,,,,1130,,,,,,,,1400,1400,,,,,,,,,,,,,,,
Y,,,,100,,,,,,,100,,,100,,119,,,,100,,,,,100,,100,,,,100,,,100,,119,100
Y,,,,100,,,,,,,100,,100,100,,149,,,,100,100,100,,,100,,100,,,,100,,,100,,149,100
Y,,,,150,,,,,,,149,,,149,,149,,,,149,,,,,149,,149,,,,149,,,149,,149,149
Y,,,,350,,,,350,,,350,,350,350,,,,,,350,350,350,,,350,,350,350,,,350,,,350,,,350
Y,,,,200,,,,200,,,200,,210,200,,,,,,200,200,210,,,200,,200,200,,,200,,,200,,,200
Y,,,,320,,,,320,,,320,,320,320,,,,,,320,320,320,,,320,,320,320,,,320,,,320,,,320
Y,,,,290,,,,,,,,,,,,,,,,,290,290,,,,,,,,,,,,,,,
Y,,,,190,,250,250,190,250,,200,,200,200,,,,250,,200,190,190,250,250,200,,200,190,,250,200,,,200,,,200
Y,,,,200,,280,280,200,280,,250,,250,250,,,,280,,250,200,200,280,280,250,,270,200,,280,250,,,270,,,270
Y,,,,220,,320,320,220,320,,300,,300,300,,,,320,,300,220,220,320,320,300,,300,220,,320,300,,,280,,,300
Y,,,,1995,,,,1995,,,,,1995,,,,,,,,1995,1995,,,,,,1995,,,,,,,,,
Y,,,,820,,,780,,,,,,820,,,,,,,,820,820,,,,,,,,,,,,,,,
Y,,,,700,,650,695,700,690,,650,2158,680,650,630,519,,690,,650,700,700,650,690,670,,660,700,,695,660,,,660,,499,660
Y,,,,319,,,,319,,,319,,319,319,,,,,,319,319,319,,279,319,,319,319,,,319,,,319,,,319
Y,,,,980,589,990,990,980,990,,980,599,980,990,950,989,,990,,980,980,980,990,990,980,,980,980,,990,980,,,980,,989,980
Y,,,,80,,90,90,,90,,,,80,,,,,90,,,80,80,90,90,,,,,,90,,,,,,,
Y,,,,35,,,,,,,,,,30,,29,,,,,35,35,,,30,,,35,,,35,,,35,,,
Y,,,,200,,,,,,,200,,,200,,189,,,,200,,,,,200,,200,,,,200,,,200,,179,200
Y,,,,190,,,,,,,190,,,190,,179,,,,190,,,,,190,,190,,,,190,,,190,,169,190
Y,,,,180,,,,,,,180,,,180,,169,,,,180,,,,,180,,180,,,,180,,,180,,159,180
Y,,,,2300,,,,2300,,,2300,,2300,2300,,2299,,,,2300,2300,2300,,,2300,,2300,2300,,,2300,,,2300,,2299,2300
Y,,,,319,,,,319,,,319,,319,319,,,,,,319,319,319,,,319,,319,319,,,339,,,339,,,319
Y,,,,419,,,,419,,,499,,499,499,,,,,,499,419,419,,,499,,499,419,,,519,,,519,,,499
Y,,,,469,,,,469,,,559,,559,559,,,,,,559,469,469,,,559,,559,469,,,559,,,559,,,559
Y,,,,,149,,,,,,,,,,,,,,,,,,,,,,,,,,,,,,,,
Y,,,,,149,,,,,,,,,,,,,,,,,,,,,,,,,,,,,,,,
Y,,,,,149,,,,,,,,,,,,,,,,,,,,,,,,,,,,,,,,
Y,,,,,,530,520,,540,,,390,,,,549,,550,,,,,530,530,,,,,,540,,,,,,559,
Y,,,,,,100,100,,100,,,,,,,,,100,,,,,100,100,,,,,,100,,,,,,,
Y,,,,,,840,840,,880,,,550,,,,879,,880,,,,,840,880,,,,,,880,,,,,,909,
Y,,,,,,280,280,,280,,,119,,,,,,280,,,,,280,280,,,,,,280,,,,,,,
Y,,,,,,100,100,,100,,,,,,,,,100,,,,,100,100,,,,,,100,,,,,,,
Y,,,,,,,290,,,,,,,,,,,,,,,,,100,,,,,,,,,,,,,
Y,,,,,,,,100,,,,,,,,,,,,,,,,,,,,100,,,,,,,,,
Y,,,,,,,,200,,,,,,,,,,,,,,,,,,,,,,,,,,,,,
Y,,,,,,,,25,,,,,,,,,,,,,,,,,,,,25,,,,,,,,,
Y,,,,,,,,400,,,,,,,,,,,,,,,,,,,,400,,,,,,,,,
Y,,,,,,,,380,,,,,,,,,,,,,,,,,,,,390,,,,,,,,,
Y,,,,,,,,200,,,,,,,,,,,,,,,,,,,,200,,,,,,,,,
Y,,,,,,,,750,,,,,,,,,,,,,,,,,,,,750,,,,,,,,,
Y,,,,,,,,100,,,,,,,,,,,,,,,,,,,,100,,,,,,,,,
Y,,,,,,,,660,,,,,,,,,,,,,,,,,,,,660,,,,,,,,,
Y,,,,,,,,30,,,,,,,,,,,,,,,,,,,,30,,,,,,,,,
Y,,,,,,,,100,,,,,,,,,,,,,,,,,,,,100,,,,,,,,,
Y,,,,,,,,125,,,,,,,,,,,,,,,,,,,,125,,,,,,,,,
Y,,,,,,,,828,,,,,,,,,,,,,,,,,,,,828,,,,,,,,,
Y,,,,,,,,,,,330,,,330,,,,,,,,,,,,,320,355,,,320,,,330,,,320
Y,,,,,,,,,,,300,,,300,,,,,,,,,,,,,300,,,,300,,,300,,,300
Y,,,,,,,,,,,30,,,,,,,,,,,,,,,,,,,,,,,,,,
Y,,,,,,,,,,,700,,,500,,,,,,,,,,,700,,700,,,,,,,,,,700
Y,,,,,,,,,,,500,,,500,,,,,,500,,,,,500,,500,,,,500,,,500,,,500
Y,,,,,,,,,,,100,,,,,,,,,,,,,,,,,,,,,,,,,,
Y,,,,,,,,,,,630,,,,,429,,,,630,,,,,650,,640,,,,630,,,630,,428,640
Y,,,,,,,,,,,309,,,309,,,,,,309,,,,,309,,309,,,,309,,,309,,,309
Y,,,,,,,,,,,,9999,,,,,,,,,,,,,,,,,,,,,,,,,
Y,,,,,,,,,,,,280,,,,,,,,,,,,,,,,,,,,,,,,,
Y,,,,,,,,,,,,9999,,,,,,,,,,,,,,,,,,,,,,,,,
Y,,,,,,,,,,,,1000,600,700,,,,,,9999,,600,,,700,,,,,,9999,,,,,,500
Y,,,,,,,,,,,,1000,,,,,,,,9999,,,,,,,,,,,1000,,,,,,
Y,,,,,,,,,,,,69,,,,,,,,,,,,,,,,,,,,,,,,,
Y,,,,,,,,,,,,1999,,,,,,,,,,,,,,,,,,,,,,,,,
Y,,,,,,,,,,,,69,,,,,,,,,,,,,,,,,,,,,,,,,
Y,,,,,,,,,,,,9999,,,,,,,,,,,,,,,,,,,,,,,,,
Y,,,,,,,,,,,,750,,,,,,,,,,,,,,,,,,,,,,,,,
Y,,,,,,,,,,,,119,,,,,119,,,,,,,,,,,,,,,,,,,,
Y,,,,,,,,,,,,149,,,,,149,,,,,,,,,,,,,,,,,,,,
Y,,,,,,,,,,,,149,,,,,149,,,,,,,,,,,,,,,,,,,,
Y,,,,,,,,,,,,149,,,,,149,,,,,,,,,,,,,,,,,,,,
Y,,,,,,,,,,,,99,,,,359,,,,,,,,,,,,,,,,,,,,269,
Y,,,,,,,,,,,,169,,,,,,,,,,,,,,,,,,,,,,,,,
Y,,,,,,,,,,,,119,,,,,,,,,,,,,,,,,,,,,,,,,
Y,,,,,,,,,,,,120,,,,,,,,,,,,,,,,,,,,,,,,,
Y,,,,,,,,,,,,1999,,,,,,,,,,,,,,,,,,,,,,,,,
Y,,,,,,,,,,,,879,,,,,,,,,,,,,,,,,,,,,,,,,
Y,,,,,,,,,,,,839,,,,,,,,,,,,,,,,,,,,,,,,,
Y,,,,,,,,,,,,439,,,,,,,,,,,,,,,,,,,,,,,,,
Y,,,,,,,,,,,,110,,,,,,,,,,,,,,,,,,,,,,,,,
Y,,,,,,,,,,,,175,,,,,,,,,,,,,,,,,,,,,,,,,
Y,,,,,,,,,,,,210,,,,,,,,,,,,,,,,,,,,,,,,,
Y,,,,,,,,,,,,250,,,,,,,,,,,,,,,,,,,,,,,,,
Y,,,,,,,,,,,,179,,,,,,,,,,,,,,,,,,,,,,,,,
Y,,,,,,,,,,,,65,,,,,,,,,,,,,,,,,,,,,,,,,
Y,,,,,,,,,,,,99,,,,,,,,,,,,,,,,,,,,,,,,,
Y,,,,,,,,,,,,100,,,,,,,,,,,,,,,,,,,,,,,,,
Y,,,,,,,,,,,,100,,,,,,,,,,,,,,,,,,,,,,,,,
Y,,,,,,,,,,,,109,,,,,,,,,,,,,,,,,,,,,,,,,
Y,,,,,,,,,,,,199,,,,,,,,,,,,,,,,,,,,,,,,,
Y,,,,,,,,,,,,229,,,,,,,,,,,,,,,,,,,,,,,,,
Y,,,,,,,,,,,,79,,,,,69,,,,,,,,,,,,,,,,,,,,
Y,,,,,,,,,,,,269,,,,,,,,,,,,269,,,,,,,,,,,,,
Y,,,,,,,,,,,,,,100,,,,,,,,,,,100,,,,,,,,,,,,
Y,,,,,,,,,,,,,,620,,,,,,,,,,,620,,,,,,,,,,,,
Y,,,,,,,,,,,,,,699,,,,,,699,,,,,699,,699,,,,,,,,,,699
Y,,,,,,,,,,,,,,,100,,,,,,,,,,100,,,,,,,,,,,,
Y,,,,,,,,,,,,,,,2200,,,,,,,,,1850,,,,,,,,,,,,,
Y,,,,,,,,,,,,,,,100,,,,,,,,,,,,,,,,,,,,,,
Y,,,,,,,,,,,,,,,,,,,,700,,,,,700,,,,,,,,,,,,
Y,,,,,,,,,,,,,,,,,,,,,,,,999,,,,,,,,,,,,,
Y,,,,,,,,,,,,,,,,,,,,,,,,100,,,,,,,,,,,,,
Y,,,,,,,,,,,,,,,,,,,,,,,,595,,,,,,,,,,,,,
Y,,,,,,,,,,,,,,,,,,,,,,,,,,100,,,100,,100,,,,,,
Y,,,,,,,,,,,,,,,,,,,,,,,,,,100,,,100,,,,,,,,
Y,,,,,,,,,,,,,,,,,,,,,,,,,,,110,,,,,,,,,,
Y,,,,,,,,,,,,,,,,,,,,,,,,,,,,50,,,30,,,30,,,
Y,,,,,,,,,,,,,,,,,,,,,,,,,,,,100,,,,,,,,,
Y,,,,,,,,,,,,,,,,,,,,,,,,,,,,,,,15,,,15,,,
Y,,,,,,,,,,,,,,,,,,,,,,,,,,,,,,,250,,,,,,
Y,,,,,,,,,,,,,,,,,,,,,,,,,,,,,,,250,,,,,,
Y,,,,,,,,,,,,,,,,,,,,,,,,,,,,,,,250,,,,,,
Y,,,,,,,,,,,,,,,,,,,,,,,,,,,,,,,,,,,,,150
Y,,,,,,,,,,,,,,,,,,,,,,,,,,,,,,,,,,,,,31
