any,1157,1553,1841,1872,2557,3015,3021,3852,4363,6373,6830,8031,10092,10688,10982,11335,12233,12242,12751,14325,14670,14960,15795,17552,22198,23316,24998,26456
Y,199,249,239,199,259,199,199,249,,249,249,219,199,199,199,199,199,199,249,259,199,199,249,199,239,,199,
Y,259,259,259,259,269,259,259,259,,259,259,259,259,249,259,259,259,259,259,269,259,259,259,259,249,,249,
Y,479,389,399,479,359,479,479,379,,399,399,409,479,429,479,479,479,479,399,359,479,479,399,479,399,,479,
Y,699,699,719,699,669,699,699,699,,699,719,699,699,739,699,699,699,699,699,649,699,699,689,699,689,,699,
Y,699,679,649,699,649,699,699,669,,659,679,689,699,739,699,699,699,699,659,649,699,699,679,699,649,,699,
Y,199,169,169,199,159,199,199,169,,169,169,179,199,199,199,199,199,199,169,159,199,199,169,199,169,,199,
Y,229,299,299,229,249,229,229,329,,299,299,239,229,300,229,229,229,229,299,249,229,229,299,229,299,,239,
Y,549,499,499,549,509,549,549,509,,499,499,589,549,499,549,549,549,549,499,449,549,549,499,549,509,,549,
Y,599,599,599,599,559,599,599,659,,579,599,659,599,569,599,599,599,599,639,549,599,599,629,599,599,,599,
Y,229,229,229,229,239,229,229,269,,269,229,189,229,229,229,229,229,229,229,259,229,229,249,229,229,,239,
Y,219,209,209,219,209,219,219,209,,209,219,189,219,179,219,219,219,219,199,199,219,219,209,219,219,,219,
Y,269,299,279,269,259,269,269,279,,289,279,279,269,269,269,269,269,269,269,259,269,269,289,269,309,,269,
Y,599,519,539,599,499,599,599,519,,519,539,569,599,559,599,599,599,599,539,519,599,599,529,599,499,,599,
Y,189,149,159,189,149,189,189,149,,149,159,159,189,149,189,189,189,189,149,159,189,189,159,189,159,,179,
Y,399,349,349,399,389,399,399,349,,349,349,439,399,399,399,399,399,399,349,379,399,399,349,399,359,,399,
Y,849,779,769,849,819,849,849,779,,759,769,939,849,839,849,849,849,849,759,819,849,849,759,849,769,,849,
Y,269,259,259,269,219,269,269,259,,259,259,269,269,289,269,269,269,269,259,219,269,269,259,269,259,,269,
Y,259,229,239,259,199,259,259,219,,259,259,219,259,199,259,259,259,259,219,209,259,259,239,259,219,,259,
Y,139,119,119,139,119,139,139,119,,119,119,149,139,119,139,139,139,139,119,119,139,139,119,139,119,,139,
Y,259,289,269,259,239,259,259,269,,269,269,269,259,299,259,259,259,259,289,239,259,259,289,259,269,,259,
Y,129,119,119,129,119,129,129,119,,119,119,139,129,119,129,129,129,129,119,119,129,129,119,129,119,,129,
Y,219,169,169,219,169,219,219,169,,179,169,199,219,189,219,219,219,219,199,169,219,219,169,219,169,,219,
Y,199,169,169,199,159,199,199,169,,169,169,179,199,199,199,199,199,199,169,159,199,199,169,199,169,,199,
Y,469,519,499,469,479,469,469,499,,499,519,559,469,559,469,469,469,469,539,479,469,469,529,469,499,,449,
Y,599,549,539,599,489,599,599,519,,519,499,599,599,589,599,599,599,599,549,489,599,599,519,599,529,,599,
Y,599,569,519,599,459,599,599,539,,539,519,559,599,539,599,599,599,599,569,459,599,599,539,599,539,,599,
Y,349,,,349,279,349,349,,,,,369,349,,349,349,349,349,,279,349,349,,349,,,349,
Y,1159,1019,1019,1159,1059,1159,1159,1019,,989,1019,1319,1159,1079,1159,1159,1159,1159,1019,1049,1159,1159,1029,1159,1029,,1159,
Y,1069,969,969,1069,999,1069,1069,969,,939,969,1259,1069,1009,1069,1069,1069,1069,969,989,1069,1069,979,1069,979,,1069,
Y,729,629,629,729,649,729,729,629,,589,629,879,729,669,729,729,729,729,629,629,729,729,639,729,639,,729,
Y,29,49,49,29,29,29,29,49,,49,49,59,29,49,29,29,29,29,49,29,29,29,49,29,59,,29,
Y,669,649,649,669,579,669,669,639,,649,639,699,669,639,669,669,669,669,629,539,669,669,629,669,619,,669,
Y,1049,949,949,1049,969,1049,1049,949,,909,959,1209,1049,999,1049,1049,1049,1049,949,989,1049,1049,949,1049,949,,1049,
Y,959,889,889,959,909,959,959,889,,859,889,1149,959,939,959,959,959,959,889,909,959,959,889,959,889,,959,
Y,619,539,549,619,539,619,619,539,,499,569,749,619,599,619,619,619,619,559,559,619,619,539,619,539,,619,
Y,49,,,49,,49,49,,,,,,49,,49,49,49,49,,,49,49,,49,,,49,
Y,99,79,69,99,99,99,99,59,,50,59,99,99,99,99,99,99,99,69,99,99,99,69,99,79,,99,
Y,3879,,,3879,,3879,3879,,,,,,3879,,3879,3879,3879,3879,,,3879,3879,,3879,,,3879,
Y,459,,,459,339,459,459,,,,,649,459,429,459,459,459,459,,339,459,459,,459,,,459,
Y,3499,,,3499,,3499,3499,,,,,,3499,,3499,3499,3499,3499,,,3499,3499,,3499,,,3499,
Y,2949,,,2949,,2949,2949,,,,,,2949,,2949,2949,2949,2949,,,2949,2949,,2949,,,2949,
Y,219,249,269,219,249,219,219,269,,269,269,,219,229,219,219,219,219,269,259,219,219,269,219,269,,219,
Y,339,329,329,339,319,339,339,329,,329,329,,339,289,339,339,339,339,329,319,339,339,329,339,329,,339,
Y,389,359,359,389,359,389,389,359,,359,359,,389,349,389,389,389,389,359,359,389,389,359,389,359,,389,
Y,199,139,149,199,119,199,199,149,,149,149,129,199,159,199,199,199,199,159,119,199,199,149,199,149,,199,
Y,239,199,199,239,199,239,239,199,,199,199,219,239,199,239,239,239,239,219,199,239,239,199,239,199,,239,
Y,899,769,759,899,749,899,899,739,,749,749,889,899,849,899,899,899,899,799,749,899,899,739,899,759,,899,
Y,939,759,749,939,719,939,939,749,,749,749,889,939,869,939,939,939,939,769,729,939,939,759,939,819,,939,
Y,889,819,809,889,769,889,889,809,,799,809,859,889,869,889,889,889,889,809,759,889,889,829,889,829,,889,
Y,259,189,199,259,189,259,259,199,,199,199,199,259,259,259,259,259,259,199,199,259,259,219,259,199,,249,
Y,139,119,119,139,119,139,139,119,,119,119,149,139,119,139,139,139,139,119,119,139,139,119,139,119,,139,
Y,269,259,259,269,269,269,269,259,,259,259,269,269,269,269,269,269,269,259,269,269,269,259,269,319,,269,
Y,399,349,399,399,369,399,399,399,,349,349,379,399,359,399,399,399,399,349,349,399,399,379,399,399,,399,
Y,399,349,399,399,369,399,399,399,,349,349,379,399,359,399,399,399,399,349,349,399,399,379,399,399,,399,
Y,219,249,269,219,249,219,219,269,,269,269,,219,229,219,219,219,219,269,259,219,219,269,219,269,,219,
Y,279,289,269,279,299,279,279,299,,259,299,279,279,259,279,279,279,279,259,299,279,279,259,279,259,,279,
Y,1099,1019,1019,1099,1029,1099,1099,1019,,989,1019,1289,1099,1059,1099,1099,1099,1099,1019,1039,1099,1099,1019,1099,1019,,1089,
Y,999,969,969,999,969,999,999,969,,939,969,1229,999,989,999,999,999,999,969,969,999,999,969,999,969,,999,
Y,659,629,629,659,639,659,659,629,,589,629,839,659,659,659,659,659,659,629,629,659,659,639,659,639,,659,
Y,339,329,329,339,319,339,339,329,,329,329,,339,289,339,339,339,339,329,319,339,339,329,339,329,,339,
Y,1039,949,949,1039,949,1039,1039,949,,909,949,1169,1039,989,1039,1039,1039,1039,949,959,1039,1039,949,1039,949,,1049,
Y,959,889,889,959,889,959,959,889,,859,889,1109,959,919,959,959,959,959,889,899,959,959,889,959,889,,959,
Y,599,539,539,599,529,599,599,539,,499,539,699,599,569,599,599,599,599,539,529,599,599,539,599,539,,599,
Y,389,359,359,389,359,389,389,359,,359,359,,389,349,389,389,389,389,359,359,389,389,359,389,359,,389,
Y,219,249,269,219,249,219,219,269,,269,269,,219,229,219,219,219,219,269,259,219,219,269,219,269,,219,
Y,339,329,329,339,319,339,339,329,,329,329,,339,289,339,339,339,339,329,319,339,339,329,339,329,,339,
Y,389,359,359,389,359,389,389,359,,359,359,,389,349,389,389,389,389,359,359,389,389,359,389,359,,389,
Y,259,189,199,259,189,259,259,199,,199,199,199,259,259,259,259,259,259,199,199,259,259,219,259,199,,249,
Y,129,119,119,129,119,129,129,119,,119,119,139,129,100,129,129,129,129,119,119,129,129,119,129,119,,129,
Y,159,149,149,159,149,159,159,149,,149,159,139,159,149,159,159,159,159,149,159,159,159,149,159,139,,159,
Y,169,159,159,169,159,169,169,159,,159,169,139,169,159,169,169,169,169,159,169,169,169,159,169,139,,169,
Y,179,169,169,179,169,179,179,169,,169,179,139,179,169,179,179,179,179,169,179,179,179,169,179,139,,179,
Y,129,119,119,129,119,129,129,119,,119,119,139,129,100,129,129,129,129,119,119,129,129,119,129,119,,129,
Y,159,149,149,159,149,159,159,149,,149,159,139,159,149,159,159,159,159,149,159,159,159,149,159,139,,159,
Y,169,159,159,169,159,169,169,159,,159,169,139,169,159,169,169,169,169,159,169,169,169,159,169,139,,169,
Y,179,169,169,179,169,179,179,169,,169,179,139,179,169,179,179,179,179,169,179,179,179,169,179,139,,179,
Y,279,229,229,279,229,279,279,239,,229,239,239,279,299,279,279,279,279,229,239,279,279,269,279,229,,269,
Y,279,229,229,279,229,279,279,239,,229,239,239,279,299,279,279,279,279,229,239,279,279,269,279,229,,269,
Y,269,199,189,269,139,269,269,189,,189,189,169,269,209,269,269,269,269,199,139,269,269,189,269,189,,269,
Y,399,349,369,399,359,399,399,389,,349,349,319,399,339,399,399,399,399,349,339,399,399,379,399,369,,399,
Y,279,279,279,279,279,279,279,279,,279,279,279,279,269,279,279,279,279,279,269,279,279,279,279,259,,279,
Y,129,119,119,129,119,129,129,119,,119,119,139,129,100,129,129,129,129,119,119,129,129,119,129,119,,129,
Y,159,149,149,159,149,159,159,149,,149,159,139,159,149,159,159,159,159,149,159,159,159,149,159,139,,159,
Y,169,159,159,169,159,169,169,159,,159,169,139,169,159,169,169,169,169,159,169,169,169,159,169,139,,169,
Y,179,169,169,179,169,179,179,169,,169,179,139,179,169,179,179,179,179,169,179,179,179,169,179,139,,179,
Y,29,69,69,29,49,29,29,69,,69,69,45,29,,29,29,29,29,69,49,29,29,69,29,69,,29,
Y,39,39,39,39,39,39,39,39,,39,39,,39,39,39,39,39,39,39,39,39,39,39,39,39,,39,
Y,249,179,169,249,129,249,249,169,,169,169,149,249,179,249,249,249,249,179,129,249,249,169,249,169,,249,
Y,399,359,359,399,329,399,399,359,,359,359,359,399,309,399,399,399,399,369,329,399,399,369,399,359,,399,
Y,589,499,539,589,529,589,589,539,,519,539,569,589,569,589,589,589,589,539,529,589,589,519,589,519,,599,
Y,129,119,119,129,119,129,129,119,,119,119,139,129,100,129,129,129,129,119,119,129,129,119,129,119,,129,
Y,159,149,149,159,149,159,159,149,,149,159,139,159,149,159,159,159,159,149,159,159,159,149,159,139,,159,
Y,169,159,159,169,159,169,169,159,,159,169,139,169,159,169,169,169,169,159,169,169,169,159,169,139,,169,
Y,179,169,169,179,169,179,179,169,,169,179,139,179,169,179,179,179,179,169,179,179,179,169,179,139,,179,
Y,129,119,119,129,119,129,129,119,,119,119,139,129,100,129,129,129,129,119,119,129,129,119,129,119,,129,
Y,159,149,149,159,149,159,159,149,,149,159,139,159,149,159,159,159,159,149,159,159,159,149,159,139,,159,
Y,169,159,159,169,159,169,169,159,,159,169,139,169,159,169,169,169,169,159,169,169,169,159,169,139,,169,
Y,179,169,169,179,169,179,179,169,,169,179,139,179,169,179,179,179,179,169,179,179,179,169,179,139,,179,
Y,199,219,209,199,209,199,199,209,,209,209,199,199,259,199,199,199,199,219,209,199,199,209,199,209,,199,
Y,129,119,119,129,119,129,129,119,,119,119,139,129,100,129,129,129,129,119,119,129,129,119,129,119,,129,
Y,159,149,149,159,149,159,159,149,,149,159,139,159,149,159,159,159,159,149,159,159,159,149,159,139,,159,
Y,169,159,159,169,159,169,169,159,,159,169,139,169,159,169,169,169,169,159,169,169,169,159,169,139,,169,
Y,179,169,169,179,169,179,179,169,,169,179,139,179,169,179,179,179,179,169,179,179,179,169,179,139,,179,
Y,579,499,499,579,479,579,579,489,,499,499,629,579,519,579,579,579,579,499,479,579,579,499,579,519,,579,
Y,200,,,200,,200,200,,,,,,200,,200,200,200,200,,,200,200,,200,,,200,
Y,68,68,68,68,79,68,68,68,,68,68,68,68,85,68,68,68,68,68,79,68,68,68,68,68,,68,
Y,549,429,429,549,399,549,549,429,,429,429,619,549,439,549,549,549,549,429,399,549,549,429,549,429,,549,
Y,100,,100,100,,100,100,,,,,,100,,100,100,100,100,100,,100,100,100,100,100,,100,
Y,169,59,59,169,59,169,169,59,,59,59,40,169,40,169,169,169,169,59,59,169,169,59,169,59,,169,
Y,100,,,100,,100,100,99,,,99,,100,,100,100,100,100,,,100,100,,100,119,,100,
Y,100,,100,100,,100,100,100,,,100,,100,,100,100,100,100,100,,100,100,100,100,100,,100,
Y,3299,3319,3219,3299,3069,3299,3299,3239,,3249,3219,,3299,3419,3299,3299,3299,3299,3219,2949,3299,3299,3269,3299,,,3299,
Y,449,449,449,449,429,449,449,449,,449,449,619,449,609,449,449,449,449,449,419,449,449,449,449,449,,449,
Y,549,559,559,549,539,549,549,559,,559,559,779,549,709,549,549,549,549,559,519,529,549,559,549,559,,549,
Y,219,,,219,,219,219,,,,,199,219,,219,219,219,219,,,219,219,,219,,,219,
Y,239,219,219,239,229,239,239,219,,219,219,199,239,229,239,239,239,239,219,229,239,239,219,239,199,,239,
Y,100,,100,100,,100,100,100,,,100,,100,,100,100,100,100,100,,100,100,100,100,100,,100,
Y,259,239,239,259,259,259,259,239,,239,239,199,259,249,259,259,259,259,249,259,259,259,239,259,199,,259,
Y,239,219,219,239,229,239,239,219,,219,219,199,239,229,239,239,239,239,219,229,239,239,219,239,199,,239,
Y,259,239,239,259,259,259,259,239,,239,239,199,259,249,259,259,259,259,249,259,259,259,239,259,199,,259,
Y,239,219,219,239,229,239,239,219,,219,219,199,239,229,239,239,239,239,219,229,239,239,219,239,199,,239,
Y,259,239,239,259,259,259,259,239,,239,239,199,259,249,259,259,259,259,249,259,259,259,239,259,199,,259,
Y,189,239,199,189,239,189,189,199,,199,199,269,189,,189,189,189,189,199,279,189,189,199,189,219,,189,
Y,219,,,219,,219,219,,,,,199,219,,219,219,219,219,,,219,219,,219,,,219,
Y,100,99,99,100,99,100,100,99,,99,99,89,100,119,100,100,100,100,99,99,100,100,99,100,99,,100,
Y,219,,,219,,219,219,,,,,199,219,,219,219,219,219,,,219,219,,219,,,219,
Y,129,119,119,129,119,129,129,119,,119,119,139,129,100,129,129,129,129,119,119,129,129,119,129,119,,129,
Y,159,149,149,159,149,159,159,149,,149,159,139,159,149,159,159,159,159,149,159,159,159,149,159,139,,159,
Y,169,159,159,169,159,169,169,159,,159,169,139,169,159,169,169,169,169,159,169,169,169,159,169,139,,169,
Y,179,169,169,179,169,179,179,169,,169,179,139,179,169,179,179,179,179,169,179,179,179,169,179,139,,179,
Y,219,229,249,219,239,219,219,249,,249,249,200,219,219,219,219,219,219,229,249,219,219,239,219,249,,219,
Y,299,289,299,299,299,299,299,319,,299,299,319,299,249,299,299,299,299,289,299,299,299,299,299,299,,299,
Y,389,329,339,389,319,389,389,339,,339,339,399,389,259,389,389,389,389,329,329,389,389,349,389,339,,389,
Y,239,269,269,239,259,239,239,269,,269,269,259,239,229,239,239,239,239,269,259,239,239,269,239,269,,239,
Y,339,329,329,339,319,339,339,329,,329,329,339,339,289,339,339,339,339,329,399,339,339,329,339,329,,339,
Y,389,389,389,389,359,389,389,389,,389,389,419,389,349,389,389,389,389,389,419,389,389,359,389,389,,389,
Y,239,269,269,239,259,239,239,269,,269,269,259,239,229,239,239,239,239,269,259,239,239,269,239,269,,239,
Y,339,329,329,339,319,339,339,329,,329,329,339,339,289,339,339,339,339,329,399,339,339,329,339,329,,339,
Y,1669,1329,1329,1669,1319,1669,1669,1319,,1289,1319,1789,1669,1599,1669,1669,1669,1669,1319,1299,1669,1669,1259,1669,1349,,1689,
Y,389,389,389,389,359,389,389,389,,389,389,419,389,349,389,389,389,389,389,419,389,389,359,389,389,,389,
Y,239,239,239,239,249,239,239,239,,239,239,219,239,229,239,239,239,239,239,249,239,239,239,239,239,,239,
Y,319,319,319,319,299,319,319,319,,319,319,349,319,289,319,319,319,319,319,299,319,319,289,319,319,,319,
Y,389,369,369,389,379,389,389,369,,369,369,419,389,389,389,389,389,389,369,379,389,389,369,389,369,,389,
Y,99,79,79,99,99,99,99,79,,79,79,99,99,89,99,99,99,99,79,99,99,99,79,99,79,,99,
Y,389,349,399,389,389,389,389,419,,369,419,399,389,359,389,389,389,389,369,379,389,389,409,389,389,,389,
Y,49,90,90,49,,49,49,90,,90,90,40,49,30,49,49,49,49,90,,49,49,90,49,90,,49,
Y,439,399,419,439,419,439,439,419,,419,419,499,439,439,439,439,439,439,419,399,439,439,419,439,399,,439,
Y,499,479,459,499,449,499,499,469,,449,479,579,499,499,499,499,499,499,479,439,499,499,469,499,459,,519,
Y,569,549,479,569,489,569,569,499,,499,519,619,569,579,569,569,569,569,519,489,569,569,519,569,489,,569,
Y,439,399,419,439,419,439,439,419,,419,419,499,439,439,439,439,439,439,419,399,439,439,419,439,399,,439,
Y,499,479,459,499,449,499,499,469,,449,479,579,499,499,499,499,499,499,479,439,499,499,469,499,459,,519,
Y,239,239,239,239,249,239,239,239,,239,239,219,239,229,239,239,239,239,239,249,239,239,239,239,239,,239,
Y,569,549,479,569,489,569,569,499,,499,519,619,569,579,569,569,569,569,519,489,569,569,519,569,489,,569,
Y,319,319,319,319,299,319,319,319,,319,319,349,319,289,319,319,319,319,319,299,319,319,289,319,319,,319,
Y,389,369,369,389,379,389,389,369,,369,369,419,389,389,389,389,389,389,369,379,389,389,369,389,369,,389,
Y,439,399,419,439,419,439,439,419,,419,419,499,439,439,439,439,439,439,419,399,439,439,419,439,399,,439,
Y,499,479,459,499,449,499,499,469,,449,479,579,499,499,499,499,499,499,479,439,499,499,469,499,459,,519,
Y,659,609,619,659,569,659,659,599,,619,619,649,659,639,659,659,659,659,639,569,659,659,619,659,599,,659,
Y,659,629,599,659,569,659,659,599,,599,599,639,659,619,659,659,659,659,619,569,659,659,599,659,599,,659,
Y,569,549,479,569,489,569,569,499,,499,519,619,569,579,569,569,569,569,519,489,569,569,519,569,489,,569,
Y,229,229,229,229,269,229,229,279,,269,249,229,229,150,229,229,229,229,249,269,229,229,269,229,269,,229,
Y,79,69,69,79,69,79,79,69,,69,70,,79,40,79,79,79,79,69,69,79,79,69,79,69,,79,
Y,319,299,319,319,299,319,319,319,,319,319,339,319,289,319,319,319,319,319,299,319,319,319,319,319,,319,
Y,300,359,329,300,349,300,300,349,,329,339,300,300,489,300,300,300,300,349,349,300,300,349,300,349,,300,
Y,719,669,669,719,569,719,719,669,,669,669,729,719,689,719,719,719,719,669,569,719,719,659,719,659,,719,
Y,1089,899,899,1089,859,1089,1089,899,,899,899,999,1089,999,1089,1089,1089,1089,899,839,1089,1089,899,1089,919,,1089,
Y,1059,839,859,1059,869,1059,1059,859,,859,859,939,1059,1019,1059,1059,1059,1059,859,849,1059,1059,869,1059,859,,1059,
Y,1059,839,839,1059,849,1059,1059,829,,839,839,939,1059,1019,1059,1059,1059,1059,839,839,1059,1059,849,1059,859,,1059,
Y,119,,,119,159,119,119,,,,,169,119,119,119,119,119,119,,169,119,119,,119,,,119,
Y,199,239,219,199,229,199,199,229,,219,219,199,199,259,199,199,199,199,229,229,199,199,229,199,229,,199,
Y,219,,,219,,219,219,,,,,199,219,,219,219,219,219,,,219,219,,219,,,219,
Y,239,219,219,239,229,239,239,219,,219,219,199,239,229,239,239,239,239,219,229,239,239,219,239,199,,239,
Y,259,239,239,259,259,259,259,239,,239,239,199,259,249,259,259,259,259,249,259,259,259,239,259,199,,259,
Y,129,119,119,129,119,129,129,119,,119,119,139,129,100,129,129,129,129,119,119,129,129,119,129,119,,129,
Y,159,149,149,159,149,159,159,149,,149,159,139,159,149,159,159,159,159,149,159,159,159,149,159,139,,159,
Y,169,159,159,169,159,169,169,159,,159,169,139,169,159,169,169,169,169,159,169,169,169,159,169,139,,169,
Y,179,169,169,179,169,179,179,169,,169,179,139,179,169,179,179,179,179,169,179,179,179,169,179,139,,179,
Y,699,669,649,699,639,699,699,619,,659,629,779,699,729,699,699,699,699,669,639,699,699,649,699,629,,699,
Y,1039,869,859,1039,899,1039,1039,859,,859,859,1019,1039,1029,1039,1039,1039,1039,859,899,1039,1039,859,1039,859,,1039,
Y,300,369,339,300,359,300,300,359,,339,349,300,300,,300,300,300,300,359,359,300,300,359,300,359,,300,
Y,239,269,269,239,259,239,239,269,,269,269,259,239,229,239,239,239,239,269,259,239,239,269,239,269,,239,
Y,389,389,389,389,359,389,389,389,,389,389,419,389,349,389,389,389,389,389,419,389,389,359,389,389,,389,
Y,239,269,279,239,259,239,239,279,,279,279,229,239,229,239,239,239,239,289,259,239,239,289,239,279,,239,
Y,399,369,369,399,359,399,399,369,,369,369,419,399,349,399,399,399,399,369,359,399,399,369,399,369,,399,
Y,239,239,239,239,249,239,239,239,,239,239,219,239,229,239,239,239,239,239,249,239,239,239,239,239,,239,
Y,389,369,369,389,379,389,389,369,,369,369,419,389,389,389,389,389,389,369,379,389,389,369,389,369,,389,
Y,199,219,219,199,159,199,199,219,,219,219,139,199,189,199,199,199,199,219,169,199,199,219,199,219,,199,
Y,239,239,269,239,249,239,239,269,,269,269,259,239,229,239,239,239,239,269,249,239,239,269,239,269,,239,
Y,20,59,59,20,39,20,20,59,,59,59,50,20,30,20,20,20,20,59,39,20,20,59,20,59,,20,
Y,69,129,89,69,89,69,69,89,,89,89,149,69,99,69,69,69,69,89,89,69,69,89,69,89,,69,
Y,319,319,319,319,299,319,319,319,,319,319,349,319,289,319,319,319,319,319,299,319,319,289,319,319,,319,
Y,339,329,329,339,319,339,339,329,,329,329,339,339,289,339,339,339,339,329,399,339,339,329,339,329,,339,
Y,319,279,319,319,299,319,319,299,,319,319,199,319,279,319,319,319,319,319,299,319,319,319,319,219,,319,
Y,399,359,389,399,379,399,399,389,,389,389,399,399,379,399,399,399,399,399,379,399,399,399,399,389,,399,
Y,319,319,319,319,319,319,319,319,,319,319,339,319,289,319,319,319,319,319,319,319,319,319,319,319,,319,
Y,219,219,249,219,249,219,219,249,,249,249,269,219,229,219,219,219,219,249,249,219,219,249,219,249,,219,
Y,299,289,329,299,299,299,299,329,,299,319,339,299,289,299,299,299,299,289,299,299,299,289,299,319,,299,
Y,389,319,359,389,359,389,389,359,,359,359,399,389,349,389,389,389,389,359,359,389,389,359,389,359,,389,
Y,389,339,339,389,359,389,389,339,,359,339,399,389,349,389,389,389,389,319,359,389,389,319,389,329,,389,
Y,319,279,319,319,299,319,319,299,,319,319,199,319,279,319,319,319,319,319,299,319,319,319,319,219,,319,
Y,399,359,389,399,379,399,399,389,,389,389,399,399,379,399,399,399,399,399,379,399,399,399,399,389,,399,
Y,459,489,499,459,479,459,459,479,,489,479,459,459,439,459,459,459,459,489,439,459,459,469,459,449,,479,
Y,149,149,149,149,119,149,149,149,,149,149,79,149,69,149,149,149,149,149,119,149,149,149,149,149,,149,
Y,319,299,319,319,299,319,319,319,,319,319,319,319,249,319,319,319,319,299,299,319,319,299,319,319,,319,
Y,239,239,249,239,259,239,239,249,,249,249,200,239,229,239,239,239,239,249,259,239,239,249,239,249,,239,
Y,449,449,439,449,439,449,449,439,,439,439,419,449,459,449,449,449,449,449,439,449,449,449,449,449,,449,
Y,499,519,519,499,519,499,499,519,,519,519,469,499,519,499,499,499,499,519,499,499,499,519,499,499,,519,
Y,459,489,499,459,479,459,459,479,,489,479,459,459,439,459,459,459,459,489,439,459,459,469,459,449,,479,
Y,129,119,119,129,119,129,129,119,,119,119,139,129,119,129,129,129,129,119,119,129,129,119,129,119,,129,
Y,189,149,159,189,149,189,189,149,,149,159,159,189,149,189,189,189,189,149,159,189,189,159,189,159,,179,
Y,829,,,829,589,829,829,,,,,939,829,749,829,829,829,829,,589,829,829,,829,,,829,
Y,1069,949,949,1069,989,1069,1069,949,,949,949,1129,1069,1039,1069,1069,1069,1069,949,1029,1069,1069,949,1069,959,,1069,
Y,139,119,119,139,119,139,139,119,,119,119,149,139,119,139,139,139,139,119,119,139,139,119,139,119,,139,
Y,239,269,269,239,259,239,239,269,,269,269,259,239,229,239,239,239,239,269,259,239,239,269,239,269,,239,
Y,339,329,329,339,319,339,339,329,,329,329,339,339,289,339,339,339,339,329,319,339,339,329,339,329,,339,
Y,389,389,389,389,359,389,389,389,,389,389,419,389,349,389,389,389,389,389,359,389,389,359,389,389,,389,
Y,239,239,239,239,249,239,239,239,,239,239,219,239,229,239,239,239,239,239,249,239,239,239,239,239,,239,
Y,319,319,319,319,299,319,319,319,,319,319,349,319,289,319,319,319,319,319,299,319,319,289,319,319,,319,
Y,389,369,369,389,379,389,389,369,,369,369,419,389,389,389,389,389,389,369,359,389,389,369,389,369,,389,
Y,219,,,219,,219,219,,,,,199,219,,219,219,219,219,,,219,219,,219,,,219,
Y,239,219,219,239,229,239,239,219,,219,219,199,239,229,239,239,239,239,219,229,239,239,219,239,199,,239,
Y,259,239,239,259,259,259,259,239,,239,239,199,259,249,259,259,259,259,249,259,259,259,239,259,199,,259,
Y,2659,2149,2149,2659,1999,2659,2659,2149,,2149,2149,2739,2659,2359,2659,2659,2659,2659,2149,2059,2659,2659,2149,2659,2149,,2659,
Y,199,299,299,199,200,199,199,299,,299,299,319,199,300,199,199,199,199,299,200,199,199,299,199,299,,199,
Y,829,799,859,829,799,829,829,819,,859,849,1099,829,849,829,829,829,829,859,789,829,829,829,829,799,,829,
Y,219,169,169,219,169,219,219,169,,179,169,199,219,189,219,219,219,219,199,169,219,219,169,219,169,,219,
Y,239,199,199,239,199,239,239,199,,199,199,219,239,199,239,239,239,239,219,199,239,239,199,239,199,,239,
Y,449,449,439,449,439,449,449,439,,439,439,419,449,459,449,449,449,449,449,439,449,449,449,449,449,,449,
Y,499,519,519,499,519,499,499,519,,519,519,469,499,519,499,499,499,499,519,499,499,499,519,499,499,,519,
Y,299,289,299,299,289,299,299,299,,299,299,199,299,299,299,299,299,299,299,299,299,299,299,299,229,,299,
Y,299,289,299,299,289,299,299,299,,299,299,199,299,299,299,299,299,299,299,299,299,299,299,299,229,,299,
Y,299,279,289,299,289,299,299,289,,249,259,219,299,279,299,299,299,299,259,299,299,299,299,299,279,,299,
Y,359,339,339,359,359,359,359,359,,339,329,269,359,339,359,359,359,359,339,369,359,359,339,359,329,,369,
Y,799,749,719,799,659,799,799,799,,719,719,869,799,779,799,799,799,799,749,649,799,799,749,799,719,,799,
Y,500,500,500,500,500,500,500,500,,500,500,859,500,500,500,500,500,500,500,500,500,500,500,500,799,,500,
Y,459,419,,459,419,459,459,439,,439,439,499,459,439,459,459,459,459,439,419,459,459,439,459,439,,459,
Y,519,499,,519,469,519,519,489,,469,499,579,519,499,519,519,519,519,499,459,519,519,489,519,479,,519,
Y,589,569,,589,519,589,589,519,,519,539,619,589,579,589,589,589,589,539,519,589,589,539,589,519,,589,
Y,339,,,339,,339,339,,,,,,339,,339,339,339,339,,,339,339,,339,,,339,
Y,579,499,519,579,519,579,579,519,,499,519,569,579,569,579,579,579,579,519,519,579,579,499,579,499,,579,
Y,579,499,519,579,519,579,579,519,,499,519,569,579,569,579,579,579,579,519,519,579,579,499,579,499,,579,
Y,199,69,69,199,49,199,199,69,,69,69,59,199,40,199,199,199,199,69,59,199,199,69,199,69,,199,
Y,49,50,50,49,49,49,49,50,,50,50,30,49,25,49,49,49,49,50,49,49,49,50,49,50,,49,
Y,259,169,169,259,149,259,259,169,,169,169,189,259,120,259,259,259,259,169,149,259,259,169,259,169,,259,
Y,50,,,50,119,50,50,,,,,139,50,139,50,50,50,50,,119,50,50,,50,,,50,
Y,629,,,629,599,629,629,,,,,699,629,719,629,629,629,629,,619,629,629,,629,,,629,
Y,689,,,689,629,689,689,,,,,849,689,779,689,689,689,689,,599,689,689,,689,,,689,
Y,249,199,199,249,179,249,249,199,,199,199,219,249,250,249,249,249,249,199,179,249,249,199,249,199,,249,
Y,389,369,369,389,359,389,389,369,,369,369,399,389,349,389,389,389,389,369,359,389,389,369,389,369,,389,
Y,119,129,129,119,159,119,119,129,,129,129,,119,119,119,119,119,119,129,169,119,119,129,119,129,,119,
Y,449,,,449,,449,449,,,,,549,449,,449,449,449,449,,,449,449,,449,,,449,
Y,120,149,149,120,99,120,120,149,,149,149,119,120,150,120,120,120,120,149,99,120,120,149,120,149,,120,
Y,819,699,699,819,699,819,819,699,,699,699,919,819,769,819,819,819,819,709,699,819,819,709,819,699,,819,
Y,1149,1049,1029,1149,1049,1149,1149,1029,,1029,1029,1289,1149,1119,1149,1149,1149,1149,1049,1049,1149,1149,1049,1149,1029,,1159,
Y,1229,1099,1079,1229,1109,1229,1229,1079,,1099,1079,1349,1229,1179,1229,1229,1229,1229,1099,1109,1229,1229,1099,1229,1079,,1229,
Y,849,769,749,849,789,849,849,799,,779,789,939,849,819,849,849,849,849,799,789,849,849,799,849,799,,879,
Y,1269,1139,1119,1269,1159,1269,1269,1129,,1129,1129,1369,1269,1219,1269,1269,1269,1269,1129,1199,1269,1269,1129,1269,1119,,1269,
Y,100,,,100,,100,100,,,,,,,,,100,,100,,,100,,,,,,,
Y,100,,,100,,100,100,,,,,,,,,100,,100,,,100,,,,,,,
Y,879,859,899,879,839,879,879,889,,889,889,1269,879,949,879,879,879,879,889,819,879,879,859,879,819,,879,
Y,1339,1269,1259,1339,1219,1339,1339,1239,,1259,1259,1649,1339,1319,1339,1339,1339,1339,1269,1189,1339,1339,1269,1339,1259,,1339,
Y,399,329,329,399,309,399,399,329,,329,329,349,399,309,399,399,399,399,329,309,399,399,299,399,329,,399,
Y,1429,1329,1309,1429,1269,1429,1429,1309,,1309,1329,1759,1429,1379,1429,1429,1429,1429,1329,1279,1429,1429,1329,1429,1319,,1429,
Y,959,919,959,959,919,959,959,939,,949,939,1289,959,989,959,959,959,959,939,879,959,959,899,959,899,,959,
Y,1369,1299,1269,1369,1239,1369,1369,1269,,1279,1289,1799,1369,1379,1369,1369,1369,1369,1299,1219,1369,1369,1279,1369,1289,,1369,
Y,1469,1349,1349,1469,1289,1469,1469,1349,,1349,1349,1859,1469,1459,1469,1469,1469,1469,1349,1299,1469,1469,1349,1469,1329,,1469,
Y,629,579,579,629,599,629,629,569,,579,579,759,629,719,629,629,629,629,579,599,629,629,579,629,579,,629,
Y,289,199,199,289,219,289,289,199,,270,199,599,289,200,289,289,289,289,199,219,289,289,199,289,199,,289,
Y,849,,,849,729,849,849,,,,,1079,849,889,849,849,849,849,,719,849,849,,849,,,849,
Y,150,150,150,150,150,150,150,150,,150,150,229,150,150,150,150,150,150,150,150,150,150,150,150,269,,150,
Y,419,349,349,419,319,419,419,369,,349,349,349,419,319,419,419,419,419,349,329,419,419,349,419,329,,419,
Y,219,,,219,,219,219,,,,,,219,229,219,219,219,219,,,219,219,,219,,,219,
Y,239,,,239,,239,239,,,,,,239,349,239,239,239,239,,,239,239,,239,,,239,
Y,869,739,759,869,799,869,869,749,,759,759,799,869,879,869,869,869,869,769,759,869,869,749,869,779,,869,
Y,539,419,419,539,379,539,539,419,,419,419,469,539,429,539,539,539,539,419,379,539,539,419,539,419,,539,
Y,399,399,429,399,389,399,399,379,,379,369,329,399,389,399,399,399,399,369,389,399,399,399,399,369,,399,
Y,30,30,30,30,30,30,30,30,,30,30,30,30,30,30,30,30,30,30,30,30,30,30,30,30,,30,
Y,629,549,549,629,559,629,629,549,,549,559,659,629,639,629,629,629,629,549,569,629,629,549,629,559,,629,
Y,219,,,219,,219,219,,,,,,219,,219,219,219,219,,,219,219,,219,,,219,
Y,199,259,259,199,259,199,199,259,,259,259,259,199,239,199,199,199,199,259,259,199,199,259,199,269,,199,
Y,219,229,229,219,189,219,219,229,,229,229,189,219,199,219,219,219,219,229,189,219,219,229,219,229,,219,
Y,199,229,229,199,229,199,199,229,,229,229,229,199,219,199,199,199,199,229,229,199,199,229,199,249,,199,
Y,199,199,199,199,199,199,199,199,,199,199,219,199,199,199,199,199,199,199,199,199,199,199,199,229,,199,
Y,249,249,259,249,239,249,249,249,,249,249,239,249,199,249,249,249,249,229,249,249,249,249,249,249,,239,
Y,300,319,299,300,279,300,300,319,,299,319,300,300,489,300,300,300,300,319,299,300,300,319,300,239,,300,
Y,179,199,199,179,169,179,179,199,,199,199,179,179,200,179,179,179,179,199,169,179,179,199,179,199,,179,
Y,79,,,79,,79,79,,,,,,79,,79,79,79,79,,,79,79,,79,,,79,
Y,729,669,689,729,629,729,729,669,,669,689,739,729,689,729,729,729,729,679,649,729,729,679,729,669,,729,
Y,1119,939,929,1119,919,1119,1119,929,,929,929,1019,1119,1089,1119,1119,1119,1119,929,929,1119,1119,929,1119,939,,1119,
Y,619,,,,,,,,,,,,,,,,,,,,,,,,,,,
Y,259,249,249,259,239,259,259,249,,249,249,259,259,269,259,259,259,259,249,249,259,259,249,259,249,,259,
Y,319,279,289,319,289,319,319,289,,259,289,279,319,299,319,319,319,319,279,289,319,319,279,319,289,,319,
Y,519,439,449,519,469,519,519,439,,439,439,539,519,469,519,519,519,519,449,489,519,519,439,519,469,,519,
Y,359,379,359,359,319,359,359,329,,359,359,339,359,349,359,359,359,359,359,319,359,359,359,359,359,,369,
Y,929,,,929,819,929,929,,,,,959,929,939,929,929,929,929,,819,929,929,,929,,,929,
Y,279,299,299,279,269,279,279,299,,299,299,269,279,279,279,279,279,279,299,269,279,279,299,279,299,,279,
Y,1119,1039,1049,1119,1039,1119,1119,1049,,1049,1049,1139,1119,1119,1119,1119,1119,1119,1049,1039,1119,1119,1049,1119,1099,,1119,
Y,1069,999,999,1069,999,1069,1069,999,,989,999,1099,1069,1049,1069,1069,1069,1069,1019,969,1069,1069,999,1069,1009,,1069,
Y,1359,1289,1289,1359,1249,1359,1359,1269,,1289,1289,1679,1359,1319,1359,1359,1359,1359,1289,1259,1359,1359,1289,1359,1289,,1359,
Y,1139,1059,1049,1139,1039,1139,1139,1049,,1049,1049,1149,1139,1119,1139,1139,1139,1139,1049,1039,1139,1139,1049,1139,1099,,1139,
Y,2129,1829,1909,2129,1819,2129,2129,1809,,1843,1829,,2129,2059,2129,2129,2129,2129,1809,1849,2129,2129,1809,2129,1519,,2129,
Y,1129,1089,1009,1129,1049,1129,1129,1069,,1069,1019,1149,1129,1169,1129,1129,1129,1129,1079,1059,1129,1129,1089,1129,1009,,1129,
Y,199,399,399,199,189,199,199,399,,399,399,249,199,249,199,199,199,199,399,189,199,199,399,199,399,,199,
Y,100,,119,100,,100,100,100,,,,,100,,100,100,100,100,119,,100,100,119,100,,,100,
Y,2989,2569,2589,2989,2529,2989,2989,2509,,2539,2509,2839,2989,2599,2989,2989,2989,2989,2549,2529,2989,2989,2489,2989,2509,,2989,
Y,579,459,469,579,479,579,579,459,,469,469,569,579,549,579,579,579,579,459,479,579,579,479,579,459,,579,
Y,629,489,489,629,519,629,629,489,,489,489,599,629,619,629,629,629,629,489,519,629,629,499,629,489,,629,
Y,639,529,529,639,499,639,639,509,,529,529,599,639,619,639,639,639,639,529,519,639,639,529,639,529,,629,
Y,219,249,269,219,249,219,219,269,,269,269,269,219,229,219,219,219,219,269,259,219,219,269,219,269,,219,
Y,339,329,329,339,319,339,339,329,,329,329,349,339,289,339,339,339,339,329,319,339,339,329,339,329,,339,
Y,389,359,359,389,359,389,389,359,,359,359,419,389,349,389,389,389,389,359,359,389,389,359,389,359,,389,
Y,219,249,279,219,259,219,219,279,,279,279,269,219,229,219,219,219,219,279,259,219,219,279,219,279,,219,
Y,299,319,319,299,319,299,299,319,,319,319,339,299,289,299,299,299,299,319,319,299,299,319,299,319,,299,
Y,389,359,359,389,359,389,389,359,,359,359,419,389,349,389,389,389,389,359,359,389,389,359,389,379,,389,
Y,719,649,649,719,559,719,719,649,,649,649,669,719,719,719,719,719,719,649,569,719,719,649,719,649,,719,
Y,199,259,259,199,259,199,199,259,,259,259,259,199,239,199,199,199,199,259,259,199,199,259,199,269,,199,
Y,199,229,229,199,229,199,199,229,,229,229,229,199,219,199,199,199,199,229,229,199,199,229,199,249,,199,
Y,199,199,199,199,199,199,199,199,,199,199,219,199,199,199,199,199,199,199,199,199,199,199,199,229,,199,
Y,199,259,259,199,259,199,199,259,,259,259,259,199,239,199,199,199,199,259,259,199,199,259,199,269,,199,
Y,199,229,229,199,219,199,199,229,,229,229,229,199,219,199,199,199,199,229,219,199,199,229,199,249,,199,
Y,199,199,199,199,199,199,199,199,,199,199,219,199,199,199,199,199,199,199,199,199,199,199,199,229,,199,
Y,100,,,100,100,100,100,,,,,100,100,100,100,100,100,100,,100,100,100,,100,,,100,
Y,300,,,300,300,300,300,,,,,300,300,300,300,300,300,300,,300,300,300,,300,,,300,
Y,1000,,,1000,,1000,1000,,,,,,1000,,1000,1000,1000,1000,,,1000,1000,,1000,,,1000,
Y,1049,879,899,1049,929,1049,1049,879,,879,879,1059,1049,879,1049,1049,1049,1049,899,919,1049,1049,899,1049,919,,1049,
Y,429,,,429,599,429,449,,,,,479,429,719,429,429,429,429,,599,429,429,,429,,,429,
Y,539,,,539,699,539,549,,,,,599,539,819,539,539,539,539,,689,539,539,,539,,,539,
Y,419,379,379,419,399,419,419,379,,379,379,469,419,389,419,419,419,419,379,399,419,419,379,419,399,,419,
Y,1029,989,979,1029,989,1029,1029,979,,979,979,1089,1029,1059,1029,1029,1029,1029,989,979,1029,1029,979,1029,999,,1029,
Y,1269,1239,1199,1269,1189,1269,1269,1199,,1199,1199,1619,1269,1249,1269,1269,1269,1269,1239,1159,1269,1269,1239,1269,1199,,1269,
Y,1039,1029,959,1039,989,1039,1039,999,,999,959,1089,1039,1089,1039,1039,1039,1039,999,989,1039,1039,1029,1039,959,,1039,
Y,1079,979,979,1079,989,1079,1079,979,,979,979,1079,1079,1059,1079,1079,1079,1079,979,979,1079,1079,979,1079,999,,1079,
Y,859,,,859,779,859,859,,,,,869,859,879,859,859,859,859,,769,859,859,,859,,,859,
Y,989,899,899,989,929,989,989,899,,899,899,1029,989,969,989,989,989,989,899,939,989,989,899,989,919,,989,
Y,979,889,889,979,899,979,979,889,,889,889,1019,979,969,979,979,979,979,889,899,979,979,929,979,959,,979,
Y,999,779,799,999,859,999,999,799,,799,799,959,999,789,999,999,999,999,799,859,999,999,799,999,799,,999,
Y,50,69,69,50,49,50,50,69,,69,69,49,50,35,50,50,50,50,69,49,50,50,69,50,69,,50,
Y,49,69,69,49,49,49,49,69,,69,69,49,49,40,49,49,49,49,69,49,49,49,69,49,69,,49,
Y,50,49,49,50,49,50,50,49,,49,49,49,50,40,50,50,50,50,49,49,50,50,49,50,49,,50,
Y,25,69,69,25,49,25,25,69,,69,69,49,25,40,25,25,25,25,69,49,25,25,69,25,69,,25,
Y,229,199,219,229,229,229,229,229,,219,219,239,229,199,229,229,229,229,199,239,229,229,199,229,219,,239,
Y,59,65,65,59,49,59,59,60,,55,60,39,59,50,59,59,59,59,65,49,59,59,65,59,65,,59,
Y,50,59,59,50,59,50,50,79,,79,79,50,50,30,50,50,50,50,59,59,50,50,59,50,59,,50,
Y,60,60,,60,60,60,60,60,,,,60,60,60,60,60,60,60,60,60,60,60,,60,,,60,
Y,170,149,149,170,100,170,170,149,,149,149,119,170,100,170,170,170,170,149,119,170,170,149,170,149,,170,
Y,1179,1089,1069,1179,1099,1179,1179,1079,,1069,1079,1309,1179,1139,1179,1179,1179,1179,1079,1099,1179,1179,1079,1179,1069,,1179,
Y,619,529,589,619,549,619,619,579,,579,569,599,619,619,619,619,619,619,589,549,619,619,589,619,569,,619,
Y,1009,789,839,1009,809,1009,1009,829,,809,809,869,1009,909,1009,1009,1009,1009,809,819,1009,1009,809,1009,849,,1009,
Y,619,599,599,619,569,619,619,589,,599,599,599,619,599,619,619,619,619,619,559,619,619,619,619,589,,619,
Y,899,829,829,899,829,899,899,829,,829,829,869,899,889,899,899,899,899,829,819,899,899,829,899,829,,899,
Y,130,149,149,130,,130,130,149,,149,149,119,130,100,130,130,130,130,149,,130,130,149,130,149,,130,
Y,350,350,350,350,350,350,350,350,,350,350,,350,350,350,350,350,350,350,350,350,350,350,350,350,,350,
Y,199,199,199,199,199,199,199,199,,199,199,,199,199,199,199,199,199,199,199,199,199,199,199,199,,199,
Y,500,500,500,500,500,500,500,500,,500,500,500,500,500,500,500,500,500,500,500,500,500,500,500,500,,500,
Y,25,,,25,,25,25,,,,,,25,49,25,25,25,25,,,25,25,,25,,,25,
Y,249,279,279,249,289,249,249,279,,279,279,299,249,299,249,249,249,249,279,289,249,249,279,249,279,,249,
Y,219,229,229,219,259,219,219,229,,229,229,249,219,269,219,219,219,219,229,259,219,219,229,219,229,,219,
Y,189,199,199,189,229,189,189,199,,199,199,209,189,249,189,189,189,189,199,229,189,189,199,189,199,,189,
Y,249,279,279,249,289,249,249,279,,279,279,289,249,299,249,249,249,249,279,289,249,249,279,249,259,,249,
Y,219,229,229,219,259,219,219,229,,229,229,249,219,269,219,219,219,219,229,259,219,219,229,219,229,,219,
Y,189,199,199,189,229,189,189,199,,199,199,209,189,249,189,189,189,189,199,229,189,189,199,189,199,,189,
Y,249,279,279,249,299,249,249,279,,279,279,299,249,299,249,249,249,249,279,299,249,249,279,249,279,,249,
Y,219,239,239,219,269,219,219,229,,239,239,259,219,269,219,219,219,219,239,269,219,219,229,219,229,,219,
Y,189,199,199,189,229,189,189,199,,199,199,209,189,249,189,189,189,189,199,229,189,189,199,189,199,,189,
Y,50,,,50,,50,50,,,,,,50,,50,50,50,50,,,50,50,,50,,,50,
Y,120,149,149,120,89,120,120,149,,149,149,119,120,150,120,120,120,120,149,79,120,120,149,120,99,,120,
Y,142,,,142,,142,142,,,,,142,142,142,142,142,142,142,,,142,142,,142,,,142,
Y,319,299,299,319,299,319,319,299,,299,299,299,319,319,319,319,319,319,299,299,319,319,299,319,299,,319,
Y,319,299,299,319,299,319,319,299,,299,299,299,319,319,319,319,319,319,299,299,319,319,299,319,299,,319,
Y,500,500,500,500,500,500,500,500,,500,500,500,500,500,500,500,500,500,500,500,500,500,500,500,500,,500,
Y,600,600,600,600,600,600,600,600,,600,600,,600,600,600,600,600,600,600,600,600,600,600,600,,,600,
Y,699,649,649,699,649,699,699,649,,649,659,719,699,699,699,699,699,699,649,649,699,699,649,699,649,,699,
Y,1099,1059,1089,1099,1089,1099,1099,1069,,1079,1079,1089,1099,1159,1099,1099,1099,1099,1059,1069,1099,1099,1059,1099,1089,,1099,
Y,1139,1139,1139,1139,1139,1139,1139,1139,,1129,1139,1169,1139,1219,1139,1139,1139,1139,1129,1139,1139,1139,1129,1139,1139,,1139,
Y,579,569,569,579,559,579,579,569,,569,569,579,579,599,579,579,579,579,569,559,579,579,569,579,579,,579,
Y,969,959,959,969,949,969,969,959,,959,959,979,969,1069,969,969,969,969,959,949,969,969,959,969,989,,969,
Y,1019,989,989,1019,989,1019,1019,989,,989,989,1019,1019,1119,1019,1019,1019,1019,989,999,1019,1019,989,1019,1039,,1019,
Y,29,39,39,29,29,29,29,39,,39,39,23,29,23,29,29,29,29,39,29,29,29,39,29,39,,29,
Y,319,319,319,319,299,319,319,319,,319,319,299,319,319,319,319,319,319,319,299,319,319,319,319,319,,319,
Y,700,700,700,700,700,700,700,700,,700,700,700,700,700,700,700,700,700,700,700,700,700,700,700,,,700,
Y,569,,,569,,569,569,,,,,,569,569,569,569,569,569,,,569,569,,569,,,569,
Y,329,,,329,,329,329,,,,,,329,319,329,329,329,329,,,329,329,,329,,,329,
Y,50,,69,50,,50,50,,,,,,50,40,50,50,50,50,,49,50,50,,50,69,,50,
Y,299,299,299,299,299,299,299,299,,299,299,299,299,299,299,299,299,299,299,299,299,299,299,299,299,,299,
Y,299,299,299,299,299,299,299,299,,299,299,299,299,299,299,299,299,299,299,299,299,299,299,299,299,,299,
Y,1079,999,999,1079,979,1079,1079,999,,999,999,1089,1079,1069,1079,1079,1079,1079,999,959,1089,1079,999,1079,1039,,1079,
Y,1159,1099,1099,1159,1089,1159,1159,1099,,1099,1099,1169,1159,1139,1159,1159,1159,1159,1099,1019,1169,1159,1099,1159,1099,,1159,
Y,1079,999,999,1079,979,1079,1079,999,,999,999,1089,1079,1069,1079,1079,1079,1079,999,959,1089,1079,999,1079,1039,,1079,
Y,1159,1099,1099,1159,1089,1159,1159,1099,,1099,1099,1169,1159,1139,1159,1159,1159,1159,1099,1019,1169,1159,1099,1159,1099,,1159,
Y,1079,999,999,1079,979,1079,1079,999,,999,999,1089,1079,1069,1079,1079,1079,1079,999,959,1089,1079,999,1079,1039,,1079,
Y,1159,1099,1099,1159,1089,1159,1159,1099,,1099,1099,1169,1159,1139,1159,1159,1159,1159,1099,1019,1169,1159,1099,1159,1099,,1159,
Y,959,949,949,959,939,959,959,949,,949,949,1169,959,949,959,959,959,,949,919,959,959,949,959,949,,959,
Y,1359,1299,1299,1359,1299,1359,1359,1299,,1299,1299,1299,1359,1299,1359,1359,1359,,1299,1289,1359,1359,1299,1359,1299,,1359,
Y,1419,1379,1379,1419,1379,1419,1419,1379,,1379,1379,1379,1419,1379,1419,1419,1419,,1379,1359,1419,1419,1379,1419,1379,,1419,
Y,59,65,65,59,49,59,59,65,,65,65,59,59,50,59,59,59,,65,49,59,59,65,59,65,,59,
Y,25,,,25,25,25,25,,,,,,25,,25,25,25,25,,,25,25,,25,,,25,
Y,59,39,,59,49,59,59,39,,,,59,59,59,59,59,59,59,39,49,59,59,,59,,,59,
Y,29,69,69,29,29,29,29,69,,69,,29,29,29,29,29,29,29,69,29,29,29,69,29,69,,29,
Y,729,629,,729,649,729,729,629,,,,879,729,679,729,729,729,729,629,629,729,729,,729,,,729,
Y,1069,969,,1069,999,1069,1069,969,,,,1259,1069,1029,1069,1069,1069,1069,969,989,1069,1069,,1069,,,1069,
Y,1159,1019,,1159,1059,1159,1159,1019,,,,1319,1159,1099,1159,1159,1159,1159,1019,1049,1159,1159,,1159,,,1159,
Y,879,749,,879,789,879,879,759,,,,1129,879,839,879,879,879,879,829,769,879,879,,879,,,849,
Y,1219,1089,,1219,1139,1219,1219,1099,,,,1519,1219,1189,1219,1219,1219,1219,1169,1129,1219,1219,,1219,,,1189,
Y,1319,1139,,1319,1199,1319,1319,1149,,,,1569,1319,1249,1319,1319,1319,1319,1219,1189,1319,1319,,1319,,,1279,
Y,299,299,,299,299,299,299,299,,,,299,299,299,299,299,299,299,299,299,299,299,,299,,,299,
Y,1079,999,,1079,979,1079,1079,999,,,,1089,1079,1069,1079,1079,1079,1079,999,959,1079,1079,,1079,,,1079,
Y,1159,1099,,1159,1089,1159,1159,1099,,,,1169,1159,1139,1159,1159,1159,1159,1099,1019,1159,1159,,1159,,,1159,
Y,1079,999,,1079,979,1079,1079,999,,,,1089,1079,1069,1079,1079,1079,1079,999,959,1079,1079,,1079,,,1079,
Y,1159,1099,,1159,1089,1159,1159,1099,,,,1169,1159,1139,1159,1159,1159,1159,1099,1019,1159,1159,,1159,,,1159,
Y,1079,999,,1079,979,1079,1079,999,,,,1089,1079,1069,1079,1079,1079,1079,999,959,1079,1079,,1079,,,1079,
Y,1159,1099,,1159,1089,1159,1159,1099,,,,1169,1159,1139,1159,1159,1159,1159,1099,1019,1159,1159,,1159,,,1159,
Y,619,589,,619,479,619,619,559,,,,579,619,569,619,619,619,619,589,479,619,619,,619,,,619,
Y,959,799,,959,739,959,959,769,,,,919,959,939,959,959,959,959,789,749,959,959,,959,,,959,
Y,,700,700,,,,,,,,,,,,,,,,,,,,,,601,,,
Y,,799,,,,,,,,,,,,,,,,,,,,,,,,,,
Y,,549,519,,519,,,519,,529,529,689,,679,,,,,529,529,,,529,,629,,,
Y,,30,30,,,,,25,,25,25,49,,30,,,,,30,,,,30,,30,,,
Y,,30,30,,,,,25,,25,25,49,,30,,,,,30,,,,30,,30,,,
Y,,45,45,,29,,,45,,45,45,23,,,,,,,45,29,,,45,,45,,,
Y,,45,45,,29,,,45,,45,45,23,,25,,,,,45,29,,,45,,45,,,
Y,,50,50,,49,,,45,,50,45,23,,50,,,,,50,49,,,50,,50,,,
Y,,90,90,,,49,,90,,90,90,49,,30,,,49,,90,,,49,90,,90,,49,
Y,,729,729,,659,,,699,,729,689,799,,759,,,,,699,659,,,689,,689,,,
Y,,1000,1000,,1029,,,1000,,1000,1000,,,,,,,,1000,1029,,,,,1000,,,
Y,,589,569,,,,,569,,599,539,559,,999,,,,,579,,,,549,,579,,,
Y,,479,479,,,,,479,,479,479,,,499,,,,,479,,,,479,,479,,,
Y,,1000,,,,,,,,,,,,,,,,,,,,,,,,,,
Y,,799,799,,839,,,779,,799,799,1029,,1089,,,,,849,849,,,799,,799,,,
Y,,700,,,,,,,,,,,,,,,,,,,,,,,601,,,
Y,,629,659,619,569,619,619,599,,629,629,689,619,659,619,619,619,619,599,569,619,619,599,619,599,,619,
Y,,1000,,,,,,,,,,,,,,,,,,,,,,,,,,
Y,,1159,1139,,1129,,,,,,,1298,,1229,,,,,1159,1129,,,1159,,1189,,,
Y,,179,179,,,,,179,,179,179,299,,,,,,,179,,,,179,,179,,,
Y,,99,100,,,,,,,,,,,,,,,,,,,,,,,,,
Y,,1099,1099,,1079,,,,,,,1229,,1159,,,,,1099,1069,,,1099,,1099,,,
Y,,60,60,,49,,,60,,60,60,23,,,,,,,60,49,,,60,,60,,,
Y,,49,49,,29,,,49,,49,49,59,,49,,,,,49,29,,,49,,59,,,
Y,,600,590,,610,,,590,,620,590,,,,,,,,600,610,,,600,,710,,,
Y,,660,650,,680,,,650,,680,650,,,,,,,,670,680,,,660,,670,,,
Y,,600,590,,610,,,590,,620,590,,,,,,,,600,610,,,600,,710,,,
Y,,660,650,,680,,,650,,680,650,,,,,,,,670,680,,,660,,670,,,
Y,,700,690,,710,,,690,,720,690,,,,,,,,700,710,,,700,,660,,,
Y,,760,750,,780,,,750,,780,750,,,,,,,,770,780,,,760,,720,,,
Y,,800,790,,810,,,790,,820,790,,,,,,,,800,810,,,800,,710,,,
Y,,860,850,,880,,,850,,880,850,,,,,,,,870,880,,,860,,770,,,
Y,,,819,,1029,,,819,,,819,,,,,,,,,1029,,,,,,,,
Y,,,99,,,100,100,,,,,,,119,,,,,99,,,,99,100,99,,,
Y,,,99,,,100,100,,,,,,,119,,,,,99,,100,,99,100,99,,,
Y,,,,50,,50,50,,,,,,50,30,50,50,50,50,,,50,50,,50,,,50,
Y,,,,,319,,,,,,,329,,299,,,,,,319,,,,,,,,
Y,,,,,559,,,,,,,649,,689,,,,,,549,,,,,,,,
Y,,,,,529,,,,,,,599,,599,,,,,,539,,,,,,,,
Y,,,,,539,,,,,,,729,,689,,,,,,519,,,,,,,,
Y,,,,,319,,,,,,,429,,399,,,,,,359,,,,,,,,
Y,,,,,669,,,,,,,879,,,,,,,,659,,,,,,,,
Y,,,,,529,,,,,,,559,,,,,,,,509,,,,,,,,
Y,,,,,29,,,,,,,23,,23,,,,,,29,,,,,,,,
Y,,,,,29,,,,,,,23,,23,,,,,,29,,,,,,,,
Y,,,,,29,,,,,,,23,,23,,,,,,29,,,,,,,,
Y,,,,,29,,,,,,,23,,23,,,,,,29,,,,,,,,
Y,,,,,49,,,,,,,,,,,,,,,49,,,,,,,,
Y,,,,,29,,,,,,,23,,23,,,,,,29,,,,,,,,
Y,,,,,29,,,,,,,30,,20,,,,,,29,,,,,,,,
Y,,,,,19,,,,,,,25,,,,,,,,19,,,,,,,,
Y,,,,,19,,,,,,,45,,,,,,,,19,,,,,,,,
Y,,,,,19,,,,,,,,,,,,,,,19,,,,,,,,
Y,,,,,200,,,,,,,,,,,,,,,200,,,,,,,,
Y,,,,,509,,,,,,,,,,,,,,,509,,,,,,,,
Y,,,,,589,,,,,,,729,,,,,,,,549,,,,,,,,
Y,,,,,409,,,,,,,459,,,,,,,,409,,,,,,,,
Y,,,,,809,,,,,,,1019,,1079,,,,,,819,,,,,,,,
Y,,,,,739,,,,,,,899,,929,,,,,,749,,,,,,,,
Y,,,,,939,,,,,,,1109,,1159,,,,,,919,,,,,,,,
Y,,,,,59,,,,,,,50,,50,,,,,,59,,,,,,,,
Y,,,,,839,,,,,,,999,,1089,,,,,,889,,,,,,,,
Y,,,,,500,,,,,,,500,,500,,,,,,500,,,,,,,,
Y,,,,,29,,,,,,,23,,23,,,,,,29,,,,,,,,
Y,,,,,29,,,,,,,23,,23,,,,,,29,,,,,,,,
Y,,,,,35,,,,,,,,,40,,,,,,,,,,,,,,
Y,,,,,,159,,,,,,,,,,,,,,,,,,,,,,
Y,,,,,,169,,,,,,,,,,,,,,,,,,,,,,
Y,,,,,,179,,,,,,,,,,,,,,,,,,,,,,
Y,,,,,,200,,,,,,319,,,,,,,,,,,,,329,,,
Y,,,,,,,,40,,,,,,,,,,,,,,,,,,,,
Y,,,,,,,,,,,40,,,,,,,,,,,,,,,,,
Y,,,,,,,,,,,,25,,30,,,,,,,,,,,,,,
Y,,,,,,,,,,,,25,,30,,,,,,,,,,,,,,
Y,,,,,,,,,,,,25,,30,,,,,,,,,,,,,,
Y,,,,,,,,,,,,25,,30,,,,,,,,,,,,,,
Y,,,,,,,,,,,,379,,,,,,,,,,,,,,,,
Y,,,,,,,,,,,,25,,30,,,,,,,,,,,,,,
Y,,,,,,,,,,,,30,,,,,,,,,,,,,,,,
Y,,,,,,,,,,,,199,,,,,,,,,,,,,,,,
Y,,,,,,,,,,,,349,,,,,,,,,,,,,349,,,
Y,,,,,,,,,,,,120,,,,,,,,,,,,,,,,
Y,,,,,,,,,,,,799,,,,,,,,,,,,,,,,
Y,,,,,,,,,,,,869,,,,,,,,,,,,,,,,
Y,,,,,,,,,,,,819,,839,,,,,,,,,,,,,,
Y,,,,,,,,,,,,779,,,,,,,,,,,,,,,,
Y,,,,,,,,,,,,779,,,,,,,,,,,,,,,,
Y,,,,,,,,,,,,779,,,,,,,,,,,,,,,,
Y,,,,,,,,,,,,579,,,,,,,,,,,,,609,,,
Y,,,,,,,,,,,,779,,,,,,,,,,,,,,,,
Y,,,,,,,,,,,,729,,,,,,,,,,,,,,,,
Y,,,,,,,,,,,,200,,,,,,,,,,,,,,,,
Y,,,,,,,,,,,,300,,,,,,,,,,,,,,,,
Y,,,,,,,,,,,,739,,779,,,,,,,,,,,,,,
Y,,,,,,,,,,,,619,,,,,,,,,,,,,659,,,
Y,,,,,,,,,,,,120,,,,,,,,,,,,,,,,
Y,,,,,,,,,,,,219,,,,,,,,,,,,,,,,
Y,,,,,,,,,,,,229,,,,,,,,,,,,,,,,
Y,,,,,,,,,,,,259,,,,,,,,,,,,,,,,
Y,,,,,,,,,,,,600,,,,,,,,,,,,,600,,,
Y,,,,,,,,,,,,550,,,,,,,,,,,,,550,,,
Y,,,,,,,,,,,,1499,,,,,,,,,,,,,,,,
Y,,,,,,,,,,,,249,,,,,,,,,,,,,,,,
Y,,,,,,,,,,,,439,,,,,,,,,,,,,,,,
Y,,,,,,,,,,,,469,,,,,,,,,,,,,,,,
Y,,,,,,,,,,,,30,,,,,,,,,,,,,,,,
Y,,,,,,,,,,,,,,259,,,,,,,,,,,,,,
Y,,,,,,,,,,,,,,179,,,,,,,,,,,,,,
Y,,,,,,,,,,,,,,1579,,,,,,,,,,,,,,
Y,,,,,,,,,,,,,,489,,,,,,,,,,,,,,
Y,,,,,,,,,,,,,,259,,,,,,,,,,,,,,
Y,,,,,,,,,,,,,,439,,,,,,,,,,,,,,
Y,,,,,,,,,,,,,,40,,,,,,,,,,,,,,
Y,,,,,,,,,,,,,,75,,,,,,,,,,,,,,
Y,,,,,,,,,,,,,,200,,,,,,,,,,,,,,
Y,,,,,,,,,,,,,,,,,,,,,,,,,601,,,
Y,,,,,,,,,,,,,,,,,,,,,,,,,1500,,,
