any,40,650,695,858,1373,1453,2943,5176,6083,6449,6763,7394,7564,10099,10219,10288,10382,10625,11311,11491,13934,14307,14618,20860,20863,20865,23854,24251,25449,26266,28772,28853,32419
Y,259,279,199,269,199,259,229,219,199,259,269,169,,229,249,259,229,339,249,279,,259,,279,279,,,259,259,,,,
Y,299,369,289,319,,319,,319,,299,,259,,,289,,,369,339,329,,359,,339,319,,,289,299,,,,
Y,289,289,229,279,229,289,239,269,229,289,279,279,,249,279,279,249,349,319,299,,289,,289,289,,,269,289,,,,
Y,359,409,359,389,359,369,359,359,369,379,369,449,,379,449,399,409,440,399,399,,399,,399,389,,,359,439,,,,
Y,669,749,689,729,659,669,599,689,629,699,679,699,,599,699,689,699,759,679,789,,699,,739,729,,,569,699,,,,
Y,659,749,619,759,639,659,599,679,569,679,649,689,,609,689,659,699,799,649,789,,659,,759,659,,,659,719,,,,
Y,169,179,149,199,149,149,149,179,179,179,159,129,,149,139,179,189,219,219,189,,199,,199,149,,,159,199,,,,
Y,239,239,299,219,299,229,219,229,169,229,299,150,,200,150,219,249,219,239,219,,229,,219,239,,,179,179,,,,
Y,619,659,569,629,519,619,499,569,529,589,519,529,,499,509,589,539,649,599,589,,589,,629,619,,,549,599,,,,
Y,699,749,639,719,599,619,599,689,639,689,649,649,,639,649,669,659,739,699,699,,649,,719,639,,,639,699,,,,
Y,199,299,279,289,249,189,259,249,219,189,249,219,,249,189,249,219,239,269,219,,219,,289,199,,,199,169,,,,
Y,179,149,169,179,159,139,169,159,159,159,139,149,,169,139,169,159,129,129,149,,109,,179,129,,,119,129,,,,
Y,299,319,289,299,269,279,269,269,279,259,299,229,,279,229,269,239,289,319,279,,319,,299,299,,,279,279,,,,
Y,539,619,499,599,499,549,469,549,469,539,519,519,,479,519,499,559,609,609,599,,589,,599,559,,,549,599,,,,
Y,149,139,100,149,100,139,149,149,149,149,100,149,,149,149,149,149,149,149,149,,139,,149,149,,,149,149,,,,
Y,389,399,379,439,359,389,339,369,339,399,359,329,,339,329,369,349,459,389,359,,399,,449,389,,,389,389,,,,
Y,1089,989,1079,600,1069,1089,839,600,600,1089,1079,600,,839,600,869,600,919,889,600,,1079,,600,1089,,,600,889,,,,
Y,279,539,259,309,249,279,249,269,199,279,239,199,,249,199,249,289,329,369,409,,319,,309,279,,,249,309,,,,
Y,259,239,259,199,229,239,219,249,199,259,219,129,,169,120,199,189,149,219,239,,239,,219,239,,,229,139,,,,
Y,149,119,119,179,159,169,139,129,99,99,159,119,,139,119,139,139,119,119,139,,159,,179,119,,,119,119,,,,
Y,329,409,299,289,299,329,249,349,199,299,299,219,,249,189,279,269,309,309,469,,369,,299,329,,,299,289,,,,
Y,129,100,,149,,100,139,119,119,129,,149,,149,149,139,100,129,129,119,,100,,149,99,,,119,129,,,,
Y,149,149,149,149,149,149,149,149,149,149,149,149,,149,149,199,149,149,149,179,,149,,149,149,,,149,149,,,,
Y,169,179,149,199,149,149,149,179,179,179,159,129,,149,139,179,189,219,219,189,,199,,199,149,,,159,199,,,,
Y,279,629,499,299,499,549,469,549,479,539,519,519,,479,519,499,559,599,619,579,,559,,319,559,,,459,599,,,,
Y,569,669,549,629,499,569,489,559,499,539,499,539,,489,529,539,559,649,559,619,,599,,629,569,,,549,599,,,,
Y,619,669,579,679,549,619,559,589,549,619,549,569,,559,569,539,599,819,699,619,,619,,679,619,,,599,579,,,,
Y,599,649,499,589,499,599,489,529,489,569,499,519,,489,519,499,549,789,559,569,,569,,589,599,,,529,549,,,,
Y,399,489,299,419,349,399,299,339,269,399,339,200,,299,200,299,319,399,359,399,,319,,419,399,,,379,329,,,,
Y,1119,1319,1109,1179,1029,1109,1059,1089,1059,1079,1039,1089,,1069,1079,1109,1079,1229,1159,1139,,1109,,1179,1109,,,1059,1119,,,,
Y,1019,1259,1039,1069,979,1019,979,999,999,989,989,1009,,999,1009,1039,979,1159,1079,1049,,1029,,1069,1019,,,999,1019,,,,
Y,689,869,699,669,679,689,649,689,639,699,679,649,,659,649,629,629,739,729,739,,719,,669,689,,,669,749,,,,
Y,799,759,669,669,669,799,629,639,629,679,689,589,,639,589,619,619,699,709,699,,969,,669,799,,,669,639,,,,
Y,1029,1129,969,1139,949,1019,979,999,979,989,969,1009,,979,1009,979,1029,1209,1049,1099,,1019,,1139,1019,,,999,1019,,,,
Y,969,1019,899,1029,899,929,909,909,859,889,899,909,,919,909,919,849,1139,999,1009,,899,,1029,929,,,899,949,,,,
Y,629,729,589,639,569,589,599,589,539,599,589,609,,599,609,579,589,719,629,639,,619,,639,589,,,629,599,,,,
Y,119,119,119,119,99,119,119,69,119,119,119,59,,119,59,119,89,89,89,59,,89,,119,79,,,49,89,,,,
Y,629,679,,719,659,629,,659,519,599,639,,,,,,,819,629,599,,659,,719,629,,,559,629,,,,
Y,459,529,369,509,449,459,399,389,349,439,399,,,399,,419,419,489,439,469,,439,,509,469,,,429,389,,,,
Y,259,219,249,279,249,259,309,259,199,,249,219,,309,219,319,299,279,219,259,,,,279,309,,,249,279,,,,
Y,389,319,319,439,339,389,399,319,319,,339,329,,399,329,379,349,349,349,299,,,,439,419,,,369,349,,,,
Y,429,419,359,459,379,429,419,379,369,,379,369,,419,369,419,419,399,399,379,,,,459,469,,,389,399,,,,
Y,159,189,149,199,149,159,129,149,109,159,149,129,,129,129,139,189,129,159,169,,149,,199,159,,,119,129,,,,
Y,149,159,149,149,149,139,149,149,149,149,149,149,,149,149,239,149,149,149,199,,139,,149,149,,,149,149,,,,
Y,859,989,829,949,779,819,739,799,799,829,799,759,,749,759,799,799,949,879,919,,859,,949,849,,,819,889,,,,
Y,849,959,769,919,749,849,729,779,819,819,769,799,,739,799,739,789,919,869,869,,839,,919,849,,,759,879,,,,
Y,719,809,779,919,779,699,719,829,779,829,779,739,,739,749,769,829,899,869,889,,839,,919,699,,,799,829,,,,
Y,199,239,229,239,199,219,199,199,199,199,199,199,,189,199,229,239,249,239,229,,249,,239,189,,,199,229,,,,
Y,149,209,119,179,159,169,139,129,99,99,159,119,,139,119,139,139,119,119,139,,159,,179,119,,,119,119,,,,
Y,269,319,239,409,279,269,249,279,229,269,269,249,,249,249,259,289,339,309,429,,319,,409,269,,,269,319,,,,
Y,359,449,399,409,399,299,379,389,369,379,419,339,,369,329,399,369,419,409,419,,399,,409,379,,,299,409,,,,
Y,359,449,399,409,399,299,379,389,369,379,419,339,,369,329,399,369,419,409,419,,399,,409,379,,,299,409,,,,
Y,259,219,249,279,249,259,309,259,199,,249,219,,309,219,319,299,,219,259,,,,279,309,,,249,279,,,,
Y,239,369,339,289,339,269,309,299,289,269,349,259,,309,249,319,289,299,329,329,,249,,289,199,,,299,299,,,,
Y,1089,1319,999,1169,1029,1089,1059,1059,1009,1059,1039,1059,,1069,1049,1049,1079,1219,1119,1119,,1109,,1169,1089,,,1059,1089,,,,
Y,1019,1259,939,1059,979,1019,979,969,949,969,989,969,,999,969,999,969,1149,1039,1049,,1019,,1059,1019,,,999,999,,,,
Y,669,869,669,669,679,689,649,649,599,679,679,609,,659,609,629,629,729,679,719,,719,,669,689,,,669,659,,,,
Y,389,319,319,439,339,389,399,319,319,,339,329,,399,329,379,349,,349,299,,,,439,419,,,369,349,,,,
Y,999,1129,959,1129,889,999,949,989,949,989,899,999,,949,999,949,1009,1159,1039,1099,,1009,,1129,999,,,949,1009,,,,
Y,939,1009,849,1019,849,929,889,899,849,869,859,909,,899,909,909,839,1069,969,1009,,879,,1019,929,,,899,939,,,,
Y,559,729,559,629,499,569,559,569,499,569,499,579,,559,579,559,549,659,609,609,,579,,629,569,,,559,579,,,,
Y,429,419,359,459,379,429,419,379,369,,379,369,,419,369,419,419,,399,379,,,,459,469,,,389,399,,,,
Y,199,239,229,239,199,219,199,199,199,199,199,199,,189,199,229,239,249,239,229,,249,,239,189,,,199,229,,,,
Y,139,149,,149,,149,139,100,139,149,,149,,149,149,139,139,149,149,100,,149,,149,149,,,100,149,,,,
Y,149,149,100,149,100,149,149,149,149,149,100,149,,149,149,149,149,149,149,169,,149,,149,149,,,100,149,,,,
Y,149,149,149,149,149,149,149,149,149,149,149,149,,149,149,199,149,149,149,199,,149,,149,149,,,149,149,,,,
Y,149,149,149,149,149,149,149,149,149,149,149,149,,149,149,239,149,149,149,229,,149,,149,149,,,149,149,,,,
Y,149,,,149,,149,139,100,139,149,,149,,149,149,139,139,149,149,100,,149,,149,149,,,100,,,,,
Y,149,,100,149,100,149,149,149,149,149,100,149,,149,149,149,149,149,149,169,,149,,149,149,,,100,149,,,,
Y,149,,149,149,149,149,149,149,149,149,149,149,,149,149,199,149,149,149,199,,149,,149,149,,,149,149,,,,
Y,149,,149,149,149,149,149,149,149,149,149,149,,149,149,239,149,149,149,229,,149,,149,149,,,149,149,,,,
Y,239,289,269,279,249,249,239,239,239,239,249,229,,229,229,249,269,269,269,269,,289,,279,239,,,249,269,,,,
Y,239,289,269,279,249,249,239,239,239,239,249,229,,229,229,249,269,269,269,269,,289,,279,239,,,249,269,,,,
Y,209,249,259,259,259,209,169,239,189,209,259,199,,169,199,179,256,189,219,239,,259,,259,209,,,199,189,,,,
Y,359,449,399,409,399,299,379,379,369,379,399,339,,369,299,379,369,399,409,369,,319,,409,379,,,299,409,,,,
Y,229,339,279,309,269,249,259,239,239,279,259,239,,259,239,269,249,319,289,299,,289,,309,249,,,269,269,,,,
Y,139,149,,149,,149,139,100,139,149,,149,,149,149,139,139,149,149,100,,149,,149,149,,,100,149,,,,
Y,149,149,100,149,100,149,149,149,149,149,100,149,,149,149,149,149,149,149,169,,149,,149,149,,,100,149,,,,
Y,149,149,149,149,149,149,149,149,149,149,149,149,,149,149,199,149,149,149,199,,149,,149,149,,,149,149,,,,
Y,149,149,149,149,149,149,149,149,149,149,149,149,,149,149,239,149,149,149,229,,149,,149,149,,,149,149,,,,
Y,39,39,59,69,59,39,39,39,49,39,59,59,,39,59,39,39,39,39,39,,39,,69,39,,,,39,,,,
Y,539,579,669,689,579,629,449,619,539,539,689,468,,439,468,529,579,649,549,679,,609,,699,639,,,599,589,,,,
Y,199,229,209,229,209,199,139,199,139,199,209,169,,139,169,169,239,159,199,199,,229,,229,199,,,129,159,,,,
Y,329,389,299,349,299,329,339,339,319,329,299,319,,339,349,359,339,379,379,339,,369,,359,339,,,299,359,,,,
Y,489,539,559,549,539,529,469,499,519,449,559,599,,469,599,519,479,519,499,519,,519,,549,499,,,459,549,,,,
Y,139,149,,149,,149,139,100,139,149,,149,,149,149,139,139,149,149,100,,149,,149,149,,,100,149,,,,
Y,149,149,100,149,100,149,149,149,149,149,100,149,,149,149,149,149,149,149,169,,149,,149,149,,,100,149,,,,
Y,149,149,149,149,149,149,149,149,149,149,149,149,,149,149,199,149,149,149,199,,149,,149,149,,,149,149,,,,
Y,149,149,149,149,149,149,149,149,149,149,149,149,,149,149,239,149,149,149,229,,149,,149,149,,,149,149,,,,
Y,139,149,,149,,149,139,100,139,149,,149,,149,149,139,139,149,149,100,,149,,149,149,,,100,149,,,,
Y,149,149,100,149,100,149,149,149,149,149,100,149,,149,149,149,149,149,149,169,,149,,149,149,,,100,149,,,,
Y,149,149,149,149,149,149,149,149,149,149,149,149,,149,149,199,149,149,149,199,,149,,149,149,,,149,149,,,,
Y,149,149,149,149,149,149,149,149,149,149,149,149,,149,149,239,149,149,149,229,,149,,149,149,,,149,149,,,,
Y,39,35,79,60,69,,30,30,30,30,69,50,,30,50,30,40,40,40,30,,35,,60,,,,30,40,,,,
Y,39,35,89,60,69,,30,30,30,30,69,50,,30,50,30,40,40,40,30,,35,,60,,,,,40,,,,
Y,319,,,,,,,,,,,,,,,379,,,,,,,,,,,,,,,,,
Y,179,189,189,219,179,189,219,199,199,189,189,199,,219,199,219,219,199,199,199,,189,,219,169,,,179,229,,,,
Y,149,149,,149,,149,139,100,139,149,,149,,149,149,139,139,149,149,100,,149,,149,149,,,100,149,,,,
Y,149,149,100,149,100,149,149,149,149,149,100,149,,149,149,149,149,149,149,169,,149,,149,149,,,100,149,,,,
Y,149,149,149,149,149,149,149,149,149,149,149,149,,149,149,199,149,149,149,199,,149,,149,149,,,149,149,,,,
Y,149,149,149,149,149,149,149,149,149,149,149,149,,149,149,239,149,149,149,229,,149,,149,149,,,149,149,,,,
Y,449,569,559,519,579,469,569,549,489,469,569,499,,569,499,569,529,569,529,569,,569,,519,499,,,459,559,,,,
Y,56,56,58,69,68,68,63,68,68,68,68,49,,63,49,63,69,69,56,68,,58,,69,68,,,68,69,,,,
Y,25,25,29,15,29,25,25,25,25,25,29,,,25,,25,25,25,25,25,,25,,15,25,,,,25,,,,
Y,40,40,,50,,,,,,,,35,,,35,,30,30,30,,,40,,50,20,,,,30,,,,
Y,25,25,39,45,39,25,30,,25,25,39,40,,30,40,30,25,25,25,,,25,,45,25,,,25,25,,,,
Y,25,15,,15,,30,25,25,25,25,,39,,25,39,25,25,25,25,25,,15,,15,15,,,15,25,,,,
Y,499,331,,,,,,,,,,500,,,500,,,,,,,331,,,,,,200,,,,,
Y,249,100,,,,249,,,,249,,,,,,,,,,,,269,,,249,,,,,,,,
Y,439,559,449,429,499,459,459,459,479,439,499,479,,459,479,519,439,559,489,459,,519,,419,439,,,419,489,,,,
Y,149,100,,,,,129,,149,149,,149,,129,149,139,149,149,149,,,100,,,,,,,149,,,,
Y,25,35,50,60,50,,30,59,,,50,,,30,,39,40,40,40,59,,35,,60,20,,,40,40,,,,
Y,109,,,,,,100,,100,100,,149,,100,149,100,100,100,100,,,,,,,,,,100,,,,
Y,149,100,,,,,139,,149,149,,149,,139,149,199,149,149,149,,,109,,,,,,,149,,,,
Y,439,489,479,419,369,399,389,429,429,429,369,589,,389,469,559,599,419,429,449,,499,,419,639,,,599,419,,,,
Y,559,599,579,539,449,529,529,539,559,559,449,729,,529,579,649,699,529,549,559,,589,,539,799,,,839,519,,,,
Y,169,189,159,169,200,200,179,189,179,179,200,,,179,,249,199,149,179,189,,200,,169,200,,,199,109,,,,
Y,199,239,209,249,289,279,239,229,209,209,289,260,,239,240,279,199,229,279,229,,279,,249,279,,,259,199,,,,
Y,149,100,,,,100,149,,149,149,,149,,149,149,239,149,149,149,,,119,,,,,,,149,,,,
Y,229,289,259,289,339,319,259,279,249,249,339,280,,259,260,329,249,269,289,279,,329,,289,359,,,299,239,,,,
Y,189,239,209,249,289,279,239,229,209,209,289,260,,239,240,279,199,229,279,229,,279,,249,279,,,259,199,,,,
Y,209,289,259,289,339,319,259,279,249,249,339,280,,259,260,329,249,269,289,279,,329,,289,359,,,299,239,,,,
Y,199,239,209,249,289,279,239,229,209,209,289,240,,239,240,279,199,229,279,229,,279,,249,279,,,259,199,,,,
Y,229,289,259,289,339,319,259,279,249,249,339,260,,259,260,329,249,269,289,279,,329,,289,359,,,299,239,,,,
Y,100,,,,,140,,,,,,,,100,,,,189,189,,,,,,,,,140,189,,,,
Y,169,189,159,169,200,200,179,189,179,179,200,,,179,,249,199,109,179,189,,200,,169,200,,,199,109,,,,
Y,139,99,100,99,100,89,100,69,139,139,100,129,,100,129,100,139,,139,,,129,,99,79,,,89,139,,,,
Y,169,189,159,169,200,200,179,189,179,179,200,,,179,,249,199,109,179,189,,129,,169,200,,,199,109,,,,
Y,149,149,,149,,149,139,100,139,149,,149,,149,149,139,139,149,149,100,,149,,149,149,,,100,149,,,,
Y,149,149,100,149,100,149,149,149,149,149,100,149,,149,149,149,149,149,149,169,,149,,149,149,,,100,149,,,,
Y,149,149,149,149,149,149,149,149,149,149,149,149,,149,149,199,149,149,149,199,,149,,149,149,,,149,149,,,,
Y,149,149,149,149,149,149,149,149,149,149,149,149,,149,149,239,149,149,149,229,,149,,149,149,,,149,149,,,,
Y,219,200,200,289,200,200,299,249,200,200,219,200,,299,200,309,279,309,200,279,,,,289,200,,,200,279,,,,
Y,289,319,309,429,279,380,369,319,309,309,299,319,,359,319,389,359,379,349,339,,,,429,329,,,329,359,,,,
Y,329,369,359,459,329,420,419,359,349,349,329,360,,419,359,419,389,429,389,379,,,,459,379,,,379,389,,,,
Y,259,229,249,279,259,259,309,279,229,,259,219,,309,219,319,299,279,299,249,,,,279,309,,,249,279,,,,
Y,389,319,319,439,349,389,399,359,329,,349,329,,399,329,379,369,369,369,319,,,,439,419,,,369,379,,,,
Y,429,419,369,459,379,429,429,419,359,,389,389,,419,369,419,419,419,539,379,,,,459,469,,,399,419,,,,
Y,259,229,249,279,259,259,309,279,229,,259,219,,309,219,319,299,,299,249,,,,279,309,,,249,279,,,,
Y,389,319,319,439,349,389,399,359,329,,349,329,,399,329,379,369,,369,319,,,,439,419,,,369,379,,,,
Y,1999,1829,1999,1799,1999,1999,1449,1799,,1999,1999,1410,,1479,1410,1499,,,,1399,,1999,,1799,1999,,,1899,,,,,
Y,429,419,369,459,379,429,429,419,359,,389,389,,419,369,419,419,,539,379,,,,459,469,,,399,419,,,,
Y,249,200,249,279,249,249,299,249,219,249,249,219,,309,219,319,299,309,299,239,,,,279,279,,,249,279,,,,
Y,349,339,319,439,329,349,339,329,319,349,329,319,,399,329,379,369,379,369,319,,,,439,379,,,329,369,,,,
Y,379,409,359,449,379,379,379,359,349,379,379,369,,429,359,419,419,419,539,379,,,,449,409,,,399,419,,,,
Y,49,40,119,119,99,30,119,69,119,45,119,59,,119,59,119,99,39,39,59,,40,,119,40,,,89,39,,,,
Y,419,429,319,419,399,419,399,399,289,419,419,299,,399,299,419,349,419,419,399,,429,,419,419,,,399,399,,,,
Y,29,25,30,70,79,25,50,30,39,39,79,50,,50,,50,50,50,,,,25,,70,25,,,30,50,,,,
Y,299,349,289,369,359,299,319,319,339,299,349,279,,329,279,329,399,369,369,299,,379,,359,299,,,299,369,,,,
Y,449,459,399,449,429,449,469,399,449,449,429,419,,469,419,479,419,439,479,419,,459,,439,449,,,439,469,,,,
Y,519,499,449,499,469,519,519,499,549,519,449,469,,509,469,519,489,499,529,479,,499,,489,529,,,499,499,,,,
Y,299,349,289,369,359,299,319,319,339,299,349,279,,329,279,329,399,369,369,299,,379,,359,299,,,299,369,,,,
Y,449,459,399,449,429,449,469,399,449,449,429,419,,469,419,479,419,439,479,419,,459,,439,449,,,439,469,,,,
Y,249,229,249,279,249,249,299,249,219,249,249,219,,309,219,319,299,309,299,239,,,,279,279,,,249,279,,,,
Y,519,499,449,499,469,519,519,499,549,519,449,469,,509,469,519,489,499,529,479,,499,,489,529,,,499,499,,,,
Y,349,359,319,439,329,349,339,329,319,349,329,319,,399,329,379,369,379,369,319,,,,439,379,,,329,369,,,,
Y,379,429,359,449,379,379,379,359,349,379,379,369,,429,359,419,419,419,539,379,,,,449,409,,,399,419,,,,
Y,100,109,,,,,,,100,,,,,,,,,100,100,,,119,,,,,,,100,,,,
Y,100,139,,,,100,,,100,100,,,,,,199,,100,100,,,159,,,,,,100,100,,,,
Y,100,159,,,,130,,,100,159,,,,,,,,100,100,,,179,,,,,,130,100,,,,
Y,299,349,289,369,359,299,319,319,339,299,349,279,,329,279,329,399,369,369,299,,379,,359,299,,,299,369,,,,
Y,449,459,399,449,429,449,469,399,449,449,429,419,,469,419,479,419,439,479,419,,459,,439,449,,,439,469,,,,
Y,629,769,799,739,649,639,559,679,589,659,619,599,,569,599,599,649,759,639,749,,579,,739,639,,,659,699,,,,
Y,629,699,799,739,639,639,559,659,579,659,599,599,,569,599,599,629,719,669,749,,639,,739,639,,,659,629,,,,
Y,519,499,449,499,469,519,519,499,549,519,449,469,,509,469,519,489,499,529,479,,499,,489,529,,,499,499,,,,
Y,229,159,249,249,219,239,239,249,259,239,229,159,,229,159,239,259,169,189,189,,139,,249,229,,,169,139,,,,
Y,100,139,,,,100,,,100,100,,,,,,,,100,100,,,159,,,,,,100,100,,,,
Y,100,159,,,,130,,,100,159,,,,,,,,100,100,,,179,,,,,,130,100,,,,
Y,39,30,30,60,59,50,50,,59,39,59,30,,50,30,50,30,30,30,,,30,,60,50,,,35,30,,,,
Y,359,359,319,359,319,359,339,349,329,359,319,339,,339,339,359,339,299,299,329,,339,,359,339,,,359,319,,,,
Y,289,,,,,179,239,,,,,,,239,,,,,,,,179,,,,,,179,,,,,
Y,100,159,,,,130,,,,,,100,,,100,,,,,,,179,,,,,,130,,,,,
Y,299,299,299,359,299,329,299,269,,279,289,329,,299,329,319,,269,269,289,,319,,359,289,,,299,319,,,,
Y,639,659,799,759,699,639,619,649,,639,639,639,,629,639,619,,799,699,609,,639,,759,639,,,589,679,,,,
Y,889,1029,999,1049,899,889,789,869,,889,929,929,,799,929,809,,1009,1019,909,,889,,1049,889,,,819,989,,,,
Y,899,1029,969,969,899,919,769,909,839,899,919,879,,789,858,839,879,959,909,959,,929,,969,889,,,869,949,,,,
Y,889,979,999,969,879,889,769,839,809,889,879,839,,779,839,799,859,929,949,899,,899,,969,889,,,869,859,,,,
Y,79,69,119,,119,,149,,79,79,119,,,179,,189,99,89,89,,,,,,,,,99,79,,,,
Y,199,189,199,239,199,199,199,199,219,199,199,219,,199,219,219,229,199,199,199,,199,,239,289,,,149,299,,,,
Y,149,149,,149,,,139,100,139,149,,149,,149,149,139,139,149,149,100,,149,,149,149,,,100,149,,,,
Y,149,149,100,149,100,,149,149,149,149,100,149,,149,149,149,149,149,149,169,,149,,149,149,,,100,149,,,,
Y,149,149,149,149,149,,149,149,149,149,149,149,,149,149,199,149,149,149,199,,149,,149,149,,,149,149,,,,
Y,149,149,149,149,149,,149,149,149,149,149,149,,149,149,239,149,149,149,229,,149,,149,149,,,149,149,,,,
Y,629,729,799,779,649,639,599,669,599,639,619,639,,659,629,639,,699,679,669,,619,,779,629,,,649,669,,,,
Y,919,1039,1019,1069,899,949,859,899,889,929,859,929,,829,929,899,,989,988,979,,919,,1069,919,,,849,949,,,,
Y,299,299,299,349,299,329,,279,,279,299,339,,,339,,,269,269,269,,319,,349,289,,,299,299,,,,
Y,39,35,35,30,40,30,30,30,30,30,40,40,,30,40,30,10,10,10,30,,39,,30,,,,30,10,,,,
Y,259,229,249,279,259,259,309,279,229,259,259,219,,309,219,319,299,309,299,249,,,,279,309,,,259,279,,,,
Y,429,419,369,459,379,429,429,419,359,429,389,389,,419,369,419,419,419,539,379,,,,459,469,,,429,419,,,,
Y,259,219,249,279,249,259,309,279,219,259,249,219,,309,219,319,289,309,299,289,,,,279,299,,,219,279,,,,
Y,389,409,359,449,389,389,429,399,349,389,389,360,,429,360,429,429,419,539,379,,,,449,459,,,379,389,,,,
Y,249,200,249,279,249,249,299,249,219,249,249,219,,309,219,319,299,309,299,239,,,,279,279,,,249,279,,,,
Y,379,409,359,449,379,379,379,359,349,379,379,369,,429,359,419,419,419,539,379,,,,449,409,,,399,419,,,,
Y,109,100,149,149,149,260,259,69,120,120,149,200,,249,200,259,100,99,109,99,,100,,149,100,,,100,100,,,,
Y,209,239,259,279,249,209,289,299,200,209,249,219,,289,219,299,269,239,239,289,,279,,279,249,,,200,249,,,,
Y,39,30,59,50,59,30,39,,30,30,59,50,,39,50,39,30,30,30,,,39,,50,30,,,30,30,,,,
Y,39,30,59,50,59,30,30,,40,30,59,50,,30,50,30,30,30,30,,,39,,50,30,,,30,30,,,,
Y,39,,49,60,49,30,30,,30,30,49,40,,30,40,30,40,40,40,,,50,,60,30,,,30,40,,,,
Y,39,35,89,30,59,30,,30,30,30,59,30,,,30,,10,10,10,30,,35,,30,40,,,49,10,,,,
Y,80,50,149,149,149,50,120,80,60,50,149,159,,120,159,120,199,99,50,80,,50,,149,50,,,100,50,,,,
Y,200,,,,,,,,,,,200,,,,,,,,,,200,,,,,,,,,,,
Y,319,,,,,,369,,,199,,,,369,,409,,,,,,,,,,,,,,,,,
Y,349,339,319,439,329,349,339,329,319,349,329,319,,399,329,379,369,379,369,319,,,,439,379,,,349,369,,,,
Y,389,319,319,439,349,389,399,359,329,389,349,329,,399,329,379,369,379,369,319,,,,439,419,,,389,379,,,,
Y,299,269,249,279,259,299,369,249,279,299,259,239,,369,239,379,339,389,419,329,,359,,279,299,,,299,389,,,,
Y,459,519,429,509,349,459,479,349,459,459,379,399,,479,379,499,419,479,509,399,,429,,509,459,,,449,499,,,,
Y,339,329,329,429,329,339,399,349,329,339,329,339,,399,339,399,349,379,349,329,,,,429,409,,,349,349,,,,
Y,229,229,249,279,249,229,309,269,200,229,249,200,,309,200,319,279,309,200,249,,,,279,279,,,200,279,,,,
Y,339,369,329,429,349,339,399,349,329,339,349,339,,399,339,399,349,379,379,329,,,,429,379,,,329,349,,,,
Y,389,399,389,449,389,389,429,419,369,389,389,419,,429,379,429,389,419,389,379,,,,449,419,,,379,399,,,,
Y,389,429,379,449,379,389,419,379,349,389,379,379,,419,369,419,399,419,399,379,,,,449,419,,,379,399,,,,
Y,289,,,,,,329,,,199,,,,329,,379,,,,,,149,,,,,,,,,,,
Y,199,,,,,,,,,,,,,,,409,,,,,,,,,,,,329,,,,,
Y,299,269,249,279,259,299,369,249,279,299,259,239,,369,239,379,339,389,419,329,,359,,279,299,,,299,389,,,,
Y,459,519,429,509,349,459,479,349,459,459,379,399,,479,379,499,419,479,509,399,,429,,509,459,,,449,499,,,,
Y,519,549,449,539,439,509,569,419,539,509,469,449,,569,399,559,539,549,589,469,,529,,539,519,,,449,529,,,,
Y,80,79,119,99,149,70,119,79,69,50,99,50,,119,50,129,99,99,99,59,,129,,99,99,,,99,99,,,,
Y,339,369,309,429,329,339,399,329,309,339,329,320,,399,320,379,349,379,349,309,,,,429,379,,,329,349,,,,
Y,229,229,249,279,249,229,309,269,200,229,249,200,,309,200,319,279,309,279,239,,,,279,279,,,200,279,,,,
Y,479,509,469,519,439,479,469,399,439,479,459,399,,469,419,499,429,499,509,419,,469,,519,479,,,469,499,,,,
Y,519,589,539,639,499,519,569,439,459,519,539,489,,569,469,569,499,579,579,469,,539,,639,519,,,519,579,,,,
Y,519,549,449,539,439,509,569,419,539,509,469,449,,569,399,559,539,549,589,469,,529,,539,519,,,449,529,,,,
Y,129,100,,149,129,100,139,119,119,100,129,149,,149,149,139,129,100,100,119,,100,,149,99,,,119,100,,,,
Y,149,149,100,149,100,149,149,149,149,149,100,149,,149,149,149,149,149,149,149,,149,,149,149,,,149,149,,,,
Y,349,399,379,359,379,349,319,339,299,349,379,249,,329,249,299,339,369,379,399,,369,,359,349,,,349,389,,,,
Y,1059,1289,1049,1229,999,1059,949,1039,969,1059,999,1119,,949,1109,1059,1099,1219,1069,1169,,1089,,1229,1059,,,1009,1119,,,,
Y,100,,,,,,,,,,,,,,,309,,,,,,100,,,,,,,,,,,
Y,468,409,,689,,479,459,469,489,479,,,,459,,489,,589,629,489,,439,,689,479,,,408,588,,,,
Y,149,129,119,179,159,169,139,129,99,99,159,119,,139,119,139,,119,119,139,,159,,179,119,,,119,119,,,,
Y,199,,209,,289,,,229,209,179,289,280,,,280,,199,199,199,229,,,,,189,,,259,199,,,,
Y,200,159,349,279,359,220,250,289,199,199,349,300,,250,300,259,229,229,229,299,,159,,279,189,,,200,229,,,,
Y,899,889,899,909,779,899,729,799,719,899,799,819,,709,819,789,829,939,789,889,,869,,909,899,,,859,879,,,,
Y,149,149,149,149,149,149,149,149,149,149,149,149,,149,149,199,149,149,149,179,,149,,149,149,,,149,149,,,,
Y,149,149,149,149,149,149,149,149,149,149,149,149,,149,149,239,149,149,149,199,,149,,149,149,,,149,149,,,,
Y,479,509,469,519,439,479,469,399,439,479,459,399,,469,419,499,429,499,509,419,,469,,519,479,,,469,499,,,,
Y,519,589,539,639,499,519,569,439,459,519,539,489,,569,469,569,499,579,579,469,,539,,639,519,,,519,579,,,,
Y,299,319,289,389,299,299,369,269,289,299,299,259,,369,239,379,259,399,389,269,,349,,389,299,,,289,329,,,,
Y,299,319,289,389,299,299,369,269,289,299,299,259,,369,239,379,259,399,389,269,,349,,389,299,,,289,329,,,,
Y,279,299,289,289,299,269,269,279,279,269,299,160,,279,160,299,299,279,259,269,,,,289,239,,,319,269,,,,
Y,339,379,299,369,329,349,349,299,349,339,359,219,,349,229,379,309,359,289,339,,,,369,299,,,359,339,,,,
Y,909,889,769,799,879,909,759,769,689,799,889,729,,769,729,729,779,829,769,799,,949,,799,909,,,899,769,,,,
Y,269,,,,,,,,,100,,200,,,,309,,,,,,100,,,,,,,,,,,
Y,619,809,779,659,779,719,729,829,779,719,779,500,,749,500,769,829,759,719,869,,799,,659,719,,,699,809,,,,
Y,319,349,299,419,359,319,349,339,419,319,359,349,,349,349,349,399,369,369,319,,379,,419,369,,,379,369,,,,
Y,469,459,419,489,439,469,489,419,519,469,439,439,,489,439,499,419,439,479,439,,459,,489,469,,,419,469,,,,
Y,539,499,449,519,469,529,539,519,599,539,459,539,,539,539,539,489,499,529,499,,519,,519,539,,,459,499,,,,
Y,469,529,549,539,529,519,459,489,419,439,559,549,,439,549,499,429,499,489,499,,499,,519,489,,,489,539,,,,
Y,469,529,549,539,529,519,459,489,419,439,559,549,,439,549,499,429,499,489,499,,499,,519,489,,,489,539,,,,
Y,40,30,75,60,75,49,50,69,40,40,69,50,,50,50,35,40,40,40,69,,25,,60,59,,,49,40,,,,
Y,35,30,49,45,69,25,30,25,40,25,69,20,,30,20,30,30,25,25,25,,20,,45,35,,,,25,,,,
Y,879,989,,969,869,879,,839,,849,869,,,,,,,949,919,899,,869,,969,879,,,789,919,,,,
Y,719,879,799,819,679,719,689,719,749,729,699,769,,699,769,749,739,819,799,889,,739,,819,749,,,639,759,,,,
Y,130,129,150,179,299,120,150,129,150,150,299,200,,150,200,150,179,139,139,129,,129,,179,120,,,169,139,,,,
Y,129,50,139,149,139,100,169,,129,129,139,129,,169,129,219,159,119,129,,,100,,149,109,,,100,109,,,,
Y,729,839,669,789,729,529,629,719,669,719,699,679,,669,679,699,,769,749,729,,679,,789,489,,,669,749,,,,
Y,809,799,699,799,779,809,659,759,659,809,769,619,,669,619,649,,799,779,809,,859,,799,809,,,699,719,,,,
Y,160,199,249,189,249,199,250,179,159,159,249,300,,250,300,250,299,149,149,169,,199,,189,199,,,120,149,,,,
Y,399,389,359,389,349,399,399,399,369,399,349,379,,399,349,419,399,339,339,379,,379,,389,399,,,399,359,,,,
Y,319,,,,,,259,,,,,,,259,,,,,,,,349,,,,,,,,,,,
Y,619,699,599,719,639,509,609,489,579,589,629,,,609,,629,,629,669,499,,559,,719,629,,,569,639,,,,
Y,899,619,699,819,649,869,589,869,519,869,699,579,,619,579,699,,,,899,,879,,819,869,,,599,,,,,
Y,299,369,319,279,349,299,289,199,299,299,319,189,,319,139,299,259,249,269,269,,299,,289,299,,,299,249,,,,
Y,79,69,,139,,119,149,,79,149,,79,,179,59,189,,89,,,,169,,139,69,,,99,79,,,,
Y,299,339,469,609,449,229,309,529,279,289,449,379,,309,379,399,549,559,529,499,,449,,609,199,,,399,559,,,,
Y,100,99,90,149,119,110,100,100,60,100,119,50,,100,50,139,129,109,109,60,,99,,149,99,,,60,109,,,,
Y,679,859,689,829,659,679,629,729,639,699,669,789,,639,789,679,769,869,699,859,,729,,829,679,,,679,789,,,,
Y,1009,1239,1029,1219,1009,1039,939,1079,989,1059,1019,1109,,979,1109,1079,1119,1279,1049,1189,,1099,,1229,1039,,,999,1149,,,,
Y,1069,1329,1099,1329,1049,1099,1009,1139,1059,1119,1069,1209,,1029,1199,1119,1199,1339,1119,1279,,1169,,1329,1099,,,1059,1229,,,,
Y,789,879,759,909,729,789,699,799,779,789,789,809,,689,809,769,819,949,749,909,,799,,909,819,,,759,819,,,,
Y,1189,1339,1129,1399,1079,1189,1039,1199,1169,1169,1079,1229,,1069,1219,1129,1219,1399,1139,1359,,1199,,1399,1189,,,1109,1239,,,,
Y,919,919,919,979,859,919,749,819,769,919,839,959,,729,959,819,879,959,879,909,,889,,979,919,,,879,899,,,,
Y,1249,1319,1139,1479,1179,1249,1129,1179,1109,1249,1189,1419,,1119,1419,1159,1189,1499,1219,1279,,1219,,1479,1249,,,1189,1259,,,,
Y,319,369,289,349,319,319,309,329,299,319,299,289,,309,329,329,319,369,319,299,,369,,359,319,,,319,339,,,,
Y,1349,1369,1229,1589,1229,1349,1169,1269,1259,1349,1229,1509,,1159,1499,1219,1329,1579,1289,1369,,1289,,1589,1349,,,1289,1319,,,,
Y,949,939,939,1059,899,949,799,869,889,949,869,1039,,789,1039,879,919,979,909,929,,919,,1059,949,,,899,919,,,,
Y,1259,1329,1159,1559,1189,1259,1139,1339,1139,1259,1209,1489,,1139,1489,1189,1199,1519,1229,1299,,1239,,1559,1259,,,1219,1279,,,,
Y,1359,1389,1249,1669,1249,1359,1179,1409,1289,1359,1249,1589,,1179,1579,1239,1359,1599,1299,1389,,1319,,1669,1359,,,1299,1339,,,,
Y,649,739,799,809,699,649,619,679,639,649,669,639,,619,639,599,,849,729,669,,679,,809,649,,,629,689,,,,
Y,899,1029,1039,1049,939,889,769,859,869,889,919,929,,779,929,829,,1019,1029,959,,919,,1049,899,,,849,948,,,,
Y,210,200,399,269,299,219,250,200,219,200,299,300,,219,300,250,239,229,229,200,,200,,269,179,,,200,229,,,,
Y,969,959,859,889,949,969,839,899,759,969,969,799,,849,799,799,,899,889,899,,859,,889,969,,,969,849,,,,
Y,259,419,419,389,379,249,399,359,249,349,379,249,,399,249,369,399,359,409,419,,479,,389,299,,,369,419,,,,
Y,229,159,249,249,219,239,239,249,259,239,229,159,,229,159,239,259,169,189,189,,139,,249,229,,,169,139,,,,
Y,120,,,149,,,,,120,120,,,,,,,119,129,129,,,,,149,,,,59,129,,,,
Y,329,369,319,349,339,329,319,369,319,339,349,299,,319,339,329,349,369,339,349,,369,,359,329,,,339,359,,,,
Y,889,969,839,1009,839,879,749,829,859,879,839,829,,759,829,769,799,1009,969,919,,899,,1009,889,,,799,889,,,,
Y,799,899,819,789,789,789,719,789,689,769,819,679,,759,679,739,769,799,849,899,,829,,779,789,,,779,769,,,,
Y,389,469,439,419,459,399,399,429,469,399,439,469,,399,469,439,429,469,419,419,,459,,409,429,,,399,469,,,,
Y,389,499,369,389,389,399,389,349,419,389,399,289,,379,279,399,359,399,299,369,,,,389,329,,,389,369,,,,
Y,10,40,30,30,30,,30,30,30,35,30,30,,30,30,30,30,30,30,30,,40,,30,30,,,30,30,,,,
Y,639,809,629,709,579,639,519,609,529,639,579,679,,549,679,539,649,729,619,689,,639,,719,639,,,619,669,,,,
Y,289,269,229,149,229,239,359,239,279,279,229,229,,359,229,359,149,319,449,239,,269,,149,229,,,239,309,,,,
Y,139,189,199,219,219,110,169,209,149,149,179,200,,159,200,189,179,179,179,209,,219,,219,99,,,100,179,,,,
Y,259,259,199,149,199,219,269,219,249,249,199,199,,269,199,269,149,289,369,219,,249,,149,199,,,219,279,,,,
Y,199,239,169,149,179,199,199,189,199,199,179,189,,199,189,199,149,249,269,189,,219,,149,179,,,199,219,,,,
Y,199,199,179,219,199,199,229,199,199,199,199,180,,219,180,259,229,179,159,199,,199,,219,199,,,199,179,,,,
Y,299,299,279,349,319,329,329,269,329,279,319,299,,339,299,319,,269,269,259,,319,,349,289,,,259,299,,,,
Y,25,,,,,,,,25,25,,15,,,15,,,,,,,,,,,,,,,,,,
Y,99,50,129,339,129,89,90,149,119,119,79,100,,90,100,149,139,99,99,109,,50,,339,139,,,79,99,,,,
Y,789,859,829,819,719,789,699,789,689,789,699,699,,699,699,729,729,839,799,799,,809,,819,789,,,719,799,,,,
Y,959,1189,1049,1119,939,959,879,979,909,929,989,959,,829,959,989,999,1129,999,1069,,1059,,1119,969,,,939,1109,,,,
Y,619,,629,709,559,619,579,619,529,619,,679,,579,679,619,619,729,669,749,,,,709,,,,549,,,,,
Y,199,169,279,299,239,199,239,199,269,199,249,250,,249,250,229,239,199,259,229,,169,,299,239,,,189,199,,,,
Y,289,359,269,339,299,289,299,289,299,289,299,299,,299,299,309,299,389,319,299,,329,,339,289,,,279,319,,,,
Y,469,559,459,529,459,469,459,469,469,469,469,489,,459,479,469,499,559,499,469,,499,,529,469,,,429,529,,,,
Y,419,559,299,459,389,419,329,389,329,359,399,349,,319,359,349,389,479,439,559,,429,,459,419,,,399,399,,,,
Y,769,819,849,989,849,829,769,839,889,779,839,799,,809,799,829,,799,699,869,,739,,989,789,,,819,799,,,,
Y,319,179,319,309,299,219,259,219,279,219,299,259,,259,269,239,269,219,259,239,,179,,309,249,,,199,219,,,,
Y,1089,1229,1099,1239,1059,1089,1019,1109,1059,1089,1079,1129,,999,1119,1129,1139,1239,1119,1209,,1139,,1239,1129,,,1049,1169,,,,
Y,959,1149,959,1109,959,959,969,969,999,959,1049,1089,,969,1089,1019,999,1259,1099,989,,1089,,1109,1039,,,949,1129,,,,
Y,1309,1349,1199,1519,1209,1309,1139,1249,1239,1259,1209,1309,,1139,1309,1189,1299,1559,1209,1349,,1269,,1519,1309,,,1259,1299,,,,
Y,1109,1289,1109,1299,1049,1109,1059,1099,1079,1119,1049,1199,,1089,1199,1099,1179,1319,1169,1149,,1139,,1299,1109,,,999,1259,,,,
Y,1699,,,,2059,,,1999,1789,1699,1589,1799,,,1799,,,1699,1699,1469,,,,,1499,,,1489,1699,,,,
Y,1199,1379,1199,1389,1139,1199,1189,1199,1259,1219,1139,1279,,1179,1279,1199,1269,1419,1259,1289,,1229,,1389,1199,,,1099,1349,,,,
Y,1079,1229,1019,1269,1019,1079,989,1099,999,1069,1019,1119,,999,1119,1069,1139,1279,1099,1229,,1109,,1269,1079,,,1049,1139,,,,
Y,807,729,699,849,,679,689,,889,877,,,,669,,719,939,899,889,,,699,,849,,,,699,919,,,,
Y,100,179,,,,129,139,,100,100,,119,,139,119,139,109,109,109,,,109,,,,,,,109,,,,
Y,50,70,99,70,99,50,,,70,70,99,,,,,,50,50,,,,70,,70,,,,50,50,,,,
Y,2319,2359,2559,2269,2499,2259,2189,2199,2239,2219,2499,2499,,2179,2499,2149,,2219,2199,2269,,2699,,2269,2159,,,2279,2199,,,,
Y,100,159,,,,,,,,,,,,,,,,,,,,179,,,,,,,,,,,
Y,819,849,,,,,,,909,908,,,,,,,,,,,,,,,,,,649,,,,,
Y,819,849,,,,,,,919,918,,,,,,,,,,,,,,,,,,649,,,,,
Y,829,849,,,,,,,899,898,,,,,,,,,,,,,,,,,,649,,,,,
Y,100,139,,,,,,,,,,,,,,199,100,100,100,,,159,,,,,,,100,,,,
Y,100,159,,,,,,,,,,,,,,,179,179,100,,,179,,,,,,,179,,,,
Y,479,479,629,549,629,409,499,539,519,619,629,439,,509,429,499,479,579,529,529,,709,,549,459,,,399,519,,,,
Y,499,499,649,579,649,429,519,489,539,579,649,459,,529,449,529,499,569,555,559,,639,,579,479,,,439,509,,,,
Y,539,499,649,599,649,509,519,599,539,619,649,459,,539,449,529,509,639,579,589,,729,,599,559,,,539,539,,,,
Y,569,519,699,689,699,479,589,639,479,479,699,529,,559,529,569,589,608,659,709,,699,,689,499,,,699,578,,,,
Y,589,689,449,629,608,629,469,559,469,469,608,498,,479,479,549,529,529,569,689,,599,,629,589,,,599,519,,,,
Y,519,709,559,779,,,469,559,479,459,,,,469,,529,,669,699,679,,679,,779,,,,619,629,,,,
Y,259,219,249,279,249,100,309,259,199,259,249,219,,309,219,319,299,,,259,,,,279,309,,,259,,,,,
Y,389,319,319,439,339,,399,319,319,389,339,329,,399,329,379,349,,,299,,,,439,419,,,389,,,,,
Y,429,419,359,459,379,,419,379,369,429,379,369,,419,369,419,419,,,379,,,,459,469,,,429,,,,,
Y,259,239,249,279,259,,309,249,,259,259,219,,309,219,319,279,,,239,,,,279,299,,,259,,,,,
Y,339,319,309,429,329,,399,339,329,339,329,320,,399,320,379,349,,,309,,,,429,409,,,379,,,,,
Y,389,419,359,449,379,,419,399,369,389,379,399,,419,399,419,399,,,379,,,,449,459,,,419,,,,,
Y,639,569,729,629,749,639,569,689,589,649,759,529,,589,519,579,599,659,589,639,,829,,639,629,,,669,639,,,,
Y,289,269,229,149,229,239,359,239,279,279,229,229,,359,229,359,149,319,449,239,,269,,149,229,,,239,309,,,,
Y,259,259,199,149,199,219,269,219,249,249,199,199,,269,199,269,149,289,369,219,,249,,149,199,,,219,279,,,,
Y,199,239,169,149,179,199,199,189,199,199,179,189,,199,189,199,149,249,269,189,,219,,149,179,,,199,219,,,,
Y,289,269,229,149,229,239,359,239,279,279,229,229,,359,229,359,149,319,449,239,,269,,149,229,,,239,309,,,,
Y,259,259,199,149,199,219,269,219,249,249,199,199,,269,199,269,149,289,369,219,,249,,149,199,,,219,279,,,,
Y,199,239,169,149,179,199,199,189,199,199,179,189,,199,189,199,149,249,269,189,,219,,149,179,,,199,219,,,,
Y,56,56,,,,150,61,,180,180,,339,,61,330,119,69,69,56,,,56,,,95,,,61,69,,,,
Y,100,100,100,100,100,100,100,100,100,100,100,100,,100,100,100,100,100,100,100,,100,,100,100,,,100,100,,,,
Y,300,300,300,300,300,300,300,300,300,300,300,300,,300,300,300,300,300,300,300,,300,,300,300,,,300,300,,,,
Y,500,500,500,500,500,500,500,500,500,500,500,500,,500,500,500,500,500,500,500,,500,,500,500,,,500,500,,,,
Y,659,839,929,979,939,799,929,959,1049,729,899,909,,919,909,929,,869,879,999,,979,,979,889,,,839,999,,,,
Y,489,519,519,529,399,489,449,459,469,,399,549,,449,579,619,,499,479,489,,519,,599,729,,,599,499,,,,
Y,599,629,629,649,479,559,599,479,599,,479,599,,599,599,699,,869,599,879,,859,,699,849,,,729,599,,,,
Y,399,479,379,459,399,399,359,399,399,399,389,389,,369,389,399,419,489,399,399,,429,,469,399,,,379,469,,,,
Y,1029,1169,1019,1129,1019,1029,939,1049,999,1029,1019,1049,,919,1049,999,1069,1179,1039,1119,,1079,,1149,1029,,,999,1119,,,,
Y,1209,1289,1119,1409,1149,1209,1099,1159,1089,1159,1169,1209,,1099,1209,1139,1159,1479,1159,1259,,1199,,1409,1209,,,1159,1239,,,,
Y,1019,1169,949,1159,969,1019,919,1039,949,1009,959,1039,,939,1039,1029,1069,1219,1009,1139,,1049,,1169,1019,,,979,1089,,,,
Y,1009,1229,1009,1169,1009,1009,979,1009,969,1019,1009,1059,,989,1059,999,1049,1249,1089,1059,,1079,,1169,1009,,,889,1109,,,,
Y,719,779,799,879,799,779,729,769,769,729,799,729,,769,719,789,,759,639,779,,699,,889,739,,,779,759,,,,
Y,999,1219,979,1119,949,999,869,979,909,999,949,1029,,899,1029,959,1029,1159,989,1089,,1029,,1129,999,,,969,1019,,,,
Y,767,649,659,739,,639,599,,789,769,,,,619,,669,839,829,819,,,609,,759,,,,629,849,,,,
Y,859,1039,879,999,899,859,879,899,849,869,939,989,,869,989,939,889,1019,919,899,,929,,1019,859,,,829,899,,,,
Y,649,779,859,869,899,739,829,879,929,589,859,789,,829,789,899,,829,799,899,,889,,869,829,,,769,949,,,,
Y,1099,1319,1099,1279,1099,1099,1099,1109,1109,1119,1099,1149,,1119,1149,1159,1139,1339,1179,1199,,1169,,1279,1099,,,999,1199,,,,
Y,40,30,89,70,59,50,40,50,49,39,59,40,,40,40,50,50,50,50,50,,40,,70,50,,,40,50,,,,
Y,39,30,69,80,69,50,40,50,39,39,69,40,,40,40,50,50,50,50,50,,40,,80,35,,,40,50,,,,
Y,35,32,69,50,69,50,,50,35,35,69,40,,,40,50,30,30,30,50,,40,,50,,,,40,30,,,,
Y,25,40,89,50,59,50,30,50,49,25,59,50,,30,50,30,25,25,25,50,,40,,50,50,,,40,25,,,,
Y,269,159,269,289,229,189,229,189,249,179,239,139,,239,169,219,219,189,199,189,,159,,289,229,,,169,189,,,,
Y,30,30,49,79,49,30,10,30,40,30,49,50,,10,50,,35,30,30,30,,30,,79,30,,,,30,,,,
Y,69,69,60,60,60,69,60,60,60,69,60,60,,60,60,60,60,69,69,60,,69,,60,69,,,60,69,,,,
Y,480,480,,,,,,,,,,500,,,500,,,,,,,480,,,,,,549,,,,,
Y,110,89,149,189,149,100,110,100,100,100,149,100,,110,100,139,109,109,109,100,,89,,189,100,,,159,109,,,,
Y,1129,1269,1059,1289,1039,1129,979,1119,1019,1099,1039,1139,,989,1139,1089,1139,1339,1059,1279,,1139,,1289,1129,,,1069,1199,,,,
Y,599,729,739,699,719,549,659,649,539,549,699,539,,669,539,689,659,639,618,719,,609,,699,619,,,699,599,,,,
Y,589,719,549,639,499,589,559,579,549,589,499,549,,579,539,599,599,639,629,649,,599,,639,579,,,599,619,,,,
Y,899,1019,879,949,839,899,849,859,879,879,839,849,,819,849,889,829,939,949,949,,899,,949,869,,,799,909,,,,
Y,599,699,599,649,499,599,569,599,569,599,519,579,,589,559,599,599,659,639,639,,589,,649,589,,,599,619,,,,
Y,879,1009,879,969,779,849,799,869,849,879,829,789,,799,779,859,859,959,919,939,,889,,969,879,,,819,919,,,,
Y,439,,,,,,99,,,,,,,99,,,,,,,,,,,,,,,,,,,
Y,110,139,100,189,149,100,110,150,100,100,149,100,,110,100,149,159,109,109,150,,100,,189,100,,,159,109,,,,
Y,350,,,350,,,350,,350,350,,,,350,,350,,,,,,,,350,,,,,,,,,
Y,199,,,199,,,299,,199,199,,,,299,,299,,,,,,,,199,,,,,,,,,
Y,500,500,500,500,500,500,500,500,500,500,500,500,,500,500,500,500,500,500,,,500,,500,500,,,500,500,,,,
Y,25,,,,,,,,25,,,40,,,40,,,25,25,,,,,,,,,,,,,,
Y,49,,,,,29,,,,,,,,,,,,49,49,,,29,,,,,,,49,,,,
Y,25,39,39,49,39,39,39,39,39,39,39,39,,39,39,39,39,39,39,39,,39,,49,39,,,19,39,,,,
Y,169,279,189,179,189,269,399,199,199,259,189,199,,399,189,399,279,269,269,279,,269,,179,269,,,189,269,,,,
Y,159,249,179,169,179,239,299,189,189,229,179,189,,299,179,299,239,239,239,249,,239,,169,239,,,179,239,,,,
Y,149,219,169,159,169,219,239,179,179,219,169,179,,239,169,239,199,219,219,219,,219,,159,219,,,169,219,,,,
Y,149,279,189,179,189,269,399,199,199,259,189,199,,399,189,399,279,269,269,289,,269,,179,269,,,189,269,,,,
Y,149,249,179,169,179,239,299,189,189,229,179,189,,299,179,299,239,239,239,249,,239,,169,239,,,179,239,,,,
Y,149,219,169,159,169,219,239,179,179,219,169,179,,239,169,239,199,219,219,199,,219,,159,219,,,169,219,,,,
Y,149,289,189,179,189,269,399,199,199,259,189,199,,399,189,399,279,269,269,259,,269,,179,269,,,269,269,,,,
Y,149,269,179,169,179,239,299,189,189,229,179,189,,299,179,299,239,239,239,229,,239,,169,239,,,239,239,,,,
Y,149,239,169,159,169,219,239,179,179,219,169,179,,239,169,239,199,219,219,219,,219,,159,219,,,219,219,,,,
Y,100,99,119,159,99,110,99,100,100,100,99,,,99,,129,149,139,139,60,,99,,159,99,,,89,139,,,,
Y,279,299,299,299,279,279,279,289,299,279,299,299,,279,299,279,299,279,319,269,,279,,299,279,,,329,309,,,,
Y,279,299,299,299,279,279,279,289,299,279,299,299,,279,299,279,299,279,319,269,,279,,299,279,,,329,309,,,,
Y,500,500,500,500,500,500,500,500,500,500,500,500,,500,500,500,500,500,500,,,500,,500,500,,,500,500,,,,
Y,600,600,600,600,600,600,600,600,600,600,600,600,,600,600,600,600,600,600,600,,600,,600,600,,,600,600,,,,
Y,679,729,679,699,679,749,649,699,669,709,669,689,,649,689,689,729,699,729,719,,729,,699,749,,,699,729,,,,
Y,1069,1219,1069,1149,1139,1199,1089,1169,1009,1079,1119,1089,,1089,1089,1149,1189,1169,1179,1199,,1179,,1149,1189,,,1159,1189,,,,
Y,1099,1289,1099,1259,1189,1249,1139,1229,1159,1159,1199,1139,,1139,1139,1199,1249,1239,1239,1259,,1239,,1259,1249,,,1199,1259,,,,
Y,559,629,559,589,619,609,569,619,569,569,619,559,,569,559,619,599,619,599,619,,609,,589,659,,,599,609,,,,
Y,949,1109,949,1019,1059,1059,969,1049,909,959,1059,959,,969,959,1069,1069,1049,1059,1089,,1059,,1019,1069,,,1049,1079,,,,
Y,989,1159,989,1129,1099,1109,999,1099,1059,1059,1099,999,,999,999,1099,1119,1099,1099,1139,,1119,,1129,1119,,,1099,1119,,,,
Y,29,29,29,15,29,20,25,25,,20,29,29,,25,29,25,29,29,20,25,,20,,15,29,,,19,20,,,,
Y,279,299,299,299,279,279,279,289,319,279,299,299,,279,299,279,299,279,279,269,,279,,299,279,,,289,319,,,,
Y,700,700,700,700,700,700,700,700,700,700,700,700,,700,700,700,700,700,700,700,,700,,700,700,,,700,700,,,,
Y,299,299,299,309,299,299,299,299,299,299,299,299,,299,299,299,299,299,299,299,,299,,309,299,,,299,299,,,,
Y,299,299,299,309,299,299,299,299,299,299,299,299,,299,299,299,299,299,299,299,,299,,309,299,,,299,299,,,,
Y,929,929,989,1039,999,919,989,939,999,919,929,800,,989,800,989,989,1019,929,959,,939,,1039,919,,,919,939,,,,
Y,989,989,1079,1149,1069,979,1069,1019,1149,979,1019,1129,,1069,1129,1069,1179,1239,989,1039,,999,,1149,979,,,1019,999,,,,
Y,929,929,989,1039,999,919,989,939,999,919,929,800,,989,800,989,989,1019,929,959,,939,,1039,919,,,919,939,,,,
Y,989,989,1079,1149,1069,979,1069,1019,1149,979,1019,1129,,1069,1129,1069,1179,1239,989,1039,,999,,1149,979,,,1019,999,,,,
Y,929,929,989,1039,999,919,989,939,999,919,929,800,,989,800,989,989,1019,929,959,,939,,1039,919,,,919,939,,,,
Y,989,989,1079,1149,1069,979,1069,1019,1149,979,1019,1129,,1069,1129,1069,1179,1239,989,1039,,999,,1149,979,,,1019,999,,,,
Y,969,959,969,999,879,969,889,939,949,969,919,889,,889,889,919,949,1019,859,959,,939,,999,969,,,949,949,,,,
Y,1279,1299,1259,1319,1279,1279,1229,1199,1299,1229,1299,1279,,1229,1279,1279,1299,1299,1229,1299,,1269,,1319,1279,,,1289,1299,,,,
Y,1339,1359,1339,1429,1359,1339,1299,1359,1369,1289,1369,1339,,1299,1339,1359,1369,1359,1289,1379,,1329,,1429,1339,,,1359,1359,,,,
Y,25,25,49,49,49,25,50,40,55,25,49,45,,50,45,50,25,25,25,40,,25,,49,25,,,50,25,,,,
Y,39,25,,,,39,39,25,,39,,30,,39,30,39,,39,39,25,,37,,,39,,,75,39,,,,
Y,29,29,49,49,49,29,59,49,25,29,49,39,,59,39,59,25,29,29,49,,29,,49,29,,,59,29,,,,
Y,29,29,29,19,29,29,29,29,25,29,29,29,,29,29,29,29,29,29,29,,29,,19,29,,,25,29,,,,
Y,689,869,,669,,689,659,689,679,699,,649,,659,649,659,629,739,729,739,,719,,669,689,,,669,749,,,,
Y,969,1259,,1069,,1019,999,999,969,999,,1019,,999,1019,1039,979,1159,1079,1049,,1029,,1069,1019,,,999,1029,,,,
Y,1069,1319,,1139,,1119,1069,1089,1099,1079,,1089,,1069,1079,1119,1079,1229,1159,1139,,1119,,1139,1119,,,1059,1119,,,,
Y,819,999,,819,,819,779,839,889,819,,769,,779,769,779,749,889,829,859,,859,,819,849,,,799,869,,,,
Y,1099,1389,,1219,,1149,1079,1149,1169,1099,,1129,,1079,1129,1199,1099,1319,1179,1169,,1169,,1219,1179,,,1129,1139,,,,
Y,1199,1449,,1289,,1239,1159,1239,1299,1189,,1219,,1159,1199,1219,1199,1379,1259,1259,,1249,,1289,1269,,,1189,1239,,,,
Y,299,299,,309,299,299,299,299,299,299,,299,,299,299,299,299,299,299,299,,299,,309,299,,,299,299,,,,
Y,969,929,,1039,,919,989,939,999,919,,1019,,989,1019,989,989,1019,929,959,,939,,1039,919,,,969,939,,,,
Y,1049,989,,1139,,979,1069,1019,1149,979,,1129,,1069,1129,1069,1179,1239,989,1039,,999,,1139,979,,,1079,999,,,,
Y,969,929,,1039,,919,989,939,999,919,,1019,,989,1019,989,989,1019,929,959,,939,,1039,919,,,969,939,,,,
Y,1049,989,,1139,,979,1069,1019,1149,979,,1129,,1069,1129,1069,1179,1239,989,1039,,999,,1139,979,,,1079,999,,,,
Y,969,929,,1039,,919,989,939,999,919,,1019,,989,1019,989,989,1019,929,959,,939,,1039,919,,,969,939,,,,
Y,1049,989,,1139,,979,1069,1019,1149,979,,1129,,1069,1129,1069,1179,1339,989,1039,,999,,1139,979,,,1079,999,,,,
Y,619,669,,619,,619,519,549,559,589,,539,,519,539,519,569,819,579,589,,589,,619,619,,,549,569,,,,
Y,869,979,,939,,869,749,799,819,839,,819,,759,819,759,819,999,889,889,,859,,939,869,,,779,899,,,,
Y,,649,,659,,469,,579,,,,530,,,539,,,,,689,,459,,659,489,,,559,,,,,
Y,,39,39,49,39,39,39,39,39,39,39,39,,39,39,39,39,39,39,39,,39,,49,39,,,15,39,,,,
Y,,549,499,619,499,429,,519,,,519,,,,,,,549,549,,,499,,619,389,,,319,549,,,,
Y,,2099,2699,2639,2699,,,2599,,,2699,2599,,,2599,,,,,2149,,2649,,2639,2299,,,2399,,,,,
Y,,169,,,,,,,,,,,,,,,,,,,,,,,,,,,,,,,
Y,,35,,,,,,,,30,,,,,,,,,,,,35,,,,,,,40,,,,
Y,,29,,15,,20,25,25,,20,,29,,25,29,25,29,29,20,25,,20,,15,29,,,19,20,,,,
Y,,29,,15,,20,25,25,,20,,29,,25,29,25,29,29,20,25,,20,,15,29,,,19,20,,,,
Y,,29,,15,,20,25,25,,20,,29,,25,29,25,29,29,20,25,,20,,15,29,,,19,20,,,,
Y,,29,,15,,20,25,25,,20,,29,,25,29,25,29,29,20,25,,20,,15,29,,,19,20,,,,
Y,,100,,100,,,,100,100,100,,100,,,100,,100,100,100,100,,100,,100,,,,,100,,,,
Y,,500,,500,,,,500,500,500,,500,,,500,,500,500,500,500,,500,,500,,,,,500,,,,
Y,,100,,,,,,,,,,,,,,,,,,,,100,,,,,,,100,,,,
Y,,100,,,,,,,,,,469,,,469,,,,,,,100,,,,,,,199,,,,
Y,,299,,,,299,,,,,,,,,,,,,,,,299,,,,,,299,299,,,,
Y,,99,,,,,,,,,,,,,,,,,,,,,,,,,,,,,,,
Y,,75,,,,,,,49,49,,,,,,,,,,,,,,,,,,,,,,,
Y,,200,,,,,,,,,,,,,,,,,,,,200,,,,,,,119,,,,
Y,,100,,,,,,,,,,,,,,,,,,,,100,,,,,,,100,,,,
Y,,299,,,,299,,,,,,,,,,,,,,,,299,,,,,,299,,,,,
Y,,199,,,,,,,,,,,,,,,,,,,,,,,,,,,,,,,
Y,,229,,,,,,,,,,,,,,,,,,,,,,,,,,,,,,,
Y,,109,,,,,,,,,,100,,,100,139,,,,,,119,,,,,,,100,,,,
Y,,139,,,,100,,,,,,100,,,100,199,,,,,,159,,,,,,100,100,,,,
Y,,159,,,,130,,,,,,100,,,100,,,,,,,179,,,,,,130,100,,,,
Y,,189,,,,,,,,,,,,,,,,,,,,189,,,,,,,,,,,
Y,,25,35,70,40,25,,50,39,39,40,50,,,,30,50,50,50,50,,25,,70,25,,,,50,,,,
Y,,109,,,,,,,100,,,,,,,,,100,100,,,119,,,,,,,100,,,,
Y,,109,,,,,,,,,,100,,,100,,,,,,,119,,,,,,,,,,,
Y,,139,,,,100,,,,,,100,,,100,199,,,,,,159,,,,,,100,,,,,
Y,,199,,219,,100,169,,,,,140,,169,140,169,,,,,,100,,219,,,,100,,,,,
Y,,50,50,,,,130,,,,,,,130,,130,79,89,69,,,50,,,,,,,79,,,,
Y,,139,,,200,100,159,,,129,200,,,159,,,100,,50,,,139,,,,,,,100,,,,
Y,,219,,,,,,,,,,200,,,200,,,,,,,,,,,,,,,,,,
Y,,339,,,,,,,,,,,,,,,,,,,,,,,,,,,,,,,
Y,,369,,,,,,,,,,,,,,,,,,,,,,,,,,,,,,,
Y,,219,,,,,,,,,,200,,,200,,,,,,,,,,,,,,,,,,
Y,,339,,,,,,,,,,,,,,,,,199,,,,,,,,,,,,,,
Y,,379,,309,,,,,,,,,,,,,,,,,,359,,309,,,,,,,,,
Y,,369,,,,,,,,,,,,,,,,,,,,,,,,,,,,,,,
Y,,739,799,919,799,,,,,,799,,,,,,,848,888,,,799,,919,608,,,559,848,,,,
Y,,439,,,,,,,,111,,,,,,,,,,,,238,,,,,,,,,,,
Y,,359,,,,,,,,,,,,,,,,,,,,359,,,,,,,,,,,
Y,,200,,,,,,,,,,,,,,,,,,,,200,,,,,,,,,,,
Y,,89,,,,,,,,,,,,,,,,139,139,,,,,,,,,,119,,,,
Y,,319,,,,299,100,,,,,,,299,,,,,,,,200,,,,,,,,,,,
Y,,319,,,,299,100,,,,,,,299,,,,,,,,200,,,,,,,,,,,
Y,,509,,,,469,199,,,,,,,199,,,,,,,,199,,,,,,,,,,,
Y,,509,,,,469,199,,,,,,,199,,,,,,,,199,,,,,,,,,,,
Y,,589,,,,499,,,,,,,,,,,,,,,,,,,,,,,,,,,
Y,,589,,,,499,,,,,,,,,,,,,,,,,,,,,,,,,,,
Y,,399,,619,,,,,,,,400,,,400,459,,599,589,,,399,,619,339,,,,599,,,,
Y,,768,,818,,,,,,,,529,,,539,728,,778,818,,,778,,818,629,,,,778,,,,
Y,,100,,,,100,,,,129,,,,,,239,100,,100,,,100,,,,,,100,100,,,,
Y,,209,,,,140,,,,129,,,,,,,100,,100,,,209,,,,,,140,100,,,,
Y,,789,,,,,,,,,579,549,,,549,,100,,,,,649,,,649,,,,669,,,,
Y,,739,,689,,,739,,929,,,699,,739,699,719,769,719,699,739,,679,,689,689,,,819,719,,,,
Y,,169,,,,,,,,,,,,,,,,,,,,169,,,,,,,,,,,
Y,,849,,,,,,,,,,,,,,,,,,,,,,,,,,,,,,,
Y,,100,,,,100,,,,,,100,,,100,,100,,,,,100,,,,,,100,100,,,,
Y,,479,,,,,,,,,,,,,,,,,,,,,,,,,,,,,,,
Y,,150,,,,,209,,,,,250,,209,250,229,,,,,,,,,169,,,259,,,,,
Y,,209,,,,,,,,,,,,,,,,,,,,,,,,,,,,,,,
Y,,249,,,,,,,,,,,,,,,,,,,,,,,,,,,,,,,
Y,,289,,,,,,,,,,,,,,,,,,,,,,,,,,,,,,,
Y,,109,,,,,,,,,,,,,,,,,,,,119,,,,,,,,,,,
Y,,100,,,,,,,,,,100,,,100,239,,,,,,100,,,,,,,199,,,,
Y,,1229,,,,,,,,,,879,,,879,,,,,,,,,,,,,,,,,,
Y,,639,,600,,,649,,849,,,629,,649,629,649,600,669,619,600,,639,,600,639,,,649,629,,,,
Y,,25,49,49,49,25,50,40,,,49,30,,50,30,30,,,,40,,25,,49,25,,,40,,,,,
Y,,25,39,49,39,25,45,40,,,39,30,,45,30,,,,,40,,25,,49,25,,,30,,,,,
Y,,29,,15,,20,25,25,,20,,29,,25,29,25,29,29,20,25,,20,,15,29,,,19,20,,,,
Y,,29,,15,,20,25,25,,20,,29,,25,29,25,29,29,20,25,,20,,15,29,,,19,20,,,,
Y,,15,15,49,,,40,,,,,,,40,10,40,,,,,,15,,49,30,,,,,,,,
Y,,109,,,,,,,,,,,,,,,100,100,,,,119,,,,,,,100,,,,
Y,,142,142,162,142,142,,142,,,142,,,,,,,,,142,,142,,162,142,,,142,,,,,
Y,,,89,,59,,,59,,,59,50,,,50,,29,,,59,,,,,,,,75,,,,,
Y,,,19,,19,,,,,,19,,,,,,,,,,,,,,,,,,,,,,
Y,,,100,120,100,,,,,,100,60,,,60,,100,100,100,,,,,120,,,,,100,,,,
Y,,,149,120,149,,,,,,149,80,,,80,,100,100,139,,,,,120,100,,,,100,,,,
Y,,,149,120,149,,,,,,149,80,,,80,,100,100,139,,,,,120,100,,,,100,,,,
Y,,,249,,259,,309,279,,,259,219,,309,219,319,299,279,279,249,,,,,259,,,,279,,,,
Y,,,319,,349,,399,359,,,349,,,399,,379,369,369,369,319,,,,,379,,,,379,,,,
Y,,,369,,379,,429,,,,389,,,419,,419,419,419,419,,,,,,419,,,,419,,,,
Y,,,159,,200,,,189,179,,200,,,,,,199,109,109,189,,,,,139,,,199,109,,,,
Y,,,259,,339,,,279,259,,339,,,,200,,249,229,229,279,,,,,199,,,299,239,,,,
Y,,,59,,59,,10,,40,,59,,,10,,,40,40,40,,,,,,30,,,,40,,,,
Y,,,50,70,,25,,,50,50,,,,,,,50,50,,,,50,,70,,,,25,50,,,,
Y,,,50,70,,,,,90,90,,,,,,,50,50,,,,,,70,,,,,50,,,,
Y,,,19,10,19,,,,,,19,,,,,,,,,,,,,10,,,,,,,,,
Y,,,29,10,29,,,,,,29,,,,,,,,,,,,,10,,,,,,,,,
Y,,,100,,100,,,,,,100,,,,,,,,,,,,,,,,,,,,,,
Y,,,59,,59,49,30,,,49,59,,,30,,30,,49,,,,,,,,,,,,,,,
Y,,,,149,,,,,,,,,,,,,,,,,,,,149,,,,,,,,,
Y,,,,809,,,,,,,,,,,,739,,,,,,,,809,,,,,779,,,,
Y,,,,699,,,,,,,,579,,,579,669,,,,,,,,699,,,,,,,,,
Y,,,,35,,,,,30,30,,10,,,20,,,15,,,,,,35,,,,,15,,,,
Y,,,,30,,,,,,,,10,,,10,,10,10,,,,,,30,,,,,10,,,,
Y,,,,49,,,,,,,,25,,,25,,,,,,,,,49,,,,,,,,,
Y,,,,79,,,,,,,,,,,,,,,,,,,,79,,,,,,,,,
Y,,,,1849,,1349,,,,,,,,,,,,,,,,,,1849,,,,,,,,,
Y,,,,149,,,,,,,,,,,,,149,139,139,,,,,149,,,,,,,,,
Y,,,,679,,,,,,,,,,,,629,,,,,,,,679,,,,,649,,,,
Y,,,,519,,,,,,,,469,,,469,559,,519,519,,,,,519,,,,,519,,,,
Y,,,,2799,,2100,,,,,,,,,,,,,,,,,,2799,,,,1899,,,,,
Y,,,,149,,,,,,,,,,,,,,,,,,,,149,,,,,,,,,
Y,,,,149,,,,,,,,,,,,,,,,,,,,,,,,,,,,,
Y,,,,35,,,,,15,15,,,,,,,15,15,15,,,15,,35,,,,,15,,,,
Y,,,,2639,,,,2099,,,,,,,,,,,,2349,,,,2639,2099,,,2289,2599,,,,
Y,,,,1239,,,,,,,,,,,,,,,,959,,469,,1239,,,,,,,,,
Y,,,,2649,,,,,,,,,,,,,,,,,,,,2649,,,,,,,,,
Y,,,,169,,,,,,,,,,,,,,,,,,,,,,,,,,,,,
Y,,,,1129,,,,,,,,,,,,,,,,,,,,1129,,,,,,,,,
Y,,,,169,,,,,,,,,,,,,,,,,,,,169,,,,,,,,,
Y,,,,10,,,,,,,,,,,,,,,,,,,,10,,,,,,,,,
Y,,,,10,,,,,,,,,,,,,,,,,,,,10,,,,,,,,,
Y,,,,10,,,,,,,,,,,,,,,,,,,,10,,,,,,,,,
Y,,,,1749,,1700,,2299,,,,2599,,,2599,,,,,,,,,1749,,,,1700,,,,,
Y,,,,159,,,,,,,,,,,,,159,159,159,,,,,159,,,,,159,,,,
Y,,,,159,,,,,,,,,,,,,,,,,,,,159,,,,,,,,,
Y,,,,159,,,,,,,,,,,,,159,159,159,,,,,159,,,,,159,,,,
Y,,,,159,,,,,,,,,,,,,159,159,159,,,,,159,,,,,159,,,,
Y,,,,,249,,309,259,,,249,219,,309,219,319,299,,,259,,,,,299,,,,,,,,
Y,,,,,339,,399,319,,,339,329,,399,329,379,349,,,299,,,,,379,,,,,,,,
Y,,,,,379,,419,379,,,379,369,,419,369,419,419,,,379,,,,,419,,,,,,,,
Y,,,,,119,,,,,,119,,,,,119,,,,,,,,,,,,,,,,,
Y,,,,,119,,,,,,119,,,,,119,,,,,,,,,,,,,,,,,
Y,,,,,1499,,,,,,1499,,,,,,,,,,,,,,,,,,,,,,
Y,,,,,1499,,,,,,1499,,,,,,,,,,,,,,,,,,,,,,
Y,,,,,125,,,,,,125,,,,,,,,,,,,,,,,,,,,,,
Y,,,,,,2099,,2199,,,,,,,,,,,,,,,,,,,,2249,,,,,
Y,,,,,,3866,,,,,,,,,,,,,,,,,,,,,,,2905,,,,
Y,,,,,,140,,,,,,,,,,,100,100,100,,,,,,,,,140,100,,,,
Y,,,,,,190,,,,,,,,,,239,100,100,100,,,,,,,,,100,100,,,,
Y,,,,,,180,,,,,,,,100,,199,,,,,,,,,,,,100,100,,,,
Y,,,,,,100,,,,,,,,,,199,,,,,,,,,,,,100,100,,,,
Y,,,,,,2049,,,,,,,,,,,,,,,,2049,,,,,,,,,,,
Y,,,,,,100,,,,,,,,,,,,,,,,,,,,,,,,,,,
Y,,,,,,100,,,,,,,,,,,,,,,,,,,,,,,,,,,
Y,,,,,,100,,,,,,,,,,,,,,,,,,,,,,,,,,,
Y,,,,,,90,,,,,,,,,,,,,,,,,,,,,,,,,,,
Y,,,,,,90,,,,,,,,,,,,,,,,,,,,,,,,,,,
Y,,,,,,100,,,,,,,,,,,,,,,,,,,,,,,,,,,
Y,,,,,,65,,,,,,100,,,,,,,,,,,,,,,,,,,,,
Y,,,,,,65,,,,,,100,,,,,,,,,,,,,,,,,,,,,
Y,,,,,,200,,,,,,200,,,200,,,,,,,,,,,,,200,,,,,
Y,,,,,,149,,,,,,,,,,,,,,,,,,,,,,100,,,,,
Y,,,,,,309,,,,,,,,,,,,,,,,,,,,,,459,,,,,
Y,,,,,,479,,,,,,,,,,,,,,,,,,,,,,,,,,,
Y,,,,,,139,,,,,,,,,,,,,,,,,,,,,,,,,,,
Y,,,,,,818,,,,,,,,,,,,,,,,,,,,,,,,,,,
Y,,,,,,260,,,,,,,,,,,,,,,,,,,,,,,,,,,
Y,,,,,,419,,,,,,,,,,,,,,,,,,,,,,,,,,,
Y,,,,,,449,,,,,,,,,,,,,,,,,,,,,,,,,,,
Y,,,,,,449,,,,,,,,,,,,,,,,,,,,,,,,,,,
Y,,,,,,200,,,,,,,,,,,150,150,,,,,,,,,,200,150,,,,
Y,,,,,,200,,,,,,500,,,500,,,,,,,,,,,,,,,,,,
Y,,,,,,699,,,,,,,,,,,,,,,,,,,,,,,,,,,
Y,,,,,,50,,,,25,,,,,,,,25,,,,,,,,,,50,,,,,
Y,,,,,,519,,,,,,,,,,,,,,,,,,,,,,,,,,,
Y,,,,,,279,,,,,,,,,,,,,,,,,,,,,,,,,,,
Y,,,,,,,119,,,,,119,,119,119,119,,,,,,,,,,,,120,,,,,
Y,,,,,,,59,,,,,59,,59,59,59,,,,,,,,,,,,49,,,,,
Y,,,,,,,159,,,,,,,159,,,100,50,50,,,,,,,,,,100,,,,
Y,,,,,,,299,249,,,,219,,309,219,319,299,309,299,239,,200,,,,,,,279,,,,
Y,,,,,,,339,329,,,,319,,399,329,379,369,379,369,319,,289,,,,,,329,369,,,,
Y,,,,,,,379,359,,,,369,,429,359,419,419,419,539,379,,339,,,,,,399,419,,,,
Y,,,,,,,119,,,,,,,119,,,,,,,,,,,,,,,,,,,
Y,,,,,,,99,,,,,,,99,,,,,,,,,,,,,,,,,,,
Y,,,,,,,229,,,,,,,229,,,,,,,,,,,,,,,179,,,,
Y,,,,,,,179,,,,,259,,179,259,179,,,,,,,,,,,,129,,,,,
Y,,,,,,,100,,,,,,,139,,,,,,,,,,,,,,,,,,,
Y,,,,,,,35,,,,,,,35,,35,,,,,,,,,,,,,,,,,
Y,,,,,,,,5499,,,,100,,,,,,,,5499,,,,,,,,,,,,,
Y,,,,,,,,7999,,,,,,,,,,,,7999,,,,,,,,,,,,,
Y,,,,,,,,2599,,,,,,,,,,,,2549,,,,,,,,2389,,,,,
Y,,,,,,,,3999,,,,,,,,,,,,,,,,,,,,4219,,,,,
Y,,,,,,,,800,,,,5900,,,,,,,,,,,,,,,,,,,,,
Y,,,,,,,,5,,,,,,,,,,,,5,,,,,,,,,,,,,
Y,,,,,,,,279,,,,319,,,319,,,,,279,,,,,,,,,,,,,
Y,,,,,,,,419,,,,479,,,479,,,,,439,,,,,,,,,,,,,
Y,,,,,,,,459,,,,559,,,559,,,,,489,,,,,,,,,,,,,
Y,,,,,,,,,59,,,,,,,,,,,,,,,,,,,,,,,,
Y,,,,,,,,,209,,,,,,,,,,,,,,,,,,,,,,,,
Y,,,,,,,,,,50,,,,,,,,30,30,,,,,,,,,,30,,,,
Y,,,,,,,,,,589,,,,,,,,,,,,,,,,,,,299,,,,
Y,,,,,,,,,,,,60,,,60,,,,,,,,,,,,,25,85,,,,
Y,,,,,,,,,,,,549,,,549,,,,,,,,,,,,,,,,,,
Y,,,,,,,,,,,,669,,,669,,,,,,,399,,,,,,759,,,,,
Y,,,,,,,,,,,,200,,,200,,,,,,,,,,,,,,100,,,,
Y,,,,,,,,,,,,319,,,319,379,,,,,,149,,,,,,,,,,,
Y,,,,,,,,,,,,329,,,359,409,,,,,,,,,,,,,,,,,
Y,,,,,,,,,,,,319,,,319,379,,,,,,149,,,,,,,,,,,
Y,,,,,,,,,,,,329,,,359,409,,,,,,,,,,,,,,,,,
Y,,,,,,,,,,,,579,,,579,,,,,,,,,,,,,,,,,,
Y,,,,,,,,,,,,799,,,799,,,,,,,,,,,,,,,,,,
Y,,,,,,,,,,,,59,,,59,,,,,,,,,,,,,,,,,,
Y,,,,,,,,,,,,319,,,319,,,,,,,,,,,,,,,,,,
Y,,,,,,,,,,,,200,,,200,,,,,,,,,,,,,,,,,,
Y,,,,,,,,,,,,319,,,319,,,,,,,,,,,,,,,,,,
Y,,,,,,,,,,,,279,,,,,,,,,,149,,,,,,,,,,,
Y,,,,,,,,,,,,349,,,349,,,,,,,,,,,,,,,,,,
Y,,,,,,,,,,,,200,,,,309,,,,,,100,,,,,,,,,,,
Y,,,,,,,,,,,,699,,,699,,,,,,,,,,,,,,,,,,
Y,,,,,,,,,,,,200,,,,309,,,,,,100,,,,,,,,,,,
Y,,,,,,,,,,,,200,,,,,,,,,,,,,,,,,,,,,
Y,,,,,,,,,,,,689,,,689,,,,,,,649,,,,,,,,,,,
Y,,,,,,,,,,,,329,,,329,,,,,,,,,,,,,,,,,,
Y,,,,,,,,,,,,879,,,879,,,,,,,,,,,,,,,,,,
Y,,,,,,,,,,,,219,,,219,,,,,,,,,,,,,,,,,,
Y,,,,,,,,,,,,329,,,329,,,,,,,,,,,,,,,,,,
Y,,,,,,,,,,,,200,,,,,,,,,,200,,,,,,,,,,,
Y,,,,,,,,,,,,200,,,200,,,,,,,,,,,,,,,,,,
Y,,,,,,,,,,,,349,,,349,,,,,,,,,,,,,,,,,,
Y,,,,,,,,,,,,500,,,500,,,,,,,,,,,,,,,,,,
Y,,,,,,,,,,,,249,,,249,,,,,,,,,,,,,,,,,,
Y,,,,,,,,,,,,449,,,200,,,,,,,799,,,,,,,,,,,
Y,,,,,,,,,,,,1695,,,1695,,1139,,,,,,,,,,,,1139,,,,
Y,,,,,,,,,,,,229,,,229,,,,,,,,,,,,,,,,,,
Y,,,,,,,,,,,,329,,,329,,,,,,,,,,,,,,,,,,
Y,,,,,,,,,,,,379,,,379,,,,,,,,,,,,,,,,,,
Y,,,,,,,,,,,,549,,,549,,,,,,,,,,,,,,,,,,
Y,,,,,,,,,,,,500,,,500,,,,,,,,,,,,,,,,,,
Y,,,,,,,,,,,,610,,,610,,,,,,,,,,,,,,,,,,
Y,,,,,,,,,,,,710,,,710,,,,,,,,,,,,,,,,,,
Y,,,,,,,,,,,,799,,,799,,,,,,,,,,,,,,,,,,
Y,,,,,,,,,,,,469,,,469,559,,,,,,,,,,,,,,,,,
Y,,,,,,,,,,,,,,,600,,,,,,,,,,,,,,,,,,
Y,,,,,,,,,,,,,,,,349,,,,,,,,,,,,,,,,,
Y,,,,,,,,,,,,,,,,40,,,,,,,,,,,,,,,,,
Y,,,,,,,,,,,,,,,,,219,,,,,,,,,,,,,,,,
Y,,,,,,,,,,,,,,,,,139,,,,,,,,,,,,,,,,
Y,,,,,,,,,,,,,,,,,59,,,,,,,,,,,,,,,,
Y,,,,,,,,,,,,,,,,,59,,,,,,,,,,,,,,,,
Y,,,,,,,,,,,,,,,,,100,100,,,,,,,,,,,100,,,,
Y,,,,,,,,,,,,,,,,,100,100,,,,,,,,,,,100,,,,
Y,,,,,,,,,,,,,,,,,215,,,,,,,,,,,,,,,,
Y,,,,,,,,,,,,,,,,,99,99,,,,,,,,,,,99,,,,
Y,,,,,,,,,,,,,,,,,300,300,,,,,,,,,,300,300,,,,
Y,,,,,,,,,,,,,,,,,30,30,30,,,,,,,,,,30,,,,
Y,,,,,,,,,,,,,,,,,89,,,,,,,,,,,,,,,,
Y,,,,,,,,,,,,,,,,,129,,,,,,,,,,,,,,,,
Y,,,,,,,,,,,,,,,,,550,,,,,,,,,,,,,,,,
Y,,,,,,,,,,,,,,,,,,3175,3335,,,,,,,,,,3205,,,,
Y,,,,,,,,,,,,,,,,,,85,,,,,,,,,,,,,,,
Y,,,,,,,,,,,,,,,,,,85,85,,,,,,,,,,85,,,,
Y,,,,,,,,,,,,,,,,,,100,,,,,,,,,,,,,,,
Y,,,,,,,,,,,,,,,,,,100,,,,,,,,,,,,,,,
Y,,,,,,,,,,,,,,,,,,100,,,,,,,,,,,,,,,
Y,,,,,,,,,,,,,,,,,,,,,,100,,,,,,,,,,,
Y,,,,,,,,,,,,,,,,,,,,,,100,,,,,,,,,,,
Y,,,,,,,,,,,,,,,,,,,,,,649,,,,,,,,,,,
Y,,,,,,,,,,,,,,,,,,,,,,250,,,,,,,,,,,
Y,,,,,,,,,,,,,,,,,,,,,,229,,,,,,,,,,,
Y,,,,,,,,,,,,,,,,,,,,,,,,100,,,,,,,,,
Y,,,,,,,,,,,,,,,,,,,,,,,,100,,,,,,,,,
Y,,,,,,,,,,,,,,,,,,,,,,,,100,,,,,,,,,
Y,,,,,,,,,,,,,,,,,,,,,,,,199,,,,,199,,,,
Y,,,,,,,,,,,,,,,,,,,,,,,,,79,,,,,,,,
Y,,,,,,,,,,,,,,,,,,,,,,,,,79,,,79,,,,,
Y,,,,,,,,,,,,,,,,,,,,,,,,,1939,,,,,,,,
Y,,,,,,,,,,,,,,,,,,,,,,,,,,,,100,,,,,
Y,,,,,,,,,,,,,,,,,,,,,,,,,,,,149,,,,,
Y,,,,,,,,,,,,,,,,,,,,,,,,,,,,149,,,,,
Y,,,,,,,,,,,,,,,,,,,,,,,,,,,,149,,,,,
Y,,,,,,,,,,,,,,,,,,,,,,,,,,,,50,,,,,
Y,,,,,,,,,,,,,,,,,,,,,,,,,,,,359,,,,,
Y,,,,,,,,,,,,,,,,,,,,,,,,,,,,199,,,,,
Y,,,,,,,,,,,,,,,,,,,,,,,,,,,,279,,,,,
Y,,,,,,,,,,,,,,,,,,,,,,,,,,,,679,,,,,
Y,,,,,,,,,,,,,,,,,,,,,,,,,,,,79,,,,,
Y,,,,,,,,,,,,,,,,,,,,,,,,,,,,30,,,,,
Y,,,,,,,,,,,,,,,,,,,,,,,,,,,,269,,,,,
Y,,,,,,,,,,,,,,,,,,,,,,,,,,,,189,,,,,
Y,,,,,,,,,,,,,,,,,,,,,,,,,,,,,100,,,,
Y,,,,,,,,,,,,,,,,,,,,,,,,,,,,,129,,,,
Y,,,,,,,,,,,,,,,,,,,,,,,,,,,,,149,,,,
Y,,,,,,,,,,,,,,,,,,,,,,,,,,,,,1799,,,,
Y,,,,,,,,,,,,,,,,,,,,,,,,,,,,,300,,,,
Y,,,,,,,,,,,,,,,,,,,,,,,,,,,,,25,,,,
