any,1199,1657,2155,4820,5964,6123,6723,7049,7148,7153,7468,7548,7601,7602,7943,7953,7972,8007,8015,11173,13355,13378,14195,14196,18138,18691,25845,27354,31791,33728,35221
Y,340,330,230,330,360,339,299,355,349,345,299,299,320,340,355,320,,230,299,,325,310,,,310,310,,310,230,380,310
Y,440,430,330,520,530,429,479,529,519,460,429,469,530,440,495,500,,330,469,,530,540,,,505,530,,530,330,650,550
Y,360,370,290,360,380,419,459,369,389,355,419,459,350,370,369,360,,290,459,,350,350,,,340,340,,350,290,460,350
Y,580,580,500,580,580,519,559,579,579,570,519,559,600,590,589,590,,500,559,,590,580,,,580,590,,580,500,670,590
Y,750,750,680,750,760,679,719,765,809,750,679,699,750,750,719,695,,680,739,,770,720,,,700,720,,720,680,950,750
Y,660,,640,590,630,,619,,730,650,,649,700,640,,,,640,599,,,,,,560,520,,,640,790,650
Y,760,710,665,750,730,659,699,775,829,750,689,749,800,740,729,690,,660,699,,740,720,,,660,720,,710,660,890,750
Y,115,115,135,115,110,119,119,115,150,115,119,119,115,115,109,115,,140,119,,110,115,,,115,115,,110,140,270,115
Y,295,300,290,310,260,259,239,295,289,280,259,249,300,295,269,305,,290,249,,290,275,,,280,270,,270,290,330,285
Y,560,510,440,550,560,499,499,509,559,530,499,499,540,520,529,530,,440,499,,530,520,,,520,520,,550,440,710,540
Y,630,610,530,660,670,529,569,599,695,620,549,539,660,695,699,660,,530,539,,660,610,,,580,650,,650,530,880,660
Y,290,280,260,310,260,269,279,295,319,290,269,279,310,290,275,315,,260,299,,300,275,,,290,290,,280,260,330,295
Y,200,210,200,200,210,219,229,219,219,210,219,249,200,200,199,200,,200,249,,200,200,,,200,210,,200,200,240,210
Y,360,370,320,380,380,349,359,379,419,380,339,359,340,340,349,390,,320,359,,310,380,,,340,390,,360,320,420,380
Y,500,520,425,570,530,489,519,535,559,520,489,529,530,530,499,530,,430,519,,530,520,,,525,520,,530,430,650,520
Y,190,190,150,190,190,150,150,189,199,190,150,150,190,190,189,190,,150,150,,190,190,,,190,190,,190,150,240,190
Y,660,650,490,620,650,599,619,639,669,650,589,619,620,620,609,630,,490,619,,620,600,,,620,620,,610,490,720,620
Y,1360,1350,1195,1360,1350,1139,1139,1355,1519,1350,1139,1139,1350,1350,1375,1350,,1185,1139,,1375,1350,,,1380,1350,,1350,1200,1590,1350
Y,470,490,380,470,480,379,459,499,499,490,399,459,500,480,489,520,,380,459,,470,470,,,480,490,,470,380,530,480
Y,230,210,270,230,250,219,219,235,219,220,219,249,210,240,219,230,,270,249,,210,210,,,210,210,,230,270,260,210
Y,110,110,130,110,110,189,119,159,159,110,189,119,110,110,159,110,,130,119,,110,110,,,110,110,,110,130,110,110
Y,470,480,300,470,470,399,459,489,489,490,399,459,500,470,479,510,,300,459,,470,460,,,470,480,,470,300,520,470
Y,110,110,100,110,110,159,119,109,109,110,159,119,110,110,109,110,,100,119,,110,110,,,110,110,,110,100,110,110
Y,230,230,225,230,230,199,199,230,230,230,199,199,230,230,230,230,,230,199,,230,230,,,230,200,,230,230,290,230
Y,115,115,135,115,110,119,119,115,150,115,119,119,115,115,109,115,,140,119,,110,115,,,115,115,,110,140,270,115
Y,520,540,425,570,560,479,519,545,569,530,489,519,560,545,515,550,,430,529,,530,495,,,495,540,,540,430,660,530
Y,620,550,495,550,570,529,559,595,609,580,539,529,550,560,579,580,,500,549,,550,540,,,580,550,,560,500,670,550
Y,620,,,,,,599,,619,,,579,,580,,,,,599,,,570,,,615,595,,,,670,
Y,560,570,480,550,550,489,539,580,579,570,519,539,580,560,549,615,,480,539,,550,550,,,580,575,,550,480,650,560
Y,410,,,420,380,,379,,,390,,319,420,420,,410,,,379,,420,,,,,450,,410,,450,
Y,1350,1360,1240,1330,1350,1359,1319,1345,1480,1325,1349,1299,1300,1375,1320,1325,,1240,1269,,1290,1280,,,1305,1330,,1330,1240,1655,1305
Y,1275,1290,1170,1265,1265,1279,1249,1270,1395,1245,1269,1259,1230,1300,1255,1240,,1170,1199,,1220,1220,,,1240,1255,,1245,1170,1560,1220
Y,980,900,770,870,890,869,849,869,1020,850,859,839,840,910,849,770,,770,839,,830,830,,,780,860,,860,770,1070,840
Y,100,100,80,100,100,149,149,100,100,100,139,159,100,100,100,100,,80,149,,100,100,,,100,100,,100,80,115,100
Y,620,640,770,690,680,619,659,645,739,620,629,679,660,630,629,630,,770,679,,630,640,,,590,630,,630,770,780,670
Y,1275,1290,1170,1280,1275,1289,1179,1280,1405,1280,1289,1159,1240,1285,1255,1265,,1170,1159,,1240,1220,,,1240,1265,,1285,1170,1570,1255
Y,1195,1195,1100,1190,1190,1199,1119,1200,1320,1205,1199,1099,1170,1190,1185,1180,,1100,1099,,1170,1160,,,1170,1190,,1180,1100,1475,1170
Y,790,780,680,780,790,779,699,789,999,800,779,699,770,780,769,700,,680,699,,770,760,,,700,780,,780,680,970,780
Y,120,110,130,120,125,169,169,129,139,110,169,169,110,110,115,110,,130,169,,115,110,,,110,110,,110,130,130,120
Y,470,,,,,,,495,,500,,,490,480,495,490,,,,,470,440,,,470,490,,,,530,450
Y,360,340,260,370,360,259,289,399,359,340,259,289,370,350,349,370,,260,289,,390,360,,,340,370,,380,260,460,370
Y,400,360,280,440,400,399,319,439,389,390,399,319,410,390,399,390,,280,319,,440,390,,,390,400,,410,280,490,400
Y,440,390,300,460,450,479,339,469,479,440,469,339,440,490,409,440,,300,339,,460,450,,,410,440,,470,300,520,440
Y,190,190,120,200,190,119,119,189,199,190,119,119,190,160,189,190,,120,119,,190,190,,,190,190,,190,120,260,190
Y,260,260,235,260,260,229,229,260,265,260,229,229,260,260,260,260,,240,229,,260,260,,,260,240,,260,240,340,260
Y,915,870,780,875,900,799,779,915,1000,900,759,749,850,860,880,890,,780,769,,840,840,,,875,880,,875,780,1155,875
Y,930,860,750,870,870,769,799,939,999,890,739,769,840,860,909,880,,750,799,,840,840,,,840,870,,900,750,1190,890
Y,845,840,710,860,855,749,789,860,955,850,759,799,830,820,810,860,,710,789,,805,830,,,820,865,,840,710,1135,855
Y,160,160,175,160,160,189,169,169,199,160,199,169,160,160,159,160,,180,179,,160,160,,,160,160,,160,180,320,160
Y,110,110,130,110,110,189,119,159,159,110,189,119,110,110,159,110,,130,119,,110,110,,,110,110,,110,130,110,110
Y,470,470,330,460,470,439,449,489,509,480,439,449,490,460,479,470,,330,449,,460,450,,,460,470,,470,330,500,450
Y,270,260,,280,290,,,289,349,290,,,280,270,269,280,,,,,270,260,,,240,290,,290,,360,290
Y,450,400,320,400,440,419,399,419,499,450,439,399,440,410,395,420,,320,419,,440,370,,,420,440,,420,320,500,420
Y,450,400,320,400,440,419,399,419,499,450,439,399,440,410,395,420,,320,419,,440,370,,,420,440,,420,320,500,420
Y,360,340,260,370,360,259,289,399,369,340,259,289,410,370,349,380,,260,289,,390,360,,,340,380,,400,260,460,390
Y,240,215,290,240,265,339,319,259,335,260,329,319,250,210,229,240,,290,319,,230,210,,,210,270,,260,290,310,270
Y,1325,1330,1180,1290,1305,1319,1319,1330,1430,1300,1299,1269,1275,1360,1305,1300,,1180,1259,,1275,1265,,,1290,1300,,1315,1180,1615,1280
Y,1245,1265,1110,1220,1220,1229,1239,1255,1345,1220,1219,1199,1205,1280,1235,1215,,1110,1199,,1205,1205,,,1220,1220,,1230,1110,1520,1195
Y,880,860,730,850,830,819,799,865,1015,850,799,799,810,895,839,770,,730,799,,820,810,,,780,820,,840,730,1020,840
Y,400,370,280,450,380,399,319,439,389,390,399,319,420,410,399,400,,280,319,,440,390,,,390,400,,420,280,490,420
Y,1230,1240,1130,1220,1240,1229,1149,1255,1365,1245,1219,1159,1215,1240,1235,1240,,1130,1149,,1180,1205,,,1205,1240,,1230,1130,1520,1220
Y,1155,1170,1050,1155,1155,1149,1099,1175,1280,1170,1129,1099,1145,1160,1170,1155,,1050,1099,,1115,1145,,,1135,1160,,1145,1050,1425,1135
Y,740,740,630,740,740,719,679,755,839,750,699,679,730,740,739,670,,630,669,,690,730,,,660,740,,720,630,700,740
Y,440,390,300,480,460,479,339,469,479,440,469,339,460,490,419,450,,300,339,,460,450,,,420,440,,470,300,520,460
Y,360,340,260,370,360,259,289,399,369,340,259,289,410,370,349,380,,260,289,,390,360,,,340,380,,400,260,460,390
Y,400,360,280,450,410,399,319,439,389,380,399,319,420,410,399,400,,280,319,,440,390,,,390,400,,420,280,490,420
Y,440,390,300,480,460,479,339,469,479,440,469,339,460,490,419,450,,300,339,,460,450,,,420,440,,470,300,520,460
Y,160,160,175,160,160,189,169,169,199,160,199,169,160,160,159,160,,180,179,,160,160,,,160,160,,160,180,320,160
Y,110,110,100,110,110,150,100,109,109,110,150,100,110,110,109,110,,100,100,,110,110,,,115,110,,110,100,110,110
Y,190,190,150,190,190,150,150,189,189,190,150,150,190,190,189,190,,150,150,,190,190,,,190,190,,190,150,240,190
Y,230,230,225,230,230,199,199,230,230,230,199,199,230,230,230,230,,230,199,,230,230,,,230,200,,230,230,290,230
Y,260,260,235,260,260,229,229,260,265,260,229,229,260,260,260,260,,240,229,,260,260,,,260,240,,260,240,330,260
Y,110,110,100,110,110,150,100,109,109,110,150,100,110,110,109,110,,100,100,,110,110,,,115,110,,110,100,110,110
Y,190,190,150,190,190,150,150,189,189,190,150,150,190,190,189,190,,150,150,,190,190,,,190,190,,190,150,240,190
Y,230,230,225,230,230,199,199,230,230,230,199,199,230,230,230,230,,230,199,,230,230,,,230,200,,230,230,290,230
Y,260,260,235,260,260,229,229,260,265,260,229,229,260,260,260,260,,240,229,,260,260,,,260,240,,260,240,330,260
Y,210,210,225,210,210,219,199,209,229,210,239,219,210,210,209,210,,230,219,,210,210,,,210,210,,210,230,370,210
Y,210,210,225,210,210,219,199,209,229,210,239,219,210,210,209,210,,230,219,,210,210,,,210,210,,210,230,370,210
Y,230,230,140,230,230,199,189,229,229,230,199,199,230,210,229,260,,140,189,,230,230,,,230,200,,230,140,320,200
Y,410,420,340,420,510,389,449,439,429,440,399,469,420,410,409,410,,340,459,,390,410,,,410,410,,410,340,490,410
Y,110,110,100,110,110,150,100,109,109,110,150,100,110,110,109,110,,100,100,,110,110,,,115,110,,110,100,110,110
Y,190,190,150,190,190,150,150,189,189,190,150,150,190,190,189,190,,150,150,,190,190,,,190,190,,190,150,240,190
Y,230,230,225,230,230,199,199,230,230,230,199,199,230,230,230,230,,230,199,,230,230,,,230,200,,230,230,290,230
Y,260,260,235,260,260,229,229,260,260,260,229,229,260,260,260,260,,240,229,,260,260,,,260,240,,260,240,330,260
Y,50,50,40,50,50,75,75,50,55,50,75,75,50,50,50,50,,40,75,,50,50,,,50,50,,50,40,60,50
Y,830,730,550,760,800,519,669,779,799,740,549,669,760,760,749,750,,550,669,,750,690,,,750,770,,750,550,970,750
Y,200,200,130,190,200,169,169,199,209,200,169,179,200,190,199,230,,130,159,,200,200,,,200,230,,200,130,280,230
Y,495,510,400,530,540,479,489,540,545,550,469,479,550,550,519,530,,400,479,,555,550,,,520,550,,550,400,660,560
Y,585,585,520,585,585,499,489,585,615,585,499,469,585,585,585,585,,520,499,,585,585,,,585,585,,585,520,620,585
Y,110,110,100,110,110,150,100,109,109,110,150,100,110,110,109,110,,100,100,,110,110,,,115,110,,110,100,110,110
Y,190,190,150,190,190,150,150,189,189,190,150,150,190,190,189,190,,150,150,,190,190,,,190,190,,190,150,240,190
Y,230,230,225,230,230,199,199,230,230,230,199,199,230,230,230,230,,230,199,,230,230,,,230,200,,230,230,290,230
Y,260,260,235,260,260,229,229,260,265,260,229,229,260,260,260,260,,240,229,,260,260,,,260,240,,260,240,330,260
Y,110,110,100,110,110,150,100,109,109,110,150,100,110,110,109,110,,100,100,,110,110,,,115,110,,110,100,110,110
Y,190,190,150,190,190,150,150,189,189,190,150,150,190,190,189,190,,150,150,,190,190,,,190,190,,190,150,240,190
Y,230,230,225,230,230,199,199,230,230,230,199,199,230,230,230,230,,230,199,,230,230,,,230,200,,230,230,290,230
Y,260,260,235,260,260,229,229,260,265,260,229,229,260,260,260,260,,240,229,,260,260,,,260,240,,260,240,330,260
Y,40,40,100,40,40,75,75,39,49,30,75,75,40,40,29,40,,100,75,,40,,,,40,40,,40,100,50,40
Y,40,40,100,40,40,75,75,39,49,30,75,75,40,40,29,40,,100,75,,40,,,,40,40,,40,100,50,40
Y,260,260,170,260,265,249,249,264,284,260,249,249,260,260,244,260,,170,249,,260,260,,,260,260,,260,170,315,260
Y,110,110,100,110,110,150,100,109,109,110,150,100,110,110,109,110,,100,100,,110,110,,,115,110,,110,100,110,110
Y,190,190,150,190,190,150,150,189,189,190,150,150,190,190,189,190,,150,150,,190,190,,,190,190,,190,150,240,190
Y,230,230,225,230,230,199,199,230,230,230,199,199,230,230,230,230,,230,199,,230,230,,,230,200,,230,230,290,230
Y,260,260,235,260,260,229,229,260,265,260,229,229,260,260,260,260,,240,229,,260,260,,,260,240,,260,240,330,260
Y,650,645,540,680,655,639,599,625,689,660,639,629,665,680,645,680,,550,619,,680,640,,,650,625,,670,550,725,670
Y,56,56,86,56,56,68,68,56,56,56,68,68,56,56,56,56,,86,68,,56,56,,,56,56,,56,86,56,56
Y,30,30,25,30,30,50,59,30,30,30,50,59,30,30,30,30,,25,59,,30,30,,,30,30,,30,25,30,30
Y,30,30,25,30,30,50,59,30,30,30,50,59,30,30,30,30,,25,59,,30,30,,,30,30,,30,25,30,30
Y,30,30,,30,30,50,50,29,29,30,50,50,30,30,29,30,,,50,,30,30,,,30,30,,30,,30,30
Y,30,30,25,30,30,50,59,30,30,30,50,59,30,30,30,30,,25,59,,30,30,,,30,30,,30,25,30,30
Y,30,30,75,30,30,,,39,39,30,,,30,30,39,,,75,,,30,30,,,30,30,,40,75,40,30
Y,30,30,25,30,30,50,59,30,30,30,50,59,30,30,30,30,,25,59,,30,30,,,30,30,,30,25,30,30
Y,100,100,100,100,100,,,,100,100,,,,100,,100,,100,,,,,,,,,,100,100,100,
Y,500,500,500,500,500,,,,500,500,,,,500,,500,,500,,,,,,,,,,500,500,500,
Y,40,,,,,,,,,,,,,,,,,,,,,30,,,,,,,,40,
Y,30,30,25,30,30,,50,29,29,30,,50,30,30,29,30,,25,50,,30,30,,,30,30,,30,25,30,30
Y,110,110,,,,,,,119,,,,,,,110,,,,,,,,,,110,,,,110,
Y,110,,25,,,,,,119,,,,,,,110,,25,,,,,,,,110,,,25,110,
Y,110,,,,,,199,,119,,,199,,,,110,,,199,,,,,,,110,,,,130,
Y,110,,100,,,,219,,119,,,219,110,,,110,,100,219,,,,,,,110,,,100,140,110
Y,595,595,540,595,595,599,589,615,639,595,619,569,625,615,625,615,,540,589,,620,595,,,620,615,,595,540,715,620
Y,40,40,100,49,30,139,139,39,49,40,139,139,40,40,39,40,,100,159,,40,40,,,40,30,,40,100,40,40
Y,450,500,519,530,440,599,639,499,609,450,599,629,500,520,499,460,,519,639,,450,450,,,500,480,,500,519,660,450
Y,500,600,599,600,500,719,749,599,799,530,719,769,550,600,569,520,,599,769,,700,500,,,600,530,,600,599,780,500
Y,380,400,300,440,400,279,379,439,419,380,279,339,420,420,415,390,,300,369,,410,400,,,400,400,,420,300,490,420
Y,480,430,380,470,460,349,449,469,499,450,339,459,470,495,515,495,,380,439,,460,480,,,440,450,,490,380,520,460
Y,380,400,300,420,400,279,379,439,419,380,279,339,420,420,415,390,,300,369,,410,400,,,400,400,,420,300,490,400
Y,480,430,380,450,460,349,449,469,499,450,339,459,470,495,515,495,,380,439,,460,480,,,440,450,,490,380,520,440
Y,380,400,300,420,400,279,379,439,419,380,279,339,420,420,415,390,,300,369,,410,400,,,400,400,,420,300,490,400
Y,480,430,380,450,460,349,449,469,499,450,339,459,470,495,515,495,,380,439,,460,480,,,440,450,,490,380,520,440
Y,110,110,100,110,110,150,100,109,109,110,150,100,110,110,109,110,,100,100,,110,110,,,115,110,,110,100,110,110
Y,190,190,150,190,190,150,150,189,189,190,150,150,190,190,189,190,,150,150,,190,190,,,190,190,,190,150,240,190
Y,230,230,225,230,230,199,199,230,230,230,199,199,230,230,230,230,,230,199,,230,230,,,230,200,,230,230,290,230
Y,260,260,235,260,260,229,229,260,265,260,229,229,260,260,260,260,,240,229,,260,260,,,260,240,,260,240,330,260
Y,290,280,260,320,320,269,289,319,379,290,250,289,300,320,299,290,,260,289,,290,290,,,290,290,,300,260,400,280
Y,320,320,270,340,350,279,299,359,399,310,269,299,330,360,319,320,,270,299,,310,320,,,320,320,,350,270,410,310
Y,350,340,280,370,380,319,329,389,439,330,299,319,350,370,339,350,,280,339,,340,360,,,330,330,,380,280,500,340
Y,350,370,280,380,380,259,299,389,369,440,259,289,410,350,349,380,,280,299,,390,360,,,340,380,,400,280,480,390
Y,400,380,300,450,400,399,319,439,399,460,399,319,420,420,399,400,,300,329,,440,390,,,390,400,,420,300,510,420
Y,450,400,320,470,480,469,339,469,479,480,479,339,480,490,419,450,,320,349,,470,470,,,440,440,,460,320,540,460
Y,350,350,280,370,360,259,299,379,369,440,259,289,370,350,339,370,,280,299,,390,360,,,340,370,,370,280,480,360
Y,400,370,300,390,400,399,319,439,399,460,399,319,410,400,389,390,,300,329,,440,390,,,370,390,,400,300,510,390
Y,450,400,320,450,470,469,339,469,479,480,479,339,460,470,409,440,,320,349,,460,470,,,440,440,,450,320,540,460
Y,120,120,150,120,129,169,169,129,139,120,169,169,120,120,129,120,,150,169,,120,120,,,120,120,,120,150,149,120
Y,390,410,,420,420,399,,429,419,410,399,,420,420,389,410,,,,,410,390,,,420,410,,410,,520,420
Y,60,40,,30,30,50,,59,39,30,50,,,,,30,,,,,,,,,30,,,40,,50,30
Y,390,380,340,400,400,459,469,409,459,395,459,449,395,395,399,420,,340,449,,380,370,,,440,395,,420,340,500,450
Y,470,450,440,460,450,529,499,479,559,450,519,529,460,460,485,450,,440,529,,450,440,,,470,450,,450,440,580,470
Y,495,495,480,560,495,559,569,549,609,490,559,579,500,520,555,490,,480,599,,470,480,,,495,480,,520,480,620,500
Y,390,380,340,400,400,459,469,409,459,395,459,449,395,395,399,420,,340,449,,380,370,,,440,395,,420,340,500,450
Y,470,450,440,460,450,529,499,479,559,450,519,529,460,460,485,450,,440,529,,450,440,,,470,450,,450,440,580,470
Y,300,350,260,380,340,259,289,339,359,290,259,289,360,370,349,320,,260,289,,290,340,,,290,300,,360,260,450,320
Y,495,495,480,560,495,559,569,549,609,490,559,579,500,520,555,490,,480,599,,470,480,,,495,480,,520,480,620,500
Y,340,370,290,390,400,389,319,379,369,340,399,299,410,410,359,380,,290,299,,340,360,,,340,350,,400,290,480,350
Y,370,380,320,450,450,459,329,389,439,380,459,319,460,450,359,380,,320,319,,370,450,,,370,370,,440,320,510,370
Y,150,150,,,150,,,150,150,150,,,150,150,150,150,,,,,150,100,,,150,150,,150,,280,150
Y,390,380,340,400,400,459,469,409,459,395,459,449,395,395,399,420,,340,449,,380,370,,,440,395,,420,340,500,450
Y,470,450,440,460,450,529,499,479,559,450,519,529,460,460,485,450,,440,529,,450,440,,,470,450,,450,440,580,470
Y,790,780,555,790,790,629,669,785,919,790,619,659,780,790,785,790,,560,669,,790,790,,,790,780,,790,560,930,790
Y,790,780,555,790,780,619,659,789,929,780,619,659,780,780,789,780,,560,659,,780,790,,,780,780,,780,560,930,790
Y,495,495,480,560,495,559,569,549,609,490,559,579,500,520,555,490,,480,599,,470,480,,,495,480,,520,480,620,500
Y,290,260,340,260,250,269,239,265,269,250,259,249,260,280,249,275,,340,249,,260,275,,,270,260,,260,340,300,275
Y,60,,100,50,,75,75,,,,75,75,50,60,,,,100,75,,40,,,,,60,,50,100,70,
Y,380,350,290,350,370,329,299,409,399,340,349,299,350,400,379,360,,290,319,,340,380,,,340,350,,370,290,460,350
Y,580,580,,580,580,,,589,609,580,,,580,580,589,580,,,,,580,580,,,580,580,,580,,690,580
Y,690,690,495,690,690,569,599,689,789,690,599,599,690,690,689,690,,500,619,,690,690,,,690,690,,690,500,840,690
Y,1090,1090,860,1090,1090,899,989,1089,1219,1090,919,999,1080,1080,1089,1090,,860,989,,1050,1090,,,1080,1090,,1090,860,1370,1090
Y,1160,1160,840,1160,1160,889,859,1159,1389,1160,889,899,1160,1160,1159,1160,,840,939,,1140,1160,,,1160,1180,,1160,840,1420,1160
Y,1150,1150,840,1150,1150,889,859,1149,1379,1150,889,899,1150,1150,1149,1150,,840,939,,1140,1150,,,1150,1150,,1150,840,1420,1150
Y,295,295,200,295,295,269,259,299,319,295,249,249,295,295,299,295,,200,259,,295,295,,,295,295,,295,200,350,295
Y,110,110,100,110,110,150,100,109,109,110,150,100,110,110,109,110,,100,100,,110,110,,,115,110,,110,100,110,110
Y,190,190,150,190,190,150,150,189,189,190,150,150,190,190,189,190,,150,150,,190,190,,,190,190,,190,150,240,190
Y,230,230,225,230,230,199,199,230,230,230,199,199,230,230,230,230,,230,199,,230,230,,,230,200,,230,230,290,230
Y,260,260,235,260,260,229,229,260,265,260,229,229,260,260,260,260,,240,229,,260,260,,,260,240,,260,240,330,260
Y,740,730,605,750,750,699,699,735,839,730,669,699,730,740,729,730,,610,699,,740,730,,,730,730,,730,610,890,735
Y,1130,1130,970,1130,1130,969,1079,1129,1269,1130,989,1099,1120,1120,1125,1130,,970,1089,,1090,1130,,,1120,1130,,1130,970,1410,1130
Y,40,40,,40,40,75,75,49,49,40,75,75,40,40,49,40,,,75,,40,40,,,40,40,,40,,40,40
Y,350,350,280,370,360,259,299,379,369,440,259,289,370,350,339,370,,280,299,,390,360,,,340,370,,370,280,480,360
Y,450,400,320,450,460,469,339,469,479,480,479,339,460,470,,440,,320,349,,460,470,,,440,440,,450,320,530,460
Y,370,340,260,360,350,269,279,399,369,350,269,289,370,380,359,380,,260,289,,360,340,,,340,370,,370,260,470,410
Y,450,400,340,440,440,469,319,469,489,520,469,319,480,480,419,450,,340,319,,410,440,,,410,410,,440,340,540,460
Y,300,350,260,370,340,259,289,339,339,290,259,289,360,340,339,290,,260,289,,290,340,,,290,300,,340,260,450,300
Y,370,380,320,440,450,459,329,389,439,380,459,319,450,440,359,380,,320,319,,370,450,,,370,370,,410,320,510,350
Y,290,290,,320,300,159,129,319,,290,139,119,300,320,299,290,,,139,,290,320,,,290,270,,300,,390,290
Y,370,340,280,350,340,269,279,369,369,300,269,289,340,340,339,340,,280,289,,290,340,,,300,340,,360,280,380,290
Y,30,30,,30,30,75,75,29,29,30,75,75,30,30,29,30,,,75,,30,30,,,30,30,,30,,40,30
Y,40,30,,30,30,75,75,29,39,40,75,75,30,30,29,30,,,75,,30,30,,,30,40,,30,,40,30
Y,30,30,,30,30,75,75,29,29,30,75,75,30,30,29,30,,,75,,30,30,,,30,30,,30,,40,30
Y,30,30,80,30,30,75,75,39,39,30,75,75,40,30,39,30,,80,75,,40,30,,,30,30,,30,80,40,30
Y,70,80,120,90,80,119,119,99,109,90,119,119,90,90,89,90,,120,119,,70,90,,,90,90,,90,120,100,90
Y,340,360,290,380,400,389,319,379,369,340,399,299,390,400,349,370,,290,299,,340,360,,,340,350,,390,290,480,340
Y,400,370,300,390,400,399,319,439,399,460,399,319,410,400,389,390,,300,329,,440,390,,,370,390,,400,300,510,390
Y,390,400,300,400,400,349,339,419,469,420,359,319,380,470,399,400,,300,359,,390,420,,,430,410,,440,300,520,420
Y,470,450,480,450,480,449,449,515,549,450,459,469,430,495,495,430,,480,469,,450,460,,,460,460,,530,480,560,470
Y,440,370,320,370,410,399,299,439,399,390,439,299,420,400,379,420,,320,299,,390,360,,,370,400,,420,320,490,450
Y,360,360,260,380,390,250,279,389,379,320,250,289,410,370,359,350,,260,289,,380,330,,,320,390,,410,260,420,390
Y,410,390,270,450,440,379,299,429,419,360,389,319,440,380,389,370,,270,299,,390,360,,,380,420,,450,270,470,420
Y,450,410,280,470,470,449,319,439,489,370,459,329,470,460,419,450,,280,319,,410,400,,,400,440,,470,280,520,450
Y,440,420,290,450,470,449,319,439,489,380,449,329,470,480,419,450,,290,319,,420,400,,,410,440,,470,290,520,460
Y,390,400,300,400,400,349,339,419,469,420,359,319,380,470,399,400,,300,359,,390,420,,,430,410,,440,300,520,420
Y,470,450,480,450,480,449,449,515,549,450,459,469,430,495,495,430,,480,469,,450,460,,,460,460,,530,480,560,470
Y,530,500,540,495,530,539,499,549,599,490,559,489,490,530,550,495,,540,499,,480,495,,,520,495,,560,540,610,520
Y,400,380,280,450,420,379,299,429,399,360,379,299,440,400,369,370,,280,299,,380,360,,,380,410,,450,280,470,370
Y,360,340,260,380,400,250,289,389,369,320,250,289,390,370,339,360,,260,289,,320,330,,,300,380,,410,260,420,340
Y,520,520,500,520,500,439,499,549,559,510,479,479,510,520,519,520,,500,499,,490,470,,,510,480,,520,500,580,550
Y,580,590,620,600,590,569,559,599,629,550,529,539,570,600,579,595,,620,559,,590,490,,,580,590,,590,620,650,600
Y,530,500,540,495,530,539,499,549,599,490,559,489,490,530,550,495,,540,499,,480,495,,,520,495,,560,540,610,520
Y,110,110,100,110,110,159,119,109,109,110,159,119,110,110,109,110,,100,119,,110,110,,,110,110,,110,100,110,110
Y,190,190,150,190,190,150,150,189,189,190,150,150,190,190,189,190,,150,150,,190,190,,,190,190,,190,150,240,190
Y,1415,1400,1195,1360,1360,1229,1259,1369,1465,1360,1219,1259,1340,1375,1390,1340,,1195,1259,,1380,1340,,,1350,1340,,1360,1200,1660,1360
Y,330,310,,,,,,,339,,,,,,,350,,,,,,,,,,,,,,450,
Y,330,330,,,,,,,339,,,,,,,350,,,,,,,,,,,,,,400,
Y,110,110,130,110,110,189,119,159,159,110,189,119,110,110,159,110,,130,119,,110,110,,,110,110,,110,130,110,110
Y,350,350,280,380,380,259,299,379,369,440,259,289,410,370,339,380,,280,299,,390,360,,,340,380,,400,280,480,390
Y,400,370,300,450,410,399,319,439,399,460,399,319,420,420,399,400,,300,329,,440,390,,,390,400,,420,300,510,420
Y,450,400,320,470,480,469,339,469,479,480,479,339,470,490,409,450,,320,349,,470,470,,,440,440,,460,320,540,460
Y,300,350,260,380,340,259,289,339,349,290,259,289,370,370,339,320,,260,289,,290,340,,,290,300,,350,260,450,320
Y,380,400,300,440,400,279,379,439,419,380,279,339,420,420,415,390,,300,369,,410,400,,,400,400,,420,300,490,420
Y,480,430,380,470,460,349,449,469,499,450,339,459,470,495,515,495,,380,439,,460,480,,,440,450,,490,380,520,460
Y,30,30,,30,30,75,75,29,39,30,75,75,30,30,29,30,,,75,,30,30,,,30,30,,30,,40,30
Y,420,420,360,420,420,319,359,419,489,420,339,359,420,420,419,420,,360,389,,420,420,,,420,420,,420,360,500,420
Y,880,860,770,870,870,999,879,945,1019,920,979,899,1000,890,869,870,,770,879,,890,895,,,850,850,,860,770,1060,880
Y,230,230,225,230,230,199,199,230,230,230,199,199,230,230,230,230,,230,199,,230,230,,,230,200,,230,230,290,230
Y,260,260,235,260,260,229,229,260,265,260,229,229,260,260,260,260,,240,229,,260,260,,,260,240,,260,240,340,260
Y,520,520,500,520,500,439,499,549,559,510,479,479,510,520,519,520,,500,499,,490,470,,,510,480,,520,500,580,550
Y,580,590,620,600,590,569,559,599,629,550,529,539,570,600,579,595,,620,559,,590,490,,,580,590,,590,620,650,600
Y,400,400,320,480,440,329,339,469,499,440,319,369,420,490,439,460,,320,339,,460,390,,,480,440,,470,320,520,470
Y,400,400,320,480,440,329,339,469,499,440,319,369,420,490,439,460,,320,339,,460,390,,,480,440,,470,320,520,470
Y,360,390,320,390,350,319,339,379,379,370,319,349,380,360,359,360,,320,329,,340,320,,,350,370,,360,320,460,360
Y,410,450,390,430,410,389,389,435,419,410,389,389,440,410,399,390,,390,389,,390,380,,,420,420,,410,390,520,400
Y,960,960,900,970,960,759,799,969,1139,960,759,799,960,960,959,860,,900,819,,960,980,,,960,960,,960,900,1255,970
Y,850,850,700,870,890,759,789,875,965,855,759,799,850,840,840,890,,700,789,,825,820,,,820,880,,860,700,1145,875
Y,295,295,,295,295,,,299,319,295,,,295,295,299,295,,,,,295,295,,,295,295,,295,,350,295
Y,445,445,350,445,445,459,469,445,495,445,459,449,445,445,445,445,,350,449,,445,445,,,445,445,,445,350,520,445
Y,515,515,450,515,515,529,499,515,580,515,519,529,515,515,515,515,,450,529,,515,515,,,515,515,,515,450,595,515
Y,580,580,480,580,580,559,569,580,675,580,559,579,580,580,580,580,,480,599,,580,580,,,580,580,,580,480,675,580
Y,560,530,500,560,550,499,489,560,579,550,499,469,520,550,545,550,,500,499,,550,530,,,510,530,,550,500,610,560
Y,560,530,500,560,550,499,489,560,579,550,499,469,520,550,545,550,,500,499,,550,530,,,510,530,,550,500,610,560
Y,30,30,,30,30,,,39,39,30,,,30,30,39,30,,,,,30,30,,,30,30,,30,,30,30
Y,50,40,100,40,40,169,159,39,69,30,169,169,30,40,39,30,,100,179,,30,40,,,50,30,,50,100,50,40
Y,40,40,100,40,40,159,149,39,49,40,159,159,40,30,49,40,,100,169,,30,30,,,40,30,,30,100,40,40
Y,890,890,740,890,880,719,749,880,950,890,719,719,890,890,880,890,,740,749,,890,890,,,890,890,,890,740,1040,890
Y,260,230,190,260,280,219,199,269,259,230,229,199,280,230,219,270,,190,199,,210,250,,,230,230,,280,190,340,280
Y,210,210,,210,210,199,249,169,209,,199,219,210,210,209,210,,,199,,210,120,,,210,210,,200,,230,210
Y,760,760,600,760,770,649,639,759,949,760,669,639,760,760,759,760,,600,629,,760,760,,,760,760,,760,600,1020,760
Y,900,910,850,910,900,759,759,899,1039,900,749,749,900,900,899,900,,850,749,,910,920,,,900,900,,900,850,1160,900
Y,280,270,280,260,270,239,239,289,319,260,239,249,280,260,269,270,,280,249,,240,270,,,280,270,,300,280,320,270
Y,390,370,300,360,380,379,349,439,459,350,429,329,380,440,399,380,,300,339,,400,440,,,380,400,,390,300,480,380
Y,695,730,720,725,690,899,779,715,719,695,899,779,680,720,669,770,,720,779,,725,690,,,725,690,,750,720,840,715
Y,360,320,290,390,320,379,,345,379,310,319,,320,370,335,360,,290,,,310,310,,,310,340,,370,290,420,350
Y,140,120,100,150,120,149,169,179,209,120,169,189,120,210,129,150,,100,189,,120,120,,,120,130,,180,100,200,130
Y,190,210,160,210,210,199,189,209,219,200,199,199,210,210,209,210,,160,199,,210,210,,,210,210,,210,160,240,210
Y,800,780,680,780,760,699,879,809,929,800,719,859,820,810,799,710,,680,879,,780,750,,,740,790,,810,680,930,790
Y,1215,1205,1115,1195,1205,1129,1239,1225,1405,1245,1149,1249,1180,1220,1220,1190,,1100,1229,,1190,1205,,,1205,1205,,1215,1100,1485,1195
Y,1315,1275,1170,1265,1335,1219,1279,1305,1475,1345,1229,1289,1245,1300,1285,1275,,1170,1269,,1255,1300,,,1290,1280,,1300,1170,1615,1275
Y,820,815,780,820,795,859,919,830,950,870,839,879,840,830,835,850,,780,919,,815,780,,,830,815,,800,780,950,870
Y,1350,1325,1240,1325,1370,1339,1299,1340,1510,1380,1319,1299,1305,1315,1345,1365,,1240,1299,,1305,1325,,,1330,1300,,1340,1240,1640,1365
Y,970,940,810,960,,1039,989,,1109,970,1019,1039,1020,950,,895,,810,969,,,970,,,,940,,940,810,1130,
Y,1450,1450,1250,1440,,1519,1369,,1620,1490,1519,1349,1400,1420,,1450,,1250,1329,,,1430,,,,1430,,1450,1250,1715,
Y,470,480,400,480,490,469,499,489,499,490,469,499,490,480,489,510,,400,499,,420,470,,,480,490,,480,400,520,480
Y,890,890,830,920,890,999,919,895,949,890,999,899,760,890,869,885,,830,949,,880,850,,,900,860,,860,830,1020,890
Y,1410,1360,1250,1330,1360,1499,1259,1399,1509,1380,1499,1269,1330,1340,1399,1350,,1250,1279,,1320,1320,,,1330,1340,,1360,1250,1680,1330
Y,1460,1410,1340,1400,1420,1529,1329,1469,1589,1440,1529,1329,1380,1390,1449,1400,,1340,1339,,1370,1370,,,1360,1380,,1430,1340,1750,1390
Y,1530,1520,1350,1520,,1559,1429,,1690,1570,1559,1389,1450,1470,,1510,,1350,1389,,,1520,,,,1500,,1510,1340,1830,
Y,990,950,910,970,980,1119,1019,1015,1119,980,1099,1059,1040,960,919,995,,910,1019,,960,980,,,970,950,,950,910,1140,995
Y,1565,1540,1330,1520,1520,1619,1389,1589,1729,1550,1619,1369,1530,1460,1535,1560,,1340,1369,,1500,1510,,,1490,1440,,1540,1330,1840,1520
Y,1620,1590,1400,1580,1580,1659,1449,1659,1809,1590,1659,1419,1600,1510,1610,1600,,1400,1419,,1550,1570,,,1530,1520,,1610,1400,1930,1580
Y,740,730,565,730,730,659,689,729,829,730,659,659,730,730,729,730,,570,699,,730,750,,,730,730,,730,570,860,730
Y,1130,1130,930,1130,1130,999,1079,1129,1259,1130,999,1059,1120,1120,1125,1130,,930,1089,,1090,1130,,,1120,1130,,1130,930,1390,1130
Y,310,320,330,270,310,469,229,319,359,300,469,249,330,310,319,320,,330,239,,320,270,,,300,320,,300,330,420,340
Y,1040,1040,980,1050,1040,859,899,1039,1249,1040,889,919,1040,1040,1039,1040,,980,899,,1040,1060,,,1040,1040,,1040,980,1310,1050
Y,290,260,340,260,250,269,239,265,269,250,259,249,260,280,249,275,,340,249,,260,275,,,270,260,,260,340,300,275
Y,240,,,210,,180,,109,259,,180,,,,,240,,,,,,,,,,240,,110,,240,
Y,1000,1060,810,1070,1050,949,949,1039,1139,1060,999,959,1070,1030,1009,1050,,810,969,,1040,1040,,,1015,1070,,1060,810,1440,1050
Y,585,585,530,585,585,569,579,589,599,585,559,559,615,590,589,590,,530,579,,590,585,,,585,590,,585,530,695,590
Y,470,490,440,490,450,399,399,489,479,450,419,399,490,450,439,450,,440,399,,450,440,,,470,490,,460,440,570,460
Y,30,30,50,30,30,75,75,30,30,30,75,75,30,30,30,30,,50,75,,30,30,,,30,30,,30,50,30,30
Y,970,940,695,990,920,719,719,935,989,930,699,719,910,920,919,845,,695,719,,900,900,,,830,920,,900,700,1090,940
Y,380,380,320,380,370,419,339,379,389,380,,329,370,380,399,380,,320,339,,,,,,390,380,,380,320,410,400
Y,320,320,295,320,320,219,239,319,369,320,239,249,320,320,319,320,,290,259,,320,320,,,320,320,,320,290,380,320
Y,350,350,300,360,340,359,319,339,369,340,,319,340,360,359,360,,300,319,,,,,,340,340,,360,300,390,360
Y,290,290,260,290,290,299,289,289,319,290,,289,290,290,299,290,,260,289,,,,,,290,290,,290,260,340,290
Y,240,230,200,250,250,229,219,259,269,250,219,219,240,230,249,230,,200,219,,230,240,,,250,240,,250,200,410,250
Y,470,470,300,470,480,,,489,505,470,,,470,470,469,470,,300,,,470,470,,,470,470,,470,300,570,470
Y,30,30,80,30,30,,,39,39,30,,,30,30,39,30,,80,,,30,30,,,30,30,,30,80,30,30
Y,140,140,160,170,190,189,159,179,199,150,189,189,150,160,159,160,,160,199,,130,110,,,150,160,,150,160,200,140
Y,820,840,635,840,820,699,739,819,959,820,719,739,830,820,819,820,,640,739,,820,830,,,840,820,,830,640,970,830
Y,1225,1230,910,1230,1230,959,939,1229,1419,1230,999,979,1205,1205,1210,1230,,910,999,,1175,1230,,,1205,1230,,1225,910,1470,1230
Y,680,680,560,695,700,579,629,725,769,730,589,599,700,680,689,635,,560,629,,680,680,,,640,680,,680,560,,680
Y,270,260,240,260,270,329,339,279,279,290,329,329,270,260,249,270,,240,329,,260,260,,,270,260,,270,240,280,270
Y,460,460,390,450,440,359,399,439,489,440,359,399,420,440,459,440,,390,399,,420,420,,,440,460,,420,390,460,420
Y,580,590,530,585,580,519,549,589,629,580,519,569,560,595,579,580,,530,549,,560,550,,,550,580,,595,530,660,570
Y,460,490,375,470,480,379,429,499,499,490,389,419,480,480,489,520,,380,429,,470,470,,,480,490,,470,380,530,480
Y,1200,1100,1035,1110,1100,989,969,1190,1259,1180,989,979,1110,1130,1139,1160,,1040,969,,1120,1110,,,1160,1150,,1160,1040,1430,1150
Y,280,310,250,280,280,359,359,289,299,310,359,359,280,310,279,280,,250,359,,270,280,,,280,270,,280,250,290,280
Y,1310,1290,1140,1215,1270,1179,1239,1330,1390,1290,1179,1239,1250,1260,1220,1275,,1140,1259,,1260,1270,,,1255,1220,,1310,1140,1590,1250
Y,1310,1290,1090,1300,1260,1189,1239,1319,1389,1260,1189,1199,1250,1260,1259,1250,,1090,1199,,1240,1270,,,1240,1250,,1310,1090,1590,1250
Y,1510,1500,1330,1500,1530,1529,1399,1509,1669,1540,1539,1369,1415,1430,1519,1470,,1330,1369,,1490,1500,,,1490,1460,,1470,1330,1810,1470
Y,1280,1260,1120,1250,1270,1129,1149,1329,1379,1290,1119,1149,1250,1250,1279,1280,,1120,1159,,1260,1250,,,1260,1230,,1280,1120,1510,1250
Y,2630,2630,1560,2620,2790,2450,2450,2785,2939,2440,2450,2450,2410,2620,2685,2595,,1560,2499,,2410,2510,,,2630,2620,,2620,1560,2840,2640
Y,1530,1530,1250,1530,1530,1259,1269,1530,1615,1530,1259,1279,1530,1530,1530,1530,,1250,1279,,1530,1530,,,1530,1530,,1530,1250,1830,1530
Y,1310,1215,1140,1215,1315,1169,1219,1255,1435,1330,1199,1219,1215,1230,1225,1270,,1140,1199,,1195,1275,,,1220,1220,,1215,1140,1585,1270
Y,110,110,,,,50,,,149,110,50,,110,,,110,,,,,,140,,,110,,,110,,130,110
Y,3230,3140,2140,,,2850,2850,,3529,,2850,2850,,,,3110,,2140,2850,,,,,,,3140,,,2140,,
Y,360,360,,360,360,,,379,409,360,,,360,360,359,360,,,,,360,,,,360,360,,360,,440,360
Y,110,110,70,110,110,119,119,119,129,110,119,119,110,110,119,110,,70,119,,110,110,,,110,110,,110,70,130,110
Y,600,650,440,660,670,519,519,679,679,630,519,519,650,630,639,650,,440,519,,650,650,,,660,660,,630,440,740,670
Y,630,680,490,690,700,539,539,709,719,670,539,539,680,670,679,680,,490,539,,680,680,,,690,690,,670,490,790,700
Y,645,660,540,680,670,559,559,709,719,670,569,559,680,650,649,670,,540,559,,670,700,,,660,680,,650,540,810,700
Y,360,340,260,360,360,259,289,399,369,340,259,289,370,350,349,370,,260,289,,390,360,,,340,370,,380,260,460,370
Y,400,360,280,440,410,399,319,439,389,380,399,319,410,390,399,390,,280,319,,440,390,,,390,400,,410,280,490,400
Y,440,390,300,460,450,479,339,469,479,440,469,339,440,440,419,440,,300,339,,460,450,,,410,440,,440,300,520,440
Y,370,340,220,370,360,259,289,369,359,340,259,289,410,370,339,380,,220,289,,350,340,,,340,370,,380,220,470,410
Y,440,370,270,440,400,399,319,439,399,390,419,299,420,400,379,400,,270,319,,390,360,,,370,400,,420,270,490,450
Y,450,400,280,460,440,479,339,459,489,510,479,329,460,480,419,450,,280,339,,410,440,,,440,440,,450,280,540,460
Y,745,760,640,780,770,659,619,809,819,770,659,619,780,750,749,770,,640,619,,770,800,,,760,730,,750,640,910,800
Y,380,380,320,380,370,419,339,379,389,380,,329,370,380,399,380,,320,339,,,,,,390,380,,380,320,410,400
Y,350,350,300,360,340,359,319,339,369,340,,319,340,360,359,360,,300,319,,,,,,340,340,,360,300,390,360
Y,290,290,260,290,290,299,289,289,319,290,,289,290,290,299,290,,260,289,,,,,,290,290,,290,260,340,290
Y,380,380,320,380,370,419,339,379,389,380,,329,370,380,399,380,,320,339,,,,,,390,380,,380,320,410,400
Y,350,350,300,360,340,359,319,339,369,340,,319,340,360,359,360,,300,319,,,,,,340,340,,360,300,390,360
Y,290,290,260,290,290,299,289,289,319,290,,289,290,290,299,290,,260,289,,,,,,290,290,,290,260,340,290
Y,100,100,100,100,100,100,100,100,100,100,100,100,100,100,100,100,,100,100,,100,100,,,100,100,,100,100,100,100
Y,300,300,300,300,,300,300,,300,300,300,300,,300,,300,,300,300,,,300,,,300,,,,300,300,300
Y,500,500,500,500,,500,500,,500,500,500,500,,500,,500,,500,500,,,500,,,500,,,,500,500,500
Y,1190,1180,990,,1170,1149,1059,1199,1209,,1159,1059,1100,,1179,1195,,990,1059,,1185,,,,1160,1150,,,990,1380,1150
Y,989,989,849,989,989,699,729,989,1189,989,699,729,989,989,989,989,,849,729,,989,989,,,989,989,,989,849,1239,989
Y,719,719,979,719,719,819,879,719,899,719,819,879,719,719,719,719,,979,869,,719,719,,,719,719,,719,979,969,719
Y,530,540,450,530,520,439,469,539,569,530,439,489,520,530,536,495,,450,469,,520,520,,,495,530,,520,440,590,510
Y,1260,1220,1080,1145,1220,1103,1162,1260,1340,1250,1103,1162,1210,1220,1150,1180,,1080,1179,,1200,1200,,,1195,1145,,1220,1080,1490,1210
Y,1390,1410,1230,1420,1400,1489,1349,1429,1599,1440,1499,1329,1375,1380,1449,1410,,1230,1299,,1400,1400,,,1400,1400,,1420,1230,1680,1390
Y,1190,1145,1080,1145,1200,1089,1159,1175,1355,1240,1119,1169,1175,1180,1160,1175,,1080,1159,,1130,1200,,,1160,1145,,1130,1080,1480,1190
Y,1220,1220,1050,1200,1180,1079,1099,1259,1319,1250,1079,1119,1180,1190,1219,1210,,1050,1119,,1180,1180,,,1190,1170,,1200,1050,1470,1190
Y,1150,1050,975,1050,1050,949,929,1149,1179,1110,949,929,1070,1090,1089,1120,,980,929,,1060,1050,,,1100,1110,,1110,980,1320,1080
Y,1340,1330,1125,1315,1290,1149,1169,1295,1380,1290,1129,1169,1260,1315,1350,1280,,1125,1169,,1260,1300,,,1280,1260,,1275,1130,1570,1280
Y,1260,1220,940,1250,1220,1129,1149,1259,1339,1210,1139,1149,1210,1220,1209,1210,,940,1149,,1200,1200,,,1200,1210,,1240,940,1490,1210
Y,1150,1110,910,,1100,1129,999,1139,1139,,1139,999,1110,,1099,1110,,910,979,,1120,,,,1120,1120,,,910,1280,1105
Y,1450,1450,1170,1450,1470,1219,1229,1470,1560,1450,1219,1239,1450,1450,1470,1450,,1170,1249,,1450,1450,,,1450,1450,,1450,1170,1730,1450
Y,60,60,80,50,50,75,75,,59,50,75,75,50,60,,50,,80,75,,50,50,,,50,50,,50,80,60,50
Y,50,50,80,50,50,75,75,59,59,50,75,75,50,50,59,50,,80,75,,60,40,,,50,50,,50,80,60,50
Y,50,50,80,50,50,75,75,,59,50,75,75,50,50,,50,,80,75,,60,40,,,50,50,,50,80,60,50
Y,60,60,100,50,50,75,75,39,59,50,75,75,50,60,39,50,,100,75,,50,50,,,50,50,,50,100,60,50
Y,260,250,230,250,250,279,269,265,269,280,279,279,260,250,215,260,,230,279,,250,240,,,250,250,,260,230,260,260
Y,30,30,25,30,30,50,59,30,30,30,50,59,30,30,30,30,,25,59,,30,30,,,30,30,,30,25,30,30
Y,30,30,25,30,30,50,59,30,30,30,50,59,30,30,30,30,,25,59,,30,30,,,30,30,,30,25,30,30
Y,30,30,130,30,30,,39,30,30,30,,39,30,30,30,30,,130,39,,30,30,,,30,30,,30,130,30,30
Y,60,60,75,60,60,89,89,60,60,60,89,89,60,60,60,60,,75,89,,60,60,,,60,60,,60,75,60,60
Y,230,210,160,200,250,219,189,229,219,150,219,199,210,190,209,210,,160,199,,180,160,,,210,210,,240,160,250,230
Y,1255,1255,1160,1255,1240,1249,1249,1260,1440,1300,1229,1259,1240,1240,1280,1280,,1160,1249,,1240,1240,,,1255,1220,,1255,1160,1520,1280
Y,630,570,510,600,590,569,579,595,669,610,579,619,590,560,599,620,,510,599,,580,600,,,590,560,,610,510,710,595
Y,980,900,850,900,900,849,819,959,1089,910,849,849,940,890,919,940,,850,829,,880,910,,,920,890,,930,850,1260,930
Y,630,590,530,600,590,559,599,605,679,600,589,619,620,560,589,595,,530,619,,580,630,,,590,550,,610,530,720,580
Y,925,880,800,910,915,829,819,915,1055,925,849,849,905,850,885,925,,800,879,,820,955,,,875,890,,915,800,1195,900
Y,350,350,350,350,350,350,350,350,350,350,350,350,350,350,350,350,,350,350,,350,350,,,350,350,,350,350,350,350
Y,199,199,199,199,199,199,199,199,199,199,199,199,199,199,199,199,,199,199,,199,199,,,199,199,,199,199,199,199
Y,600,600,500,600,600,500,500,600,600,600,500,500,600,600,600,600,,500,500,,600,600,,,600,600,,600,500,,600
Y,40,40,,30,30,,,29,39,40,,,40,40,29,30,,,,,30,30,,,40,40,,30,,30,30
Y,100,100,80,100,100,139,139,100,100,100,139,159,100,100,100,100,,80,149,,100,100,,,100,100,,100,80,115,100
Y,370,370,290,370,390,349,369,389,389,370,349,369,370,370,389,370,,290,399,,370,370,,,370,370,,370,290,520,370
Y,310,310,240,310,340,289,299,339,339,310,289,299,310,310,339,310,,240,349,,310,310,,,310,310,,310,240,460,310
Y,270,270,200,270,290,249,249,289,289,270,249,249,270,270,289,270,,200,279,,270,270,,,270,270,,270,200,400,270
Y,370,370,290,370,390,349,369,389,389,370,349,369,370,370,389,370,,290,399,,370,370,,,370,370,,370,290,520,370
Y,310,310,240,310,340,289,299,339,339,310,289,299,310,310,339,310,,240,349,,310,310,,,310,310,,310,240,460,310
Y,270,270,200,270,290,249,249,289,289,270,249,249,270,270,289,270,,200,279,,270,270,,,270,270,,270,200,400,270
Y,370,370,290,370,390,349,369,389,389,370,349,369,370,370,389,370,,290,399,,370,370,,,370,370,,370,290,520,370
Y,310,310,240,310,340,289,299,339,339,310,289,299,310,310,339,310,,240,349,,310,310,,,310,310,,310,240,460,310
Y,270,270,200,270,290,249,249,289,289,270,249,249,270,270,289,270,,200,279,,270,270,,,270,270,,270,200,400,270
Y,200,210,160,210,210,199,189,219,219,210,199,199,210,210,209,210,,160,199,,210,210,,,210,170,,210,160,240,210
Y,395,395,290,395,395,319,319,419,439,395,319,299,370,415,399,395,,290,319,,395,395,,,395,395,,395,290,480,395
Y,395,395,290,395,395,319,319,419,439,395,319,299,370,415,399,395,,290,319,,395,395,,,395,395,,395,290,480,395
Y,700,700,600,700,700,600,600,700,700,700,600,600,700,700,700,700,,600,600,,700,700,,,700,700,,700,600,,700
Y,840,840,740,840,840,719,719,839,969,840,719,719,840,840,839,840,,740,719,,840,840,,,840,840,,840,740,960,840
Y,1450,1450,1160,1450,1440,1149,1149,1460,1615,1450,1149,1149,1440,1450,1460,1450,,1160,1149,,1440,1440,,,1440,1450,,1440,1160,1660,1430
Y,1510,1510,1240,1510,1535,1229,1229,1545,1655,1510,1229,1229,1510,1510,1535,1510,,1240,1229,,1510,1510,,,1510,1510,,1510,1240,1740,1510
Y,720,720,610,720,740,599,599,739,819,720,599,599,720,720,739,720,,610,599,,720,720,,,720,720,,720,610,820,720
Y,1290,1290,1070,1290,1320,1059,1059,1319,1469,1290,1059,1059,1290,1290,1319,1290,,1070,1059,,1290,1290,,,1290,1290,,1290,1070,1470,1290
Y,1360,1360,1140,1360,1400,1129,1129,1399,1560,1360,1129,1129,1360,1360,1399,1360,,1140,1129,,1360,1360,,,1360,1360,,1360,1140,1570,1360
Y,30,30,25,30,30,50,59,30,30,30,50,59,30,30,30,30,,25,59,,30,30,,,30,30,,30,25,30,30
Y,420,420,290,420,420,319,319,420,445,420,319,299,420,420,420,420,,290,319,,420,420,,,420,420,,420,290,480,420
Y,800,800,700,800,800,700,700,800,800,800,700,700,800,800,800,800,,700,700,,800,800,,,800,800,,800,700,,800
Y,495,495,400,495,529,399,399,529,549,495,399,399,495,495,529,495,,400,399,,495,495,,,495,495,,495,400,620,495
Y,495,495,400,495,529,399,399,529,549,495,399,399,495,495,529,495,,400,399,,495,495,,,495,495,,495,400,620,495
Y,1395,1395,1120,1395,1439,1139,1139,1439,1459,1395,1139,1139,1395,1395,1439,1395,,1120,1139,,1395,1395,,,1395,1395,,1395,1120,1525,1395
Y,1455,1455,1220,1455,1499,1239,1239,1499,1519,1455,1239,1239,1455,1455,1499,1455,,1220,1239,,1455,1455,,,1455,1455,,1455,1220,1595,1455
Y,1395,1395,1120,1395,1439,1139,1139,1439,1459,1395,1139,1139,1395,1395,1439,1395,,1120,1139,,1395,1395,,,1395,1395,,1395,1120,1525,1395
Y,1455,1455,1220,1455,1499,1239,1239,1499,1519,1455,1239,1239,1455,1455,1499,1455,,1220,1239,,1455,1455,,,1455,1455,,1455,1220,1595,1455
Y,1395,1395,1120,1395,1439,1139,1139,1439,1459,1395,1139,1139,1395,1395,1439,1395,,1120,1139,,1395,1395,,,1395,1395,,1395,1120,1525,1395
Y,1455,1455,1220,1455,1499,1239,1239,1499,1519,1455,1239,1239,1455,1455,1499,1455,,1220,1239,,1455,1455,,,1455,1455,,1455,1220,1595,1455
Y,1035,1035,950,1035,1075,1149,1049,1075,1090,1035,1139,1049,1070,1035,1075,1035,,950,1049,,1035,1035,,,1035,,,1035,950,1130,1035
Y,1590,1590,1280,1495,1670,1499,1449,1640,1740,1610,1499,1399,1680,1640,1640,1590,,1280,1399,,1495,1610,,,1590,,,1590,1280,1880,1590
Y,1535,1650,1340,1535,1750,1669,1579,1730,1619,1700,1649,1619,1535,1535,1559,1535,,1340,1579,,1650,1535,,,1535,,,1535,1340,1795,1535
Y,25,25,95,25,25,159,159,25,49,25,159,159,25,25,25,25,,95,159,,25,25,,,25,,,25,95,40,25
Y,60,60,85,60,60,149,149,60,60,60,149,149,60,60,60,60,,85,149,,60,60,,,60,60,,60,85,60,60
Y,30,30,25,30,30,59,59,30,30,30,59,59,30,30,30,30,,25,59,,30,30,,,30,30,,30,25,30,30
Y,980,980,795,980,980,869,849,980,1020,980,859,849,980,980,980,980,,795,849,,980,980,,,980,980,,980,795,1070,980
Y,1315,1315,1195,1315,1315,1279,1259,1315,1480,1315,1269,1259,1315,1315,1315,1315,,1195,1259,,1315,1315,,,1315,1315,,1315,1195,1560,1315
Y,1355,1355,1295,1355,1355,1359,1339,1355,1145,1355,1349,1339,1355,1355,1355,1355,,1295,1339,,1355,1355,,,1355,1355,,1355,1295,1655,1355
Y,1040,1040,925,1040,1040,1069,1069,1040,1520,1040,1059,1059,1040,1040,1040,1040,,925,1059,,1040,1040,,,1040,1040,,1040,925,1155,1040
Y,1415,1415,1350,1415,1415,1479,1469,1415,1520,1415,1469,1469,1415,1415,1415,1415,,1350,1469,,1415,1415,,,1415,1415,,1415,1350,1620,1415
Y,1485,1485,1395,1485,1485,1559,1549,1485,1615,1485,1549,1549,1485,1485,1485,1485,,1395,1549,,1485,1485,,,1485,1485,,1485,1395,1715,1485
Y,495,495,400,495,529,399,399,529,549,495,399,399,495,495,529,495,,400,399,,495,495,,,495,495,,495,400,620,495
Y,1395,1395,1120,1395,1439,1139,1139,1439,1459,1395,1139,1139,1395,1395,1439,1395,,1120,1139,,1395,1395,,,1395,1395,,1395,1120,1525,1395
Y,1455,1455,1220,1455,1499,1239,1239,1499,1519,1455,1239,1239,1455,1455,1499,1455,,1220,1239,,1455,1455,,,1455,1455,,1455,1220,1595,1455
Y,1395,1395,1120,1395,1439,1139,1139,1439,1459,1395,1139,1139,1395,1395,1439,1395,,1120,1139,,1395,1395,,,1395,1395,,1395,1120,1525,1395
Y,1455,1455,1220,1455,1499,1239,1239,1499,1519,1455,1239,1239,1455,1455,1499,1455,,1220,1239,,1455,1455,,,1455,1455,,1455,1220,1595,1455
Y,1395,1395,1120,1395,1439,1139,1139,1439,1459,1395,1139,1139,1395,1395,1439,1395,,1120,1139,,1395,1395,,,1395,1395,,1395,1120,1525,1395
Y,1455,1455,1220,1455,1499,1139,1139,1499,1519,1455,1139,1139,1455,1455,1499,1455,,1220,1139,,1455,1455,,,1455,1455,,1455,1220,1595,1455
Y,595,595,515,595,629,559,559,629,615,595,559,559,595,595,629,595,,515,559,,595,595,,,595,595,,595,515,670,595
Y,950,950,770,950,960,819,819,960,1020,950,819,819,950,950,960,950,,770,819,,950,950,,,950,950,,950,770,1250,950
Y,,100,,,,,,,,,,,,,,,,,,,,,,,,,,,,,
Y,,210,,,,,299,,,,,299,,,,,,,299,,,,,,,,,,,,
Y,,110,,,,,,,119,110,,,,,,,,,,,,,,,60,,,,,110,
Y,,60,,60,60,,,59,,60,,,60,60,59,,,,,,60,60,,,60,60,,60,,70,60
Y,,,3910,,,,,,,,,,,,,,,3910,,,,,,,,,,,3910,,
Y,,,10000,,,,,,,,,,,,,,,10000,,,,,,,,,,,10000,,
Y,,,435,,,459,479,,,,459,479,,,,,,440,479,,,,,,,,,,440,,
Y,,,535,,,599,589,,,,599,599,,,,,,540,599,,,,,,,,,,540,,
Y,,,500,,,,,,,,,,,,,,,500,,,,,,,,,,,500,,
Y,,,320,,,,,,,,,,,,,,,320,,,,,,,,,,340,320,,
Y,,,300,,,,,,,,,,,,,,,300,,,,,,,,,,,300,,
Y,,,50,30,30,,,,39,,,,30,30,,,,50,,,30,30,,,30,30,,30,50,30,30
Y,,,60,,,149,149,,,,149,149,,,,,,60,149,,,,,,,,,,60,,
Y,,,100,,,50,,,,,50,,,,,,,100,,,,,,,,,,,100,,
Y,,,100,,,,,,,,,,,,,,,100,,,,,,,,,,,100,,
Y,,,389,,,,,,,,,,,,,,,389,,,,,,,,,,,389,,
Y,,,99,,,,,,,,,,,,,,,99,,,,,,,,,,,99,,
Y,,,119,,,,,,,,,,,,,,,119,,,,,,,,,,,119,,
Y,,,1755,,,1919,1949,,,,1919,1929,,,,,,1745,1919,,,,,,,,,,1750,,
Y,,,260,,,259,289,,,,259,289,,,,,,260,289,,,,,,,,,,260,450,
Y,,,290,,,389,319,,,,399,299,,,,,,290,299,,,,,,,,,,290,480,
Y,,,320,,,459,329,,,,459,319,,,,,,320,319,,,,,,,,,,320,510,
Y,,,100,,,,,,,,,,,,,,,100,,,,,,,,,,,100,,
Y,,,120,,,,,,,,,,,,,,,120,,,,,,,,,,240,120,250,
Y,,,820,,,,,,,,,,,,,,,820,,,,,,,,,,,820,,
Y,,,800,,,769,839,,,,799,859,,,,,,800,839,,,,,,,,,,800,,
Y,,,390,,,379,399,,,,389,389,,,,,,390,399,,,,,,,,,,390,,
Y,,,100,,,,,,,,,,,,,,,100,,,,,,,,,,,100,,
Y,,,100,,,,,,,,,,,,,,,100,,,,,,,,,,,100,,
Y,,,349,,,,,,,,,,,,,,,349,,,,,,,,,,,349,,
Y,,,290,,,389,319,,,,399,299,,,,,,290,299,,,,,,,,,,290,480,
Y,,,410,,,,,,,,,,,,,,,410,,,,,,,,,,,410,,
Y,,,320,,,459,329,,,,459,319,,,,,,320,319,,,,,,,,,,320,510,
Y,,,2355,,,,,,,,,,,,,,,2285,,,,,,,,,,,2290,,
Y,,,200,,,,,,,,,,,,,,,200,,,,,,,,,,,200,,
Y,,,395,,,,,,,,,,,,,,,395,,,,,,,,,,,395,,
Y,,,480,,,,,,,,,,,,,,,480,,,,,,,,,,,480,,
Y,,,460,,,,,,,,,,,,,,,460,,,,,,,,,,,460,,
Y,,,900,,,899,989,,,,969,999,,,,,,900,989,,,,,,,,,,900,,
Y,,,1200,,,,,,,,,,,,,,,1200,,,,,,,,,,,1200,,
Y,,,475,,,559,559,,,,559,559,,,,,,480,559,,,,,,,,,,480,,
Y,,,390,,,399,439,,,,419,429,,,,,,390,419,,,,,,,,,,390,,
Y,,,169,,,,,,,,,,,,,,,169,,,,,,,,,,,169,,
Y,,,340,,,,,,,,,,,,,,,340,,,,,,,,,,,340,,
Y,,,150,,,,,,,,,,,,,,,150,,,,,,,,,,,150,,
Y,,,4900,,,,,,,,,,,,,,,4900,,,,,,,,,,,4900,,
Y,,,390,,,,,,,,,,,,,,,390,,,,,,,,,,,390,,
Y,,,2450,,,2899,2899,,,,2899,2899,,,,,,2430,2899,,,,,,,,,,2430,,
Y,,,1110,,,,,,,,,,,1100,,,,1110,,,,,,,,1100,,,1110,,
Y,,,1400,,,,2950,,,,,2950,,,,,,1400,2899,,,,,,,,,,1400,,
Y,,,200,,,,,,,,,,,,,,,200,,,,,,,,,,,200,,
Y,,,169,,,,,,,,,,,,,,,169,,,,,,,,,,,169,,
Y,,,150,,,,,,,,,,,,,,,150,,,,,,,,,,,150,,
Y,,,795,,,889,919,,,,889,919,,,,,,780,919,,,,,,,,,,780,,
Y,,,795,,,889,919,,,,889,919,,,,,,780,919,,,,,,,,,,780,,
Y,,,795,,,889,919,,,,889,919,,,,,,780,919,,,,,,,,,,780,,
Y,,,1060,,,,,,,1070,,,,1050,,,,1060,,,,,,,,1090,,,1060,,
Y,,,650,,,,,,,,,,,,,,,650,,,,,,,,,,,650,,
Y,,,139,,,,,,,,,,,,,,,139,,,,,,,,,,,139,,
Y,,,200,,,,,,,,,,,,,,,200,,,,,,,,,,,200,,
Y,,,4000,,,,,,,,,,,,,,,4000,,,,,,,,,,,4000,,
Y,,,25,,,,,,,,,,,,,,,25,,,,,,,,,,,25,,
Y,,,25,,,,,,,,,,,,,,,25,,,,,,,,,,,25,,
Y,,,75,,,149,149,,59,,149,149,,,,,,75,149,,,,,,,,,,75,40,
Y,,,30,,,149,149,,,,149,149,,,,,,30,149,,,,,,,,,,30,40,
Y,,,758,,,,,,,,,,,,,,,758,,,,,,,,,,,758,,
Y,,,758,,,,,,,,,,,,,,,758,,,,,,,,,,,758,,
Y,,,75,,,,,,,,,,,,,,,75,,,,,,,,,,,75,,
Y,,,400,,,,,,,,,,,,,,,400,,,,,,,,,,,400,,
Y,,,,60,,,,,,,,,,,,,,,,,,,,,,,,,,,
Y,,,,160,170,,,169,,110,,,,,159,,,,,,,160,,,,,,160,,,
Y,,,,,40,,,,,,,,,,39,,,,,,,,,,,,,,,,
Y,,,,,,4799,4799,,,,4799,4799,,,,,,,4799,,,,,,,,,,,,
Y,,,,,,3899,3899,,,,3899,3899,,,,,,,3899,,,,,,,,,,,,
Y,,,,,,5400,6175,,,,5400,6175,,,,,,,6175,,,,,,,,,,,,
Y,,,,,,67,89,,,,75,89,,,,,,,89,,,,,,,,,,,,
Y,,,,,,100,,,,,100,,,,,,,,,,,,,,,,,,,,
Y,,,,,,519,589,,,,559,579,,,,,,,589,,,,,,,,,,,,
Y,,,,,,599,669,,,,619,659,,,,,,,669,,,,,,,,,,,,
Y,,,,,,,75,,,,,75,,,,,,,75,,,,,,,,,,,,
Y,,,,,,,329,,,,,319,,,,,,,339,,,,,,,,,,,,
Y,,,,,,,89,,,,,,,,,,,,,,,,,,,,,,,,
Y,,,,,,,89,,,,,,,,,,,,,,,,,,,,,,,,
Y,,,,,,,1800,,,,,1800,,,,,,,1800,,1910,,,,,,,,,,
Y,,,,,,,350,,,,,350,,,,,,,350,,,,,,,,,,,,
Y,,,,,,,89,,,,,,,,,,,,,,,,,,,,,,,,
Y,,,,,,,89,,,,,,,,,,,,,,,,,,,,,,,,
Y,,,,,,,2900,,,,,2900,,,,,,,2900,,,,,,,,,,,,
Y,,,,,,,149,,,,,149,,,,,,,149,,,,,,,,,,,,
Y,,,,,,,,179,209,,,,,210,,,,,,,,,,,,,,180,,200,
Y,,,,,,,,209,149,,,,,110,,,,,,,,,,,,,,110,,160,
Y,,,,,,,,,129,,,,,,,,,,,,,,,,,,,120,,130,
Y,,,,,,,,,,370,,,480,,,,,,,,,,,,,,,,,,
Y,,,,,,,,,,,150,,,,,,,,,,,,,,,,,,,,
Y,,,,,,,,,,,150,,,,,,,,,,,,,,,,,,,,
Y,,,,,,,,,,,200,,,,,,,,,,,,,,,,,,,,
Y,,,,,,,,,,,200,,,,,,,,,,,,,,,,,,,,
Y,,,,,,,,,,,,,350,300,,,,,,,,,,,,,,,,,340
Y,,,,,,,,,,,,,350,300,,,,,,,,,,,,,,,,,
Y,,,,,,,,,,,,,380,345,,,,,,,,,,,,370,,,,,
Y,,,,,,,,,,,,,110,,,,,,,,,,,,,,,,,,110
Y,,,,,,,,,,,,,,40,,,,,,,,,,,,,,,,,
Y,,,,,,,,,,,,,,360,,,,,,,,,,,,,,390,,,
Y,,,,,,,,,,,,,,150,,,,,,,,,,,,,,,,,
Y,,,,,,,,,,,,,,360,,,,,,,,,,,260,,,390,,,
Y,,,,,,,,,,,,,,360,,,,,,,,,,,,,,390,,,
Y,,,,,,,,,,,,,,360,,,,,,,,,,,,,,390,,,
Y,,,,,,,,,,,,,,400,,,,,,,,,,,,,,,,,
Y,,,,,,,,,,,,,,,,760,,,,,730,,,,,,,,,,
Y,,,,,,,,,,,,,,,,,,,,,740,,,,,,,,,,
Y,,,,,,,,,,,,,,,,,,,,,,,,,,30,,,,60,
Y,,,,,,,,,,,,,,,,,,,,,,,,,,,,,,1670,
Y,,,,,,,,,,,,,,,,,,,,,,,,,,,,,,490,
Y,,,,,,,,,,,,,,,,,,,,,,,,,,,,,,1490,
Y,,,,,,,,,,,,,,,,,,,,,,,,,,,,,,1390,
Y,,,,,,,,,,,,,,,,,,,,,,,,,,,,,,730,
Y,,,,,,,,,,,,,,,,,,,,,,,,,,,,,,1710,
Y,,,,,,,,,,,,,,,,,,,,,,,,,,,,,,1620,
Y,,,,,,,,,,,,,,,,,,,,,,,,,,,,,,1090,
Y,,,,,,,,,,,,,,,,,,,,,,,,,,,,,,810,
