any,226,3631,4163,4206,4703,5701,6139,6435,6770,6814,7107,7608,7611,8067,12500,12530,13848,14293,17071,17332,23556,24984,31034,32780,32975,33658,35345
Y,199,179,199,289,289,229,229,150,299,179,149,219,209,199,229,295,249,209,209,299,179,199,,199,289,219,229
Y,249,189,239,299,299,239,279,220,350,189,189,239,249,209,239,350,259,229,229,319,199,249,,209,299,259,239
Y,359,339,379,489,489,359,389,350,450,289,319,339,359,359,359,450,389,329,339,489,339,359,,359,489,399,339
Y,499,519,579,629,629,499,629,650,699,459,479,499,499,529,509,675,599,499,529,629,499,499,,519,659,629,519
Y,519,519,579,729,729,529,599,695,759,569,549,509,529,539,559,775,599,499,569,699,539,529,,519,699,629,499
Y,139,139,129,119,119,139,139,135,119,139,139,149,129,149,139,115,129,129,129,119,139,139,,139,119,129,129
Y,189,179,229,239,229,189,269,165,219,199,179,209,189,219,189,200,249,189,189,239,189,189,,219,219,259,189
Y,399,429,449,489,499,399,489,515,575,449,429,459,459,469,449,585,449,429,439,499,409,399,,409,519,469,459
Y,449,479,499,599,569,459,559,585,625,529,499,509,599,559,499,655,499,539,499,549,489,449,,499,589,539,539
Y,269,189,239,269,289,269,259,185,269,239,179,189,219,199,289,260,229,189,179,269,189,269,,199,249,259,239
Y,159,169,199,189,199,159,219,130,250,169,169,139,129,169,179,250,199,159,149,189,169,159,,179,189,229,159
Y,259,159,239,239,249,259,259,210,250,249,159,229,219,229,259,250,249,249,239,239,179,259,,249,239,259,249
Y,419,419,449,569,559,439,499,515,525,399,399,379,349,439,439,525,469,349,369,549,439,429,,429,569,459,369
Y,100,139,100,139,139,100,100,139,139,100,139,139,139,139,100,139,100,139,139,139,139,100,,139,139,100,139
Y,299,349,359,399,399,299,379,370,475,369,339,309,319,319,299,475,359,309,319,399,349,299,,319,399,379,319
Y,600,749,600,869,859,600,600,960,1050,729,729,600,600,600,600,1050,600,600,600,849,699,600,,600,869,600,600
Y,279,189,289,349,349,269,289,225,340,219,189,259,299,259,289,340,289,249,249,349,189,279,,239,349,289,279
Y,199,179,239,219,199,199,219,190,250,199,159,169,169,159,169,250,259,159,179,199,159,199,,149,199,239,219
Y,100,139,149,169,169,100,149,100,100,139,139,149,149,149,100,100,149,149,149,169,139,100,,149,169,149,149
Y,5600,,,,,5600,700,,1,,,,,,,1,,,,,,5600,,,,,
Y,269,189,239,329,329,269,249,230,375,229,179,199,239,209,289,375,249,199,189,329,179,269,,219,329,259,259
Y,100,100,149,139,139,100,149,139,,100,100,100,100,100,100,,149,100,100,139,100,100,,100,139,149,100
Y,139,139,139,139,139,139,139,150,139,139,139,139,139,139,139,139,139,139,139,139,139,139,,139,139,139,139
Y,139,139,129,119,119,139,139,135,119,139,139,149,129,149,139,115,129,129,129,119,139,139,,139,119,129,129
Y,419,300,449,539,549,429,459,300,300,300,300,369,349,369,419,300,459,349,349,529,300,419,,359,539,469,369
Y,489,449,489,579,569,499,519,495,525,399,469,439,439,419,499,525,499,419,419,559,429,489,,399,569,539,449
Y,489,429,479,579,559,499,489,475,510,469,429,409,429,399,499,510,499,379,369,549,439,499,,379,579,499,429
Y,199,229,299,,,199,299,225,350,249,229,179,179,179,199,325,299,179,179,,229,199,,179,,349,179
Y,919,869,949,1149,1149,919,949,1050,1149,869,879,1019,1029,1019,969,1150,979,989,969,1129,859,929,,1039,1149,979,969
Y,839,819,909,1079,1079,839,919,985,1049,779,829,959,949,959,929,1050,909,939,899,1069,819,839,,979,1079,939,899
Y,559,529,589,779,779,559,589,675,750,539,549,669,659,669,599,750,599,629,629,779,529,559,,669,779,619,629
Y,29,39,39,39,39,29,39,30,30,59,39,39,39,39,29,30,39,39,39,39,39,29,,39,39,39,39
Y,559,539,559,669,649,569,589,645,725,479,549,589,559,539,619,725,589,539,529,619,549,579,,549,669,599,579
Y,849,829,909,1059,1059,849,909,1010,1109,799,819,889,889,879,879,1110,949,869,849,1059,819,859,,889,1059,929,869
Y,779,779,869,999,999,779,869,945,1009,679,779,829,829,819,839,1010,889,819,779,999,779,779,,839,999,889,799
Y,479,479,559,719,679,479,569,625,729,459,499,509,519,499,499,720,579,489,489,689,479,479,,499,679,559,509
Y,59,59,59,79,69,59,59,60,79,139,59,49,49,49,69,75,59,79,49,79,59,59,,49,79,79,49
Y,349,239,339,289,289,349,339,240,350,219,239,329,299,299,349,350,339,329,299,289,239,349,,299,289,339,299
Y,449,419,439,389,389,449,439,400,450,319,419,379,349,349,449,450,439,359,349,389,419,449,,349,389,439,349
Y,499,459,499,449,449,499,499,450,550,369,479,419,379,379,499,550,499,389,379,449,459,499,,389,449,499,389
Y,139,129,119,100,100,139,100,100,100,119,129,129,100,129,139,100,100,100,100,100,129,139,,129,100,100,100
Y,139,139,139,139,139,139,139,160,139,149,139,139,139,139,139,139,139,139,139,139,139,139,,139,139,139,139
Y,779,,,,,779,946,,,,,,,,,,,,,,,779,,,,,
Y,749,629,719,719,749,759,779,710,739,639,608,689,649,659,759,755,719,649,629,729,629,749,,659,729,769,699
Y,779,619,749,739,739,779,749,769,809,659,608,699,699,689,789,785,749,609,589,739,629,779,,689,739,749,729
Y,689,609,689,759,759,699,719,710,739,619,589,639,589,679,709,755,719,609,619,759,639,699,,679,759,719,629
Y,159,169,149,139,139,159,159,155,175,159,169,169,149,169,159,175,149,149,159,139,159,159,,159,139,149,149
Y,100,139,149,169,169,100,149,100,100,139,139,149,149,149,100,100,149,149,149,169,139,100,,149,169,149,149
Y,249,179,259,269,269,239,269,250,300,199,179,239,219,229,259,300,269,219,219,269,179,249,,229,269,269,219
Y,369,319,329,339,339,369,359,355,300,319,269,299,349,339,339,320,299,299,319,329,279,359,,319,359,369,299
Y,369,319,329,339,339,369,359,355,300,319,269,299,349,339,339,320,299,299,319,329,279,359,,319,359,369,299
Y,349,239,339,289,289,349,339,240,350,219,239,329,299,299,349,350,339,329,299,289,239,349,,299,289,339,299
Y,289,159,219,219,269,289,249,225,269,259,159,199,189,169,259,280,199,189,189,259,189,269,,199,229,239,169
Y,909,859,939,1139,1129,909,949,1040,1149,859,879,999,1029,979,969,1150,979,989,969,1119,859,919,,1009,1129,979,969
Y,829,809,889,1079,1059,829,899,975,1049,769,829,949,939,919,929,1050,909,939,899,1059,819,829,,949,1059,939,899
Y,549,519,569,779,779,549,589,675,750,529,549,649,659,619,599,750,599,629,629,779,529,549,,629,779,619,629
Y,449,419,439,389,389,449,439,400,450,319,419,379,349,349,449,450,439,359,349,389,419,449,,349,389,439,349
Y,819,819,879,1049,1039,819,879,980,1109,789,819,879,889,869,879,1110,919,869,849,1029,819,829,,879,1039,909,869
Y,739,779,829,979,969,739,839,915,1009,679,779,819,809,809,819,1010,849,819,779,969,779,739,,829,969,869,799
Y,439,479,499,679,659,439,499,595,700,449,479,499,499,489,499,700,539,489,489,659,479,439,,489,669,539,509
Y,499,459,499,449,449,499,499,450,550,369,479,419,379,379,499,550,499,389,379,449,459,499,,389,449,499,389
Y,349,239,339,289,289,349,339,240,350,219,239,329,299,299,349,350,339,329,299,289,239,349,,299,289,339,299
Y,449,419,439,389,389,449,439,400,450,319,419,379,349,349,449,450,439,359,349,389,419,449,,349,389,439,349
Y,499,459,499,449,449,499,499,450,550,369,479,419,379,379,499,550,499,389,379,449,459,499,,389,449,499,389
Y,159,169,149,139,139,159,159,155,175,159,169,169,149,169,159,175,149,149,159,139,159,159,,159,139,149,149
Y,100,100,149,139,139,100,149,139,,100,100,100,119,100,100,,149,119,119,139,100,100,,100,139,149,119
Y,100,139,100,139,139,100,100,139,139,100,139,139,139,139,100,139,100,139,139,139,139,100,,139,139,100,139
Y,139,139,139,139,139,139,139,139,139,139,139,139,139,139,139,139,139,139,139,139,139,139,,139,139,139,139
Y,139,139,139,139,139,139,139,139,139,139,139,139,139,139,139,139,139,139,139,139,139,139,,139,139,139,139
Y,179,189,169,159,159,179,179,190,200,179,189,189,169,189,179,215,179,169,179,159,179,179,,179,159,169,169
Y,179,189,169,159,159,179,179,190,200,179,189,189,169,189,179,215,179,169,179,159,179,179,,179,159,169,169
Y,179,,159,159,159,179,129,100,100,159,,179,129,179,179,100,129,129,129,159,,,,179,159,159,129
Y,219,249,259,269,269,219,289,250,350,269,249,219,229,229,219,325,259,239,229,269,249,219,,219,269,259,239
Y,100,100,149,139,139,100,149,139,,100,100,100,119,100,100,,149,119,119,139,100,100,,100,139,149,119
Y,100,139,100,139,139,100,100,139,139,100,139,139,139,139,100,139,100,139,139,139,139,100,,139,139,100,139
Y,139,139,139,139,139,139,139,139,139,139,139,139,139,139,139,139,139,139,139,139,139,139,,139,139,139,139
Y,139,139,139,139,139,139,139,139,139,139,139,139,139,139,139,139,139,139,139,139,139,139,,139,139,139,139
Y,69,29,49,39,39,69,49,30,59,39,29,39,39,39,69,50,49,39,39,39,29,69,,39,39,39,39
Y,159,,139,139,139,159,119,100,100,149,,149,119,149,159,100,119,119,119,139,,,,149,139,139,119
Y,299,289,359,459,459,299,379,300,400,279,299,319,329,299,299,400,369,309,329,449,289,299,,299,459,389,329
Y,479,439,539,489,479,479,519,475,549,479,449,449,479,469,499,565,519,469,519,519,459,479,,449,499,519,489
Y,100,100,149,139,139,100,149,139,,100,100,100,119,100,100,,149,119,119,139,100,100,,100,139,149,119
Y,100,139,100,139,139,100,100,139,139,100,139,139,139,139,100,139,100,139,139,139,139,100,,139,139,100,139
Y,139,139,139,139,139,139,139,139,139,139,139,139,139,139,139,139,139,139,139,139,139,139,,139,139,139,139
Y,139,139,139,139,139,139,139,139,139,139,139,139,139,139,139,139,139,139,139,139,139,139,,139,139,139,139
Y,100,100,149,139,139,100,149,139,,100,100,100,119,100,100,,149,119,119,139,100,100,,100,139,149,119
Y,100,139,100,139,139,100,100,139,139,100,139,139,139,139,100,139,100,139,139,139,139,100,,139,139,100,139
Y,139,139,139,139,139,139,139,139,139,139,139,139,139,139,139,139,139,139,139,139,139,139,,139,139,139,139
Y,139,139,139,139,139,139,139,139,139,139,139,139,139,139,139,139,139,139,139,139,139,139,,139,139,139,139
Y,39,59,39,,,39,39,15,50,29,59,,,,39,50,39,,,,59,39,,,,39,
Y,189,149,159,199,219,179,189,195,175,179,149,149,149,169,169,175,169,169,159,199,149,169,,159,229,179,169
Y,100,100,149,139,139,100,149,139,,100,100,100,119,100,100,,149,119,119,139,100,100,,100,139,149,119
Y,100,139,100,139,139,100,100,139,139,100,139,139,139,139,100,139,100,139,139,139,139,100,,139,139,100,139
Y,139,139,139,139,139,139,139,139,139,139,139,139,139,139,139,139,139,139,139,139,139,139,,139,139,139,139
Y,139,139,139,139,139,139,139,139,139,139,139,139,139,139,139,139,139,139,139,139,139,139,,139,139,139,139
Y,599,499,549,,,599,559,515,599,499,519,529,529,479,599,580,519,479,499,,529,599,,519,,559,489
Y,29,30,,15,15,29,,20,,,30,,,,29,,,,,15,30,29,,,15,,
Y,29,30,,15,15,29,,20,,,30,,,,29,,,,,15,30,29,,,15,,
Y,29,30,,15,15,29,,20,,,30,,,,29,,,,,15,30,29,,,15,,
Y,29,,29,,,29,29,,,,,,,,29,,29,,,,,29,,,,29,
Y,29,15,25,15,15,29,25,,,,15,,,,29,,25,,,15,15,29,,,15,25,
Y,29,30,,15,15,29,,20,,,30,,,,29,,,,,15,30,29,,,15,,
Y,100,100,,100,100,100,,,,,100,,,100,100,,,,,100,100,100,,100,100,,
Y,500,500,,500,500,500,,,500,,500,,,500,500,,,,,500,500,500,,500,500,,
Y,49,60,,15,15,49,,25,,,60,,,,49,,,,,15,60,49,,,15,,
Y,29,35,20,,,29,20,20,10,29,35,,,,29,10,20,,,,35,29,,,,,
Y,29,,35,,,29,35,,50,,,,,,29,50,35,,,,,29,,,,,
Y,139,,,,,139,,,,,,,,,139,,,,,,,139,,,,,
Y,399,399,459,579,579,399,479,415,569,329,419,469,469,469,429,560,469,419,449,579,379,399,,429,579,479,439
Y,39,85,59,79,79,39,59,50,100,99,85,35,35,35,39,100,59,35,35,79,85,39,,35,79,59,35
Y,600,,,,,600,,,,,,,,,839,,,,,,,600,,,,,
Y,139,,,,,139,,,,,,100,100,100,139,,,100,100,,,139,,100,,,100
Y,489,399,399,,,489,419,,725,299,399,479,509,459,509,725,409,509,509,,399,489,,459,,389,509
Y,659,499,449,,,659,539,,850,499,499,599,609,579,679,850,449,609,609,,499,659,,579,,469,609
Y,269,,239,,,269,239,,300,,,,,199,269,300,239,219,199,,,269,,199,,239,199
Y,269,229,269,199,239,269,269,240,329,239,229,249,229,229,269,320,269,239,229,199,229,269,,229,199,269,229
Y,299,259,289,279,279,299,289,280,439,289,259,279,249,249,299,425,289,259,249,279,269,299,,259,279,289,259
Y,269,229,269,199,239,269,269,240,329,239,229,249,229,229,269,320,269,239,229,199,229,269,,229,199,269,229
Y,299,259,289,279,279,299,289,280,439,289,259,279,249,249,299,425,289,259,249,279,269,299,,259,279,289,259
Y,269,229,269,199,239,269,269,240,329,239,229,249,229,229,269,320,269,239,229,199,229,269,,229,199,269,229
Y,299,259,289,279,279,299,289,280,439,289,259,279,249,249,299,425,289,259,249,279,269,299,,259,279,289,259
Y,269,,239,,,269,239,,300,,,,,,269,300,239,,,,,269,,,,239,
Y,100,69,69,,,100,80,100,75,79,69,59,71,59,100,75,73,71,71,,69,100,,59,,70,71
Y,269,,239,,,269,239,,300,,,,,,269,300,239,,,,,269,,,,239,
Y,100,100,149,139,139,100,149,139,,100,100,100,119,100,100,,149,119,119,139,100,100,,100,139,149,119
Y,100,139,100,139,139,100,100,139,139,100,139,139,139,139,100,139,100,139,139,139,139,100,,139,139,100,139
Y,139,139,139,139,139,139,139,139,139,139,139,139,139,139,139,139,139,139,139,139,139,139,,139,139,139,139
Y,139,139,139,139,139,139,139,139,139,139,139,139,139,139,139,139,139,139,139,139,139,139,,139,139,139,139
Y,229,149,299,200,200,229,299,220,300,239,149,239,219,239,229,300,299,219,219,200,139,229,,229,200,299,219
Y,289,169,339,379,379,289,339,285,375,279,169,279,239,279,289,375,339,239,259,379,159,289,,259,379,339,239
Y,319,189,359,419,419,319,359,350,425,319,189,319,279,319,319,425,359,279,289,419,179,319,,289,419,359,279
Y,349,239,339,289,289,349,339,240,350,239,239,269,239,269,349,350,339,239,239,289,239,349,,259,289,339,239
Y,449,419,439,389,389,449,439,400,450,299,419,319,269,319,449,450,439,269,289,389,419,449,,289,389,439,269
Y,499,459,499,449,449,499,499,450,550,379,479,349,319,349,499,550,499,319,329,449,459,499,,329,449,499,319
Y,349,239,339,289,289,349,339,240,350,239,239,269,239,269,349,350,339,239,239,289,239,349,,259,289,339,239
Y,449,419,439,389,389,449,439,400,450,299,419,319,269,319,349,450,439,269,289,389,419,449,,289,389,439,269
Y,499,459,499,449,449,499,499,450,550,379,479,349,319,349,449,550,499,319,329,449,459,449,,329,449,499,319
Y,349,239,339,289,289,349,339,240,350,249,239,259,219,259,349,350,339,219,219,289,239,349,,239,289,339,219
Y,449,419,439,389,389,449,439,400,450,319,419,289,259,289,449,450,439,259,279,389,419,449,,279,389,439,259
Y,499,459,499,449,449,449,499,450,550,339,459,329,289,229,449,550,499,289,319,449,459,449,,319,449,499,289
Y,59,59,,79,69,59,,60,79,139,59,49,49,49,69,79,,79,49,79,59,59,,49,79,,49
Y,339,279,299,389,379,339,399,300,400,349,299,319,289,259,359,400,319,289,299,379,299,339,,259,379,359,259
Y,379,299,449,419,399,379,449,390,369,299,329,279,319,249,399,360,449,319,299,419,329,379,,269,449,419,259
Y,489,419,519,489,499,489,499,495,469,389,429,299,399,319,469,460,499,399,379,499,429,489,,329,519,519,329
Y,549,439,549,579,569,549,549,545,539,439,459,399,419,379,529,535,549,419,399,579,479,549,,399,579,569,419
Y,379,299,449,419,399,379,449,390,369,299,329,279,319,249,399,360,449,319,299,419,329,379,,269,449,419,259
Y,489,419,519,489,499,489,499,495,469,389,429,299,399,319,469,460,499,399,379,499,429,489,,329,519,519,329
Y,349,239,339,289,289,349,339,240,350,249,239,259,219,259,349,350,339,219,219,289,239,349,,239,289,339,219
Y,549,439,549,579,569,549,549,545,539,439,459,399,419,379,529,535,549,419,399,579,479,549,,399,579,569,419
Y,449,419,439,389,389,449,439,400,450,319,419,289,259,289,449,450,439,259,279,389,419,449,,279,389,439,259
Y,499,459,499,449,449,499,499,450,550,339,459,329,289,329,499,550,499,289,319,449,459,499,,319,449,499,289
Y,379,299,449,419,399,379,449,390,369,299,329,279,319,249,399,360,449,319,299,419,329,379,,269,449,419,259
Y,489,419,519,489,499,489,499,495,469,389,429,299,399,319,469,460,499,399,379,499,429,489,,329,519,519,329
Y,569,539,549,619,619,569,589,595,575,619,539,549,539,589,569,575,559,529,479,599,529,579,,539,619,569,549
Y,579,539,549,599,599,579,589,595,575,619,539,559,539,589,579,585,559,529,489,599,529,589,,539,599,559,549
Y,549,439,549,579,569,549,549,545,539,439,459,399,419,379,529,535,549,419,399,579,479,549,,399,579,569,419
Y,229,159,239,239,229,229,259,175,269,199,159,199,169,239,229,260,239,169,139,229,169,229,,189,219,249,169
Y,39,59,69,50,50,39,69,40,50,,59,,,,39,50,69,,,50,59,39,,,50,39,
Y,319,349,369,319,319,319,369,400,450,299,349,289,259,289,319,450,369,259,279,319,349,319,,279,319,369,259
Y,859,749,839,879,879,859,879,870,869,829,749,819,759,849,849,890,839,759,689,859,759,859,,799,879,859,799
Y,849,729,839,859,859,849,859,870,869,789,719,809,749,839,839,890,839,749,789,859,749,849,,799,859,829,789
Y,349,239,339,289,289,349,339,240,350,239,239,269,239,269,349,350,339,239,239,289,239,349,,259,289,339,239
Y,499,459,499,449,449,499,499,450,550,379,479,349,319,349,499,550,499,319,329,449,459,499,,329,449,499,319
Y,349,239,339,289,289,349,339,240,350,249,239,269,229,269,349,350,339,229,229,289,239,349,,249,289,339,229
Y,499,459,499,449,449,499,499,450,550,419,459,339,299,339,499,550,499,299,319,449,459,499,,319,449,499,299
Y,349,239,339,289,289,349,339,240,350,249,239,259,219,259,349,350,339,219,219,289,239,349,,239,289,339,219
Y,499,459,499,449,449,499,499,450,550,339,459,329,289,329,499,550,499,289,319,449,459,499,,319,449,499,289
Y,100,99,,,,100,,95,100,139,99,,,,100,100,,,,,99,100,,,,,
Y,239,239,319,269,269,239,319,260,350,259,239,259,219,259,239,350,319,219,219,269,239,239,,239,269,319,219
Y,60,25,39,,,60,39,30,50,39,25,,,,,50,39,,,,25,60,,,,39,
Y,60,25,39,,,60,39,30,50,39,25,,,,,50,39,,,,25,60,,,,39,
Y,49,40,39,,,49,39,30,50,39,40,30,30,30,49,50,39,30,30,,40,49,,30,,39,30
Y,50,99,200,200,200,50,200,75,100,99,99,50,75,50,50,100,200,75,75,200,99,50,,50,200,200,75
Y,449,419,439,389,389,449,439,400,450,319,419,289,259,289,449,450,439,259,279,389,419,449,,279,389,439,259
Y,449,419,439,389,389,449,439,400,450,299,419,319,269,319,449,450,439,269,289,389,419,449,,289,389,439,269
Y,289,249,319,359,349,289,359,335,329,319,259,289,249,249,259,325,329,239,269,369,239,289,,269,359,319,279
Y,459,429,419,479,479,459,459,450,500,399,399,359,359,359,439,500,429,319,349,479,399,459,,379,479,479,369
Y,449,409,439,389,389,449,439,420,450,349,409,299,269,299,449,450,439,269,279,389,409,449,,279,389,439,269
Y,349,239,339,289,289,349,339,240,325,259,239,329,299,299,349,325,339,329,299,289,239,349,,299,289,339,299
Y,449,409,439,389,389,449,439,400,500,329,409,379,349,349,449,500,439,359,349,389,409,449,,349,389,439,349
Y,499,459,499,449,449,499,499,450,550,409,459,419,379,379,499,550,499,389,379,449,459,499,,389,449,499,489
Y,499,459,499,449,449,499,499,450,550,419,459,329,289,329,499,550,499,289,319,449,459,499,,319,449,499,289
Y,289,249,319,359,349,289,359,335,329,319,259,289,249,249,259,325,329,239,269,369,239,289,,269,359,319,279
Y,459,429,419,479,479,459,459,450,500,399,399,359,359,359,439,500,429,319,349,479,399,459,,379,479,479,369
Y,499,499,569,549,559,499,549,560,559,439,479,459,449,449,489,550,569,419,479,569,459,499,,489,569,579,479
Y,69,139,99,159,159,69,99,80,125,99,139,159,139,189,79,125,99,139,139,159,139,69,,169,159,109,139
Y,449,409,439,389,389,449,439,400,500,319,409,289,259,289,449,500,439,259,279,389,409,449,,279,389,439,259
Y,349,239,339,289,289,349,339,240,325,249,239,259,219,259,349,325,339,219,219,289,239,349,,239,289,339,219
Y,449,419,439,479,479,449,439,475,500,439,439,429,419,389,479,500,459,399,419,479,419,439,,419,479,469,399
Y,519,499,539,539,549,499,569,540,569,539,489,469,449,449,519,550,539,469,449,539,499,499,,489,539,569,499
Y,499,499,569,549,559,499,549,560,559,439,479,459,449,449,489,550,569,419,479,569,459,499,,489,569,579,479
Y,100,100,149,139,139,100,149,139,,100,100,100,119,100,100,,149,119,119,139,100,100,,100,139,149,119
Y,100,139,100,139,139,100,100,139,139,100,139,139,139,139,100,139,100,139,139,139,139,100,,139,139,100,139
Y,139,139,139,139,139,139,139,139,139,139,139,139,139,139,139,139,139,139,139,139,139,139,,139,139,139,139
Y,139,139,139,139,139,139,139,139,139,139,139,139,139,139,139,139,139,139,139,139,139,139,,139,139,139,139
Y,100,100,149,139,139,100,149,139,,100,100,100,109,100,100,,149,109,109,139,100,100,,100,139,149,109
Y,100,139,100,139,139,100,100,139,139,100,139,139,139,139,100,139,100,139,139,139,139,100,,139,139,100,139
Y,849,869,929,949,949,849,919,985,1089,859,859,849,839,849,869,1085,939,829,829,929,829,859,,879,949,949,829
Y,100,139,149,169,169,100,149,100,100,139,139,149,149,149,100,100,149,149,149,169,139,100,,149,169,149,149
Y,349,239,,289,289,349,,240,350,239,239,269,239,269,349,350,,239,239,289,239,349,,259,289,,239
Y,449,419,,389,389,449,,400,450,299,419,319,269,319,449,450,,269,289,389,419,449,,289,389,,269
Y,499,459,,449,449,499,,450,550,379,479,349,319,349,499,550,,319,329,449,459,499,,324,449,,319
Y,349,239,339,289,289,349,339,240,350,249,239,259,219,259,349,350,339,219,219,289,239,349,,239,289,339,219
Y,449,419,439,389,389,449,439,400,450,319,419,289,259,289,449,450,439,259,279,389,419,449,,279,389,439,259
Y,499,459,499,449,449,499,499,450,550,339,459,329,289,329,499,550,499,289,319,449,459,499,,319,449,499,289
Y,269,229,269,199,239,269,249,240,329,239,229,249,229,229,269,320,269,239,229,199,229,269,,229,199,279,229
Y,299,259,289,279,279,299,279,280,439,289,259,279,249,249,299,425,299,259,249,279,269,299,,259,279,299,259
Y,369,269,329,329,329,369,329,109,350,299,259,279,309,289,369,350,329,279,269,329,259,369,,289,329,329,329
Y,719,699,719,929,919,729,729,795,950,729,719,679,659,699,709,950,699,689,729,899,689,719,,679,929,799,689
Y,139,139,139,139,139,139,139,150,139,139,139,139,139,139,139,139,139,139,139,139,139,139,,139,139,139,139
Y,139,139,139,139,139,139,139,160,139,149,139,139,139,139,139,139,139,139,139,139,139,139,,139,139,139,139
Y,449,419,459,479,479,449,459,475,500,439,439,429,419,389,479,500,459,399,419,479,419,439,,419,479,459,399
Y,519,499,559,539,549,499,559,540,569,539,489,469,449,449,519,550,559,469,449,539,499,499,,489,539,559,499
Y,369,289,359,359,339,379,359,360,325,299,269,259,239,249,389,325,359,249,249,359,289,389,,289,339,359,299
Y,369,289,359,359,339,379,349,360,325,299,269,259,239,249,389,325,349,249,249,359,289,389,,289,339,349,299
Y,269,289,269,299,299,279,299,195,200,229,259,259,289,269,249,210,269,259,249,299,269,289,,249,299,299,269
Y,299,339,349,349,369,299,349,280,250,319,319,299,299,339,299,250,349,299,299,359,329,299,,299,349,349,299
Y,739,669,719,789,779,739,759,795,850,679,669,759,779,729,749,860,759,749,719,759,679,739,,719,789,729,749
Y,689,549,679,749,749,699,709,705,609,619,549,629,589,609,689,630,709,609,609,749,569,689,,619,749,709,619
Y,399,319,469,439,419,399,469,430,369,319,349,299,339,269,419,360,469,339,319,439,349,399,,289,469,439,279
Y,519,439,539,519,519,519,519,525,469,419,449,319,419,339,539,460,519,419,399,519,449,519,,349,539,539,349
Y,569,459,569,599,589,569,569,575,539,449,479,419,439,399,589,535,569,439,419,599,499,569,,419,599,589,439
Y,449,429,519,479,469,459,499,480,539,459,439,429,459,449,459,545,499,459,499,489,439,469,,429,489,499,469
Y,449,429,519,479,469,459,499,480,539,459,439,429,459,449,459,545,499,459,499,489,439,469,,429,489,499,469
Y,59,110,79,79,79,59,79,50,125,119,110,35,35,35,59,125,79,35,35,79,110,59,,35,79,79,35
Y,29,39,39,50,50,29,39,40,30,,39,39,39,39,29,30,39,39,39,50,39,29,,39,50,39,39
Y,119,200,200,199,199,119,200,100,250,149,200,110,159,110,119,250,200,159,159,199,200,119,,110,199,200,159
Y,229,250,289,300,300,229,289,300,300,229,250,220,220,220,229,300,289,220,220,300,250,229,,220,300,289,220
Y,339,389,439,369,369,339,439,425,550,339,389,329,289,329,339,550,439,289,319,369,389,339,,319,369,439,289
Y,1429,,1299,,,1429,1299,,,,,,,,1429,,1299,,,,,1429,,,,799,
Y,239,219,259,,,239,239,125,300,199,239,199,199,199,199,300,199,169,219,,219,239,,199,,319,259
Y,89,125,159,200,200,89,159,90,175,119,125,130,130,130,89,175,159,130,130,200,125,89,,130,200,159,130
Y,629,539,619,799,799,629,619,715,779,609,569,649,639,619,639,795,619,619,609,799,579,629,,629,799,649,609
Y,899,829,939,1099,1099,899,949,1020,1069,829,849,899,859,849,959,1090,929,849,849,1089,859,899,,869,1099,959,849
Y,979,879,979,1169,1169,979,979,1085,1169,899,889,949,909,899,999,1190,999,899,899,1149,899,989,,919,1169,999,899
Y,659,619,679,879,879,669,699,795,879,659,629,699,689,689,659,880,719,669,699,879,619,649,,729,879,789,699
Y,999,929,1029,1209,1209,999,1039,1130,1229,959,919,969,939,939,1019,1235,1059,939,939,1189,919,999,,989,1209,1069,939
Y,769,,759,969,949,779,769,870,975,749,,739,709,739,759,975,739,739,779,939,,769,,739,969,859,729
Y,1119,,1059,1299,1299,1129,1069,1204,1325,949,,989,919,939,1149,1325,1069,949,929,1299,,1119,,939,1299,1119,939
Y,229,189,269,379,379,229,279,290,400,219,189,199,229,259,249,400,269,199,239,379,189,229,,239,379,279,249
Y,1199,,1149,1349,1349,1199,1159,1274,1425,1059,,1039,999,1019,1189,1425,1159,1019,1019,1349,,1199,,1019,1349,1169,1009
Y,789,759,819,1089,1069,799,829,925,1050,829,779,799,769,829,819,1050,799,799,849,1059,759,789,,829,1089,929,749
Y,1159,1059,1129,1379,1379,1159,1129,1259,1375,1029,1079,1019,959,989,1199,1375,1129,969,949,1379,1059,1159,,1019,1379,1169,959
Y,1239,1129,1219,1429,1429,1239,1219,1349,1475,1079,1139,1059,1029,1129,1239,1475,1219,1029,1039,1429,1129,1239,,1059,1429,1239,1029
Y,100,100,149,,,100,149,139,,100,100,100,119,100,100,,149,119,119,,100,100,,100,,149,119
Y,100,139,100,,,100,100,139,,100,139,139,139,139,100,,100,139,139,,139,100,,139,,100,139
Y,139,139,139,,,139,139,139,,139,139,139,139,139,139,,139,139,139,,139,139,,139,,139,139
Y,139,139,139,,,139,139,139,,139,139,139,139,139,139,,139,139,139,,139,139,,139,,139,139
Y,229,275,319,200,200,229,319,425,300,339,275,230,230,230,229,300,319,230,230,200,275,229,,230,200,319,230
Y,229,159,239,239,229,229,259,150,269,199,159,199,169,239,229,260,239,169,139,229,169,229,,189,219,249,169
Y,509,,509,,,509,539,,,,,,,,529,,529,,,,,509,,,,,
Y,249,199,289,419,419,249,299,300,400,219,189,229,229,269,269,420,299,219,279,419,189,249,,239,399,299,249
Y,699,618,769,799,799,699,799,779,899,589,608,729,669,679,699,900,769,689,659,799,598,699,,689,799,769,669
Y,379,389,439,519,519,379,459,395,559,319,389,349,369,379,399,555,459,349,369,519,369,379,,379,519,439,359
Y,359,359,389,399,399,369,389,355,300,349,349,349,319,349,359,310,389,319,339,399,349,369,,329,399,389,359
Y,30,30,,30,30,30,,30,30,30,30,30,30,30,30,30,,30,30,30,30,30,,30,30,,30
Y,479,529,539,539,539,479,549,600,675,519,529,469,439,469,479,675,549,439,469,539,499,479,,469,539,579,469
Y,199,239,299,,,199,299,325,,259,239,199,199,199,199,,299,199,199,,239,199,,219,,299,229
Y,219,199,239,219,219,219,239,250,275,179,179,179,179,159,219,275,239,169,169,219,179,219,,159,219,239,199
Y,179,219,259,,,179,259,290,,239,219,179,179,179,179,,259,179,179,,219,179,,179,,259,189
Y,159,189,239,,,159,239,245,,219,189,159,159,159,159,,239,159,159,,199,159,,159,,239,169
Y,189,139,199,199,199,189,199,185,150,129,149,179,149,149,199,150,199,149,159,189,149,189,,149,199,199,169
Y,139,149,169,150,150,139,169,125,175,109,149,139,129,159,139,175,169,129,129,150,149,139,,159,150,169,149
Y,649,619,649,679,679,649,669,650,625,689,619,629,609,649,649,635,639,609,559,679,639,649,,609,679,659,629
Y,929,819,929,939,939,939,959,945,919,899,819,899,839,929,929,940,929,839,799,939,859,939,,879,939,929,879
Y,439,519,519,579,569,439,529,595,650,499,489,449,459,419,479,650,549,459,449,599,479,449,,419,579,,449
Y,249,219,249,229,229,249,249,175,250,249,219,229,249,279,229,250,249,199,199,229,189,249,,239,229,249,229
Y,199,199,259,239,249,199,259,250,300,219,199,209,239,199,229,300,259,239,209,239,199,199,,199,249,259,229
Y,399,359,419,439,439,389,399,425,425,359,349,419,419,419,419,425,419,399,379,419,349,419,,429,439,399,379
Y,329,349,339,419,439,329,379,325,350,299,319,339,349,349,349,360,369,339,339,419,299,329,,349,419,369,359
Y,259,249,259,239,239,259,259,180,275,269,249,249,269,299,249,275,259,239,239,239,229,259,,259,239,259,259
Y,869,859,959,1019,1019,869,989,1030,1089,809,819,879,889,899,889,1085,979,879,889,999,829,879,,919,1049,989,879
Y,779,789,939,1019,1019,779,949,950,1125,749,799,849,849,819,799,1080,949,879,819,1029,789,779,,829,1019,949,819
Y,1159,1079,1129,1299,1299,1179,1139,1204,1400,1039,1089,1019,979,999,1169,1400,1139,989,999,1299,1079,1159,,999,1299,1139,989
Y,889,859,979,969,969,889,979,1004,1100,819,879,849,829,859,919,1100,979,829,829,969,879,889,,799,999,979,829
Y,1649,1389,1559,1819,1899,1699,1539,1500,1899,1299,1359,1119,1159,1179,1649,1899,1619,1149,1119,1839,1359,1649,,1179,1799,1499,1179
Y,889,859,959,1079,1079,889,959,1045,1149,839,849,889,889,889,919,1149,949,869,869,1059,859,889,,899,1079,989,859
Y,2099,1839,1899,2029,2029,2099,1959,1960,2400,1769,1799,1539,1519,1519,2099,2300,1899,1549,1549,1979,1799,2099,,1519,2029,1959,1559
Y,469,439,489,499,499,469,499,520,559,499,439,449,419,429,419,550,499,449,449,499,429,479,,419,499,499,449
Y,499,469,529,,,499,549,570,619,519,459,469,439,449,439,615,529,469,479,,449,499,,439,,539,469
Y,529,479,569,569,569,529,569,584,600,549,459,489,449,449,439,600,569,479,479,569,479,529,,479,569,569,489
Y,349,,339,289,289,349,339,240,350,219,,329,299,299,349,350,339,329,299,289,,349,,299,289,339,299
Y,449,419,439,389,389,449,439,400,450,319,419,379,349,349,449,450,439,359,349,389,419,449,,349,389,439,349
Y,499,459,499,449,449,499,499,450,550,369,479,419,379,379,499,550,499,389,379,449,459,499,,389,449,499,389
Y,349,239,339,289,289,349,339,240,350,239,239,329,299,299,349,350,339,329,299,289,239,349,,299,289,339,299
Y,449,409,439,389,389,449,439,400,450,329,409,379,349,349,449,450,439,359,349,389,409,449,,349,389,439,349
Y,499,459,499,449,449,499,499,450,550,439,459,419,379,379,499,550,499,389,379,449,459,499,,389,449,499,389
Y,579,599,619,629,629,579,619,684,650,669,579,599,599,579,589,650,619,599,579,619,579,579,,579,629,619,589
Y,199,239,299,269,269,199,299,325,300,259,239,199,199,199,199,300,299,199,199,269,239,199,,219,269,299,229
Y,179,219,259,199,199,179,259,290,229,239,219,179,179,179,179,220,259,179,179,199,219,179,,179,199,259,189
Y,159,189,239,179,179,159,239,245,200,219,189,159,159,159,159,200,239,159,159,179,199,159,,159,179,239,169
Y,199,239,299,269,269,199,299,325,300,259,239,199,199,199,199,300,299,199,199,269,239,199,,219,269,299,229
Y,179,219,259,199,199,179,259,290,229,239,219,179,179,179,179,220,259,179,179,199,219,179,,179,199,259,189
Y,159,189,239,179,179,159,239,245,200,219,189,159,159,159,159,200,239,159,159,179,199,159,,159,179,239,169
Y,299,,200,,,299,200,175,,,,,,,299,,200,,,,,299,,,,,
Y,100,,100,100,100,100,100,,100,,,100,100,100,100,100,100,100,100,100,,100,,100,100,100,100
Y,300,,300,300,300,300,300,,300,,,300,300,300,300,300,300,300,300,300,,300,,300,300,300,300
Y,500,,500,500,500,500,500,,500,,,500,500,500,500,500,500,500,500,500,,500,,500,500,500,500
Y,319,299,369,359,359,299,359,360,350,269,299,349,319,329,359,350,339,359,299,349,299,319,,359,359,349,299
Y,789,799,899,949,949,789,939,965,999,729,779,819,809,839,849,985,899,799,819,949,789,789,,859,979,939,809
Y,1099,1009,1039,1249,1249,1099,1049,1159,1300,929,1009,969,899,919,1129,1300,1049,929,899,1249,1009,1099,,919,1249,1099,909
Y,800,809,879,1009,1009,800,899,985,1059,729,809,829,819,799,800,1070,889,819,799,999,819,800,,819,1009,919,789
Y,829,809,899,919,919,829,899,939,1000,739,799,799,789,769,879,1000,899,789,769,919,809,829,,759,919,939,789
Y,779,819,869,879,879,779,889,925,989,779,819,789,759,789,829,985,869,779,769,869,789,779,,819,879,899,769
Y,729,729,879,969,969,729,859,880,1025,629,729,799,799,729,719,1040,859,789,779,989,739,729,,779,969,899,779
Y,39,59,69,50,50,39,69,40,30,59,59,40,30,40,39,50,69,30,30,50,59,39,,40,50,40,30
Y,39,59,59,40,40,39,59,40,40,49,59,40,20,40,39,40,59,20,20,40,59,39,,40,40,40,20
Y,39,59,49,40,40,39,49,40,40,49,59,20,20,20,39,40,49,20,20,40,59,39,,20,40,35,20
Y,39,59,79,50,50,39,79,40,50,59,59,30,30,30,39,50,79,30,30,50,59,39,,30,50,40,30
Y,199,189,199,219,219,199,239,125,200,239,189,219,199,269,199,200,199,189,189,219,179,199,,219,219,219,219
Y,29,35,39,15,15,29,39,,30,59,35,,40,,29,30,39,40,40,15,35,29,,,15,39,40
Y,29,30,,15,15,29,,20,,,30,,,,29,,,,,15,30,29,,,15,,
Y,29,30,,15,15,29,,20,,,30,,,,29,,,,,15,30,29,,,15,,
Y,60,60,60,60,60,60,60,60,60,60,60,60,60,60,60,60,60,60,60,60,60,60,,60,60,60,60
Y,119,150,199,200,200,119,199,200,200,119,150,150,150,150,119,200,199,150,150,200,150,119,,150,200,199,150
Y,929,879,989,1139,1139,919,999,1070,1159,889,879,919,879,869,979,1140,999,879,859,1129,879,919,,949,1139,1029,879
Y,499,479,529,589,579,499,579,540,550,499,499,459,489,419,539,550,529,399,409,569,489,499,,429,569,569,419
Y,779,689,799,839,849,779,859,819,849,729,669,699,709,699,799,825,799,659,649,839,689,779,,709,839,799,709
Y,499,499,499,589,589,499,559,500,550,569,499,519,489,549,549,550,539,479,439,559,499,499,,499,559,549,519
Y,759,669,729,789,779,759,799,715,759,789,669,749,709,769,779,775,779,719,649,779,689,759,,739,779,779,749
Y,119,150,159,219,219,119,159,130,200,119,150,150,150,150,119,200,159,150,150,219,150,119,,150,219,159,150
Y,350,350,350,,,350,350,350,350,350,350,350,350,350,350,350,350,350,350,,350,350,,350,,199,350
Y,199,199,199,,,199,199,200,199,199,199,199,199,199,199,199,199,199,199,,199,199,,199,,350,199
Y,500,500,500,500,500,500,500,500,500,500,500,500,500,500,500,500,500,500,500,500,500,500,,500,500,500,500
Y,139,,,,,139,,,,,,149,129,149,139,,,129,129,,,139,,139,,,129
Y,179,,,,,179,,,,,,189,169,189,179,,,169,179,,,179,,179,,,169
Y,159,,,,,159,,,,,,169,149,169,159,,,149,159,,,159,,159,,,149
Y,249,279,299,329,329,249,299,290,275,279,279,289,299,299,249,275,299,299,299,329,279,249,,289,329,319,289
Y,229,239,279,249,249,229,269,245,229,239,239,259,259,259,229,230,269,269,259,249,239,229,,259,249,259,259
Y,199,199,229,229,229,199,239,200,200,199,199,179,179,179,199,200,229,179,179,229,199,199,,179,229,239,179
Y,259,279,329,329,329,259,299,290,275,279,279,289,289,289,249,275,299,289,289,329,279,259,,289,329,319,289
Y,229,239,279,239,239,229,269,245,225,239,239,259,259,259,229,225,269,269,259,239,239,229,,259,239,259,259
Y,199,199,229,219,219,199,239,200,200,199,199,179,179,179,199,200,229,179,179,219,199,199,,179,219,239,179
Y,259,279,329,329,329,259,319,290,275,279,279,289,289,289,269,275,319,289,289,329,279,259,,289,329,319,289
Y,229,239,289,249,249,229,289,245,229,239,239,259,259,259,229,230,289,259,259,249,239,229,,259,249,259,259
Y,189,199,229,229,229,189,239,200,200,199,199,179,179,179,189,200,229,179,179,229,199,189,,179,229,239,179
Y,119,125,139,150,150,119,139,90,150,119,125,130,130,130,119,150,139,130,130,150,125,119,,130,150,139,130
Y,1349,,1359,,,1359,1329,,,,,1239,1289,1299,1349,,1219,1230,1230,,,1349,,1289,,1349,1299
Y,1329,,1299,,,1309,1359,,,,,1030,1089,1039,1309,,1299,1030,1030,,,1329,,1089,,1299,1089
Y,259,229,289,259,259,259,289,275,365,249,239,239,249,249,269,365,289,259,269,259,239,259,,239,259,289,269
Y,259,229,289,259,259,259,289,275,365,249,239,239,249,249,269,365,289,259,269,259,239,259,,239,259,289,269
Y,500,500,500,500,500,500,500,500,500,500,500,500,500,500,500,500,500,500,500,500,500,500,,500,500,500,500
Y,600,,600,,,600,600,,,,,600,600,600,600,,600,600,600,,,600,,600,,600,600
Y,559,579,649,629,639,559,649,615,670,599,579,629,619,629,589,670,649,629,629,629,589,559,,629,629,649,619
Y,939,959,1039,1029,1029,939,1039,960,1070,929,959,999,999,999,1019,1070,1039,999,999,1029,959,939,,999,1029,1039,999
Y,1029,1009,1119,1089,1089,1029,1119,1034,1170,999,1009,1049,1049,1039,1069,1170,1139,1039,1049,1089,1009,1039,,1039,1089,1119,1049
Y,499,499,549,539,549,499,549,515,550,519,499,549,539,549,529,550,549,549,549,549,519,499,,549,549,549,539
Y,869,859,939,929,929,869,939,860,950,849,859,919,919,919,899,950,939,919,919,929,859,869,,919,929,939,919
Y,909,899,1029,969,969,909,1029,934,1050,899,899,959,959,959,939,1050,1039,959,959,969,899,909,,959,969,1029,959
Y,29,30,,15,15,29,,25,,29,30,29,29,29,29,,,29,29,15,30,29,,29,15,,29
Y,269,229,299,259,259,269,299,275,369,249,239,239,249,249,289,365,299,259,269,259,239,269,,239,259,299,269
Y,700,,700,,,700,700,,,,,,,,700,,700,,,,,700,,,,700,
Y,299,299,299,299,299,299,299,299,319,299,299,299,299,299,299,319,299,299,299,299,299,299,,299,299,299,299
Y,299,299,299,299,299,299,299,299,319,299,299,299,299,299,299,319,299,299,299,299,299,299,,299,299,299,299
Y,829,919,919,939,939,829,919,1020,1019,819,919,889,859,869,829,1019,919,899,869,929,899,829,,919,939,919,859
Y,919,979,1019,999,999,919,1019,1100,1119,879,999,949,919,969,919,1119,1019,999,929,989,959,919,,979,999,1019,919
Y,829,919,919,939,939,829,919,1020,1019,819,919,889,859,869,829,1019,919,899,869,929,899,829,,919,939,919,859
Y,919,979,1019,999,999,919,1019,1100,1119,879,999,949,919,969,919,1119,1019,999,929,989,959,919,,979,999,1019,919
Y,829,919,919,939,939,829,919,1020,1019,819,919,889,859,869,829,1019,919,899,869,929,899,829,,919,939,919,859
Y,919,979,1019,999,999,919,1019,1100,1119,879,999,949,919,969,919,1119,1019,999,929,989,959,919,,979,999,1019,919
Y,849,839,,999,989,849,,950,1029,859,849,819,789,839,869,1029,,819,859,969,819,849,,819,999,,819
Y,1229,1149,,1299,1299,1229,,1300,1379,1059,1149,1099,1029,1059,1249,1379,,1079,1059,1299,1149,1229,,1059,1299,,1049
Y,1299,1219,,1379,1379,1299,,1375,1459,1129,1219,1169,1119,1139,1319,1459,,1159,1129,1379,1219,1299,,1129,1379,,1119
Y,29,35,,15,15,29,,30,30,59,35,25,40,25,29,30,,40,40,15,35,29,,25,15,,40
Y,29,39,39,19,19,29,39,25,39,59,39,25,25,25,29,39,39,25,25,19,39,29,,25,19,39,25
Y,29,39,25,19,19,29,25,25,25,29,39,29,29,29,29,25,25,29,29,19,39,29,,29,19,25,29
Y,559,529,589,779,779,559,589,675,759,539,549,669,659,669,599,750,599,629,629,779,529,559,,669,779,619,629
Y,839,819,919,1079,1079,839,919,985,1049,779,829,959,949,959,929,1050,919,939,899,1069,819,839,,979,1079,939,899
Y,919,869,959,1149,1149,919,959,1050,1119,869,879,1019,1029,1019,969,1115,979,989,969,1129,859,919,,1039,1149,979,969
Y,669,629,719,929,929,669,689,775,879,629,629,859,819,819,699,855,719,799,759,959,619,669,,879,959,779,829
Y,949,919,1039,1229,1229,949,1019,1085,1169,869,919,1149,1119,1119,1029,1155,1029,1119,1029,1249,899,949,,1189,1259,1099,1099
Y,1029,969,1079,1299,1299,1029,1059,1150,1229,959,959,1219,1189,1169,1069,1220,1099,1169,1099,1319,939,1029,,1249,1329,1339,1169
Y,299,299,299,299,299,299,299,299,319,299,299,299,299,299,299,319,299,299,299,299,299,299,,299,299,299,299
Y,829,800,919,939,939,829,919,1020,1019,819,800,889,859,869,829,1019,979,899,869,929,800,829,,919,939,919,859
Y,919,979,1019,999,999,919,1019,1095,1119,879,999,949,919,969,919,1119,1019,999,929,989,959,919,,979,999,1019,919
Y,829,800,919,939,939,829,919,1020,1019,819,800,889,859,869,829,1019,979,899,869,929,800,829,,919,939,919,859
Y,919,979,1019,999,999,919,1019,1095,1119,879,999,949,919,969,919,1119,1019,999,929,989,959,919,,979,999,1019,919
Y,829,800,919,939,939,829,919,1020,1019,819,800,889,859,869,829,1019,979,899,869,929,800,829,,919,939,919,859
Y,919,979,1019,999,999,919,1019,1095,1119,879,999,949,919,969,919,1119,1019,999,929,989,959,919,,979,999,1019,919
Y,519,449,499,599,579,519,519,495,539,489,449,429,449,419,519,539,519,399,389,569,459,519,,399,599,519,449
Y,799,639,769,759,759,799,769,790,839,679,629,719,719,719,819,839,769,629,619,759,649,799,,719,759,769,749
Y,,269,329,,,,319,280,379,,269,299,289,279,,370,339,239,269,,279,,,279,,379,279
Y,,479,,,,,,515,539,499,479,469,499,489,,530,,439,439,,469,,,489,,569,489
Y,,900,,,,,,,,,900,,,,,,,,,,900,,,,,,
Y,,279,389,429,429,,389,,400,319,269,,,,,400,389,,,429,269,,,,429,389,
Y,,519,539,619,619,,619,,549,549,519,,,,,540,539,,,619,519,,,,619,559,
Y,,3699,3699,,,,3699,,,3309,3699,,,,,,3699,,,,3699,,,,,3699,
Y,,59,,35,35,,,40,59,50,59,39,39,39,,59,,39,39,35,59,,,39,35,,39
Y,,418,,,,,,504,,419,418,359,439,419,,,,409,429,,418,,,399,,,439
Y,,59,39,,,,39,15,50,29,59,,,,39,50,39,,,,59,,,,,39,
Y,,1039,,,,,,1309,,1019,1069,,,,,,,,,,1059,,,,,,
Y,,989,,,,,,1239,,879,1029,,,,,,,,,,989,,,,,,
Y,,659,,,,,,830,,619,659,,,,,,,,,,659,,,,,,
Y,,58,68,68,68,,68,68,56,68,58,68,68,68,,58,68,68,68,68,58,,,68,68,68,68
Y,,35,,,,,,20,,,35,,,,,,,,,,35,,,,,,
Y,,40,,,,,,,,,40,,20,,,,,20,20,,40,,,,,30,20
Y,,75,139,,,,139,,,119,75,,50,,,,139,50,50,,75,,,,,139,50
Y,,100,139,,,,139,25,,89,100,,50,,,,139,50,50,,100,,,,,139,50
Y,,2199,2399,,,,2399,,,2506,2199,,,,,,2399,,,,2199,,,,,2399,
Y,,69,,,,,80,,,,,,,,,,,,,,,,,,,,
Y,,69,,,,,80,,,,,,,,,,,,,,,,,,,,
Y,,1299,1329,1599,1629,,1329,1690,1579,1289,1329,1229,1219,1189,,1580,1349,1219,1209,1599,,,,1219,1599,1299,1239
Y,,39,59,,,,59,30,75,59,39,,30,,,75,59,30,30,,39,,,,,30,30
Y,,39,89,,,,89,30,75,59,39,,30,,,75,89,30,30,,39,,,,,30,30
Y,,1189,1199,,,,1229,1400,1499,999,1189,,,,,1499,1199,,,,1189,,,,,1199,
Y,,279,,,,,,390,319,299,249,,,,,320,,,,,279,,,,,,
Y,,639,,,,,,,639,,599,,,,,600,,,,,659,,,,,,
Y,,419,,,,,,,500,,399,,,,,475,,,,,439,,,,,,
Y,,439,539,599,599,,539,,539,479,439,,,,,535,539,,,599,449,,,,599,519,
Y,,699,,,,,,,829,819,699,,,,,849,,,,,719,,,,,,
Y,,79,,119,119,,,,100,99,99,,,,,100,,,,119,79,,,,119,139,
Y,,169,,,,,,225,189,189,159,,,,,185,,,,,169,,,,,,
Y,,579,629,689,669,,649,,589,649,579,,,,,580,639,,,659,569,,,,689,639,
Y,,829,,,,,,,859,979,829,,,,,875,,,,,839,,,,,,
Y,,289,,,,,,375,329,319,259,,,,,330,,,,,289,,,,,,
Y,,25,39,,,,39,30,25,39,25,,30,,,25,39,30,,,25,,,,,39,30
Y,,25,39,,,,39,,50,39,25,,,,,50,39,,,,25,,,,,39,
Y,,539,,,,,,,709,669,529,,,,,700,,,,,549,,,,,,
Y,,25,,,,,,30,,39,25,,,,,,,,,,25,,,,,30,
Y,,1819,1899,2259,2259,,1899,2000,2100,1739,1779,1779,1779,1829,,2100,1959,1799,1799,2199,1759,,,1749,2199,1899,1869
Y,,769,,,,,,,839,889,769,,,,,815,,,,,789,,,,,,
Y,,579,,,,,,695,749,589,599,589,589,589,,740,,579,579,,569,,,599,,,569
Y,,549,599,659,629,,659,,725,599,569,,,,,735,599,,,619,569,,,,649,619,
Y,,619,,719,699,,,,825,,619,,,,,825,,,,679,619,,,,699,659,
Y,,589,529,,,,489,600,829,549,599,519,,469,,820,499,,,,569,,,469,,649,
Y,,79,99,119,119,,99,60,100,99,99,99,89,79,,100,119,79,79,119,79,,,139,119,139,89
Y,,449,,,,,,495,485,519,459,339,329,299,,485,,339,349,,429,,,329,,519,349
Y,,559,,629,629,,,,569,579,559,,,,,560,,,,629,549,,,,629,649,
Y,,809,,,,,,,849,909,799,,,,,855,,,,,819,,,,,,
Y,,749,,869,849,,,,950,,749,,,,,960,,,,839,759,,,,869,799,
Y,,669,,,,,,789,829,,648,,,,,805,,,,,699,,,,,779,
Y,,1899,1799,,,,1799,,,1879,1899,1839,1869,1819,,,1799,1889,1909,,1899,,,1839,,1799,1859
Y,,259,269,,,,319,345,300,289,239,,,,,300,269,,,,259,,,,,279,
Y,,159,,,,,,,,,159,,,,,,,,,,179,,,,,,
Y,,719,,,,,,750,925,649,739,,,,,925,,,,,659,,,,,,
Y,,949,,,,,,1099,1199,919,969,939,919,949,,1190,,919,919,,969,,,889,,,919
Y,,609,,,,,,724,,,609,599,629,629,,,,569,589,,609,,,659,,,619
Y,,199,299,,,,299,175,200,219,199,,,,,200,299,,,,199,,,,,299,
Y,,300,,,,,,300,300,300,300,,,,,300,,,,,300,,,,,,
Y,,500,,,,,,500,500,500,500,,,,,500,,,,,500,,,,,,
Y,,100,,,,,,100,100,100,100,,,,,100,,,,,100,,,,,,
Y,,739,889,,,,889,874,,,739,799,799,799,,,889,779,759,,749,,,799,,879,789
Y,,619,,,,,,,650,,619,,,,,650,,,,,619,,,,,,
Y,,749,,,,,,,800,,749,,,,,800,,,,,759,,,,,,
Y,,679,,,,,,659,825,579,699,,,,,855,,,,,609,,,,,,
Y,,549,,,,,,659,,,549,529,549,559,,,,519,529,,549,,,569,,,539
Y,,699,839,,,,839,784,,,699,729,699,719,,,799,699,699,,699,,,749,,819,689
Y,,899,,,,,,1034,1099,829,899,889,879,859,,1090,,879,859,,899,,,849,,,879
Y,,100,,,,,,,,,100,,,,,,,,,,100,,,,,,
Y,,39,49,39,39,,49,30,30,59,39,39,39,39,,30,49,39,39,39,39,,,39,39,49,39
Y,,142,142,,,,142,142,142,142,142,142,142,142,,142,142,142,142,,142,,,142,,,142
Y,,500,,500,500,,,500,500,500,500,500,500,500,,500,,500,500,500,500,,,500,500,,500
Y,,600,,,,,,600,600,600,600,,,,,600,,,,,600,,,,,,
Y,,59,99,,,,99,45,,59,59,30,30,30,,,99,30,30,,59,,,,,99,30
Y,,175,169,,,,169,175,,,175,,,,,,169,,,,175,,,,,169,
Y,,,2299,,,,2299,,,,,,,,,,2299,,,,,,,,,2299,
Y,,,2999,,,,2999,,,,,,,,,,2999,,,,,,,,,2999,
Y,,,2299,,,,2299,,2600,,,,,,,2600,2299,,,,,,,,,2299,
Y,,,2299,,,,2299,,,1549,,1799,1819,1779,,,2299,1819,1849,,,,,1819,,2299,1799
Y,,,279,,,,319,290,300,,,219,239,319,,320,289,239,249,,,,,259,,339,269
Y,,,100,,,,100,,,,,,,,,,100,,,,,,,,,100,
Y,,,358,,,,358,350,,,,,,,,,358,,,,,,,,,249,
Y,,,199,149,149,,199,100,250,119,,60,,60,,250,199,,,149,,,,60,149,199,
Y,,,100,,,,100,,,,,110,110,110,,,100,110,110,,,,,110,,,110
Y,,,599,,,,599,,,,,,,,,,599,,,,,,,,,599,
Y,,,29,15,15,,29,,30,,,,40,,,30,29,40,40,15,,,,,15,29,40
Y,,,40,39,39,,40,40,50,29,,49,49,49,,50,40,49,49,39,,,,49,39,40,49
Y,,,69,,,,69,30,,,,,,,,,69,,,,,,,,,,
Y,,,,139,139,,,100,,,,,,,,,,,,139,,,,,139,,
Y,,,,139,139,,,139,139,,,,,,,139,,,,139,,,,,139,,
Y,,,,139,139,,,139,139,,,,,,,139,,,,139,,,,,139,,
Y,,,,139,139,,,139,139,,,,,,,139,,,,139,,,,,139,,
Y,,,,199,199,,,100,,,,,,,,,,,,229,,,,,199,,
Y,,,,269,269,,,,300,,,,,,,300,,,,269,,,,,269,,
Y,,,,199,199,,,,229,,,,,,,220,,,,199,,,,,199,,
Y,,,,179,179,,,,200,,,,,,,200,,,,179,,,,,179,,
Y,,,,,269,,,,,,,,,,,,,,,259,,,,,,,
Y,,,,,269,,,,,,,,,,,,,,,259,,,,,,,
Y,,,,,,2759,,,,,,,,,,,,,,,,,,,,,
Y,,,,,,,,595,,,,,,,,,,,,,,,,,,579,
Y,,,,,,,,265,,,,,,,,,,,,,,,,,,,
Y,,,,,,,,260,375,289,,239,229,209,,385,,229,249,,,,,229,,439,239
Y,,,,,,,,725,,,,,,,,,,,,,,,,,,,
Y,,,,,,,,425,,,,,,,,,,,,,,,,,,,
Y,,,,,,,,200,,,,,,,,,,,,,,,,,,,
Y,,,,,,,,815,,,,,,,,,,,,,,,,,,,
Y,,,,,,,,750,,,,,,,,,,,,,,,,,,,
Y,,,,,,,,225,,,,,,,,,,,,,,,,,,,
Y,,,,,,,,20,,,,,,,,,,,,,,,,,,,
Y,,,,,,,,20,,,,,,,,,,,,,,,,,,,
Y,,,,,,,,10,,,,,,,,,,,,,,,,,,,
Y,,,,,,,,10,,,,,,,,,,,,,,,,,,,
Y,,,,,,,,100,100,,,100,100,100,,,,100,100,,,,,100,,,100
Y,,,,,,,,250,,,,,,,,,,,,,,,,,,,
Y,,,,,,,,250,,,,,,,,,,,,,,,,,,,
Y,,,,,,,,100,150,,,,,,,150,,,,,,,,,,,
Y,,,,,,,,365,,139,,,,,,,,,,,,,,,,,
Y,,,,,,,,350,,,,,,,,,,,,,,,,,,,
Y,,,,,,,,671,,,,,,,,,,,,,,,,,,,
Y,,,,,,,,375,,,,,,,,,,,,,,,,,,,
Y,,,,,,,,489,,,,,,,,424,,,,,,,,,,,
Y,,,,,,,,250,,,,,,,,,,,,,,,,,,,
Y,,,,,,,,655,,,,,,,,,,,,,,,,,,,
Y,,,,,,,,600,,,,,,,,,,,,,,,,,,,
Y,,,,,,,,225,,,,,,,,,,,,,,,,,,,
Y,,,,,,,,200,,,,,,,,,,,,,,,,,,299,
Y,,,,,,,,240,,,,,,,,,,,,,,,,,,,
Y,,,,,,,,200,,,,,,,,,,,,,,,,,,,
Y,,,,,,,,200,200,,,,,,,,,,,,,,,,,,
Y,,,,,,,,325,,,,,,,,,,,,,,,,,,,
Y,,,,,,,,100,,,,,,,,,,,,,,,,,,,
Y,,,,,,,,149,,,,,,,,,,,,,,,,,,,
Y,,,,,,,,179,,,,,,,,,,,,,,,,,,,
Y,,,,,,,,529,,469,,,,,,,,,,,,,,,,,
Y,,,,,,,,325,,,,,,,,,,,,,,,,,,,
Y,,,,,,,,560,,,,559,559,559,,,,559,559,,,,,559,,,559
Y,,,,,,,,325,,,,,,,,,,,,,,,,,,,
Y,,,,,,,,629,,,,,,,,,,,,,,,,,,,
Y,,,,,,,,979,,,,,,,,,,,,,,,,,,989,
Y,,,,,,,,20,,,,15,15,15,,,,15,15,,,,,15,,,15
Y,,,,,,,,175,319,,,219,,219,,315,,219,219,,,,,219,,,219
Y,,,,,,,,850,,,,918,898,898,,,,898,898,,,,,898,,,898
Y,,,,,,,,299,,,,,,,,,,,,,,,,,,,
Y,,,,,,,,880,,,,,,,,,,,,,,,,,,889,
Y,,,,,,,,630,,,,,,,,,,,,,,,,,,,
Y,,,,,,,,514,,399,,,,,,,,,,,,,,,,,
Y,,,,,,,,514,679,439,,,,,,675,,,,,,,,,,589,
Y,,,,,,,,621,,,,,,,,,,,,,,,,,,,
Y,,,,,,,,200,,,,,,,,,,,,,,,,,,,
Y,,,,,,,,780,,,,829,809,809,,,,809,809,,,,,809,,,809
Y,,,,,,,,345,,,,,,,,,,,,,,,,,,,
Y,,,,,,,,650,,,,,,,,,,,,,,,,,,,
Y,,,,,,,,380,349,319,,,,,,345,,,,,,,,,,,
Y,,,,,,,,495,529,459,,,,,,520,,,,,,,,,,,
Y,,,,,,,,560,579,549,,,,,,570,,,,,,,,,,,
Y,,,,,,,,30,59,39,,25,25,,,50,,25,25,,,,,25,,,25
Y,,,,,,,,,669,,,,,,,665,,,,,,,,,,,
Y,,,,,,,,,419,,,,,,,415,,,,,,,,,,,
Y,,,,,,,,,559,,,,,,,565,,,,,,,,,,,
Y,,,,,,,,,39,,,,,,,30,,,,,,,,,,,
Y,,,,,,,,,10,,,,,,,10,,,,,,,,,,,
Y,,,,,,,,,60,,,,,,,,,,,,,,,,,,
Y,,,,,,,,,100,,,,,,,,,,,,,,,,,,
Y,,,,,,,,,300,,,,,,,300,,,,,,,,,,,
Y,,,,,,,,,200,,,,,,,,,,,,,,,,,,
Y,,,,,,,,,200,,,,,,,,,,,,,,,,,,
Y,,,,,,,,,200,,,,,,259,,,,,,,,,,,,
Y,,,,,,,,,269,,,,,,,260,,,,,,,,,,,
Y,,,,,,,,,300,,,,,,,300,,,,,,,,,,,
Y,,,,,,,,,1039,,,,,,,1040,,,,,,,,,,,
Y,,,,,,,,,189,,,,,,,195,,,,,,,,,,,
Y,,,,,,,,,500,,,,,,,500,,,,,,,,,,,
Y,,,,,,,,,299,,,,,,,,,,,,,,,,,,
Y,,,,,,,,,200,,,,,,,,,,,,,,,,,,
Y,,,,,,,,,100,,,,,,,,,,,,,,,,,,
Y,,,,,,,,,6999,,,,,,,6999,,,,,,,,,,,
Y,,,,,,,,,979,,,,,,,975,,,,,,,,,,,
Y,,,,,,,,,389,,,,,,,380,,,,,,,,,,,
Y,,,,,,,,,,5900,,,,,,,,,,,,,,,,,
Y,,,,,,,,,,39,,,20,,,,,20,20,,,,,,,,20
Y,,,,,,,,,,59,,,,,,,,,,,,,,,,,
Y,,,,,,,,,,59,,,,,,,,,,,,,,,,,
Y,,,,,,,,,,89,,,,,,,,,,,,,,,,,
Y,,,,,,,,,,,,219,199,219,,,,199,199,,,,,229,,,179
Y,,,,,,,,,,,,130,130,130,,,,130,130,,,,,130,,,130
Y,,,,,,,,,,,,100,100,100,,,,100,100,,,,,100,,,100
Y,,,,,,,,,,,,100,100,100,,,,100,100,,,,,100,,,100
Y,,,,,,,,,,,,100,100,100,,,,100,100,,,,,100,,,100
Y,,,,,,,,,,,,100,100,100,,,,100,100,,,,,100,,,100
Y,,,,,,,,,,,,1869,1858,1858,,,,1848,1848,,,,,1848,,1789,1859
Y,,,,,,,,,,,,100,100,100,,,,100,100,,,,,100,,,100
Y,,,,,,,,,,,,100,100,100,,,,100,100,,,,,100,,,100
Y,,,,,,,,,,,,100,100,100,,,,100,100,,,,,100,,,100
Y,,,,,,,,,,,,758,738,738,,,,738,738,,,,,738,,,738
Y,,,,,,,,,,,,818,798,798,,,,798,798,,,,,798,,,798
Y,,,,,,,,,,,,100,100,100,,,,100,100,,,,,100,,,100
Y,,,,,,,,,,,,778,758,758,,,,758,758,,,,,758,,,758
Y,,,,,,,,,,,,419,419,419,,,,419,419,,,,,419,,569,419
Y,,,,,,,,,,,,449,429,429,,,,429,429,,,,,429,,,429
Y,,,,,,,,,,,,718,698,698,,,,698,698,,,,,698,,,698
Y,,,,,,,,,,,,439,439,439,,,,439,439,,,,,439,,,439
Y,,,,,,,,,,,,798,778,778,,,,778,778,,,,,778,,,778
Y,,,,,,,,,,,,728,708,708,,,,708,708,,,,,708,,,708
Y,,,,,,,,,,,,189,169,189,,,,169,179,,,,,179,,,169
Y,,,,,,,,,,,,169,149,169,,,,149,159,,,,,159,,,149
Y,,,,,,,,,,,,149,129,149,,,,129,129,,,,,139,,,129
Y,,,,,,,,,,,,189,169,189,,,,169,179,,,,,179,,,169
Y,,,,,,,,,,,,169,149,169,,,,149,159,,,,,159,,,149
Y,,,,,,,,,,,,149,129,149,,,,129,129,,,,,139,,,129
Y,,,,,,,,,,,,189,169,189,,,,169,179,,,,,179,,,169
Y,,,,,,,,,,,,169,149,169,,,,149,159,,,,,159,,,149
Y,,,,,,,,,,,,149,129,149,,,,129,129,,,,,139,,,129
Y,,,,,,,,,,,,189,169,189,,,,169,179,,,,,179,,,169
Y,,,,,,,,,,,,169,149,169,,,,149,159,,,,,159,,,149
Y,,,,,,,,,,,,149,129,149,,,,129,129,,,,,139,,,129
Y,,,,,,,,,,,,189,169,189,,,,169,179,,,,,179,,,169
Y,,,,,,,,,,,,169,149,169,,,,149,159,,,,,159,,,149
Y,,,,,,,,,,,,149,129,149,,,,129,129,,,,,139,,,129
Y,,,,,,,,,,,,,100,,,,,100,100,,,,,,,,100
Y,,,,,,,,,,,,,100,,,,,100,100,,,,,,,,100
Y,,,,,,,,,,,,,100,,,,,100,100,,,,,,,,100
Y,,,,,,,,,,,,,439,,,,,438,438,,,,,,,,438
Y,,,,,,,,,,,,,100,,,,,100,100,,,,,,,,100
Y,,,,,,,,,,,,,15,,,,,15,15,,,,,,,,15
Y,,,,,,,,,,,,,20,,,,,20,20,,,,,,,,20
Y,,,,,,,,,,,,,369,,,,,369,369,,,,,,,,369
Y,,,,,,,,,,,,,548,,,,,548,548,,,,,,,,548
Y,,,,,,,,,,,,,,,319,,,,,,,,,,,,
Y,,,,,,,,,,,,,,,319,,,,,,,,,,,,
Y,,,,,,,,,,,,,,,359,,,,,,,,,,,,
Y,,,,,,,,,,,,,,,359,,,,,,,,,,,,
Y,,,,,,,,,,,,,,,,,,,,,,,,,,300,
Y,,,,,,,,,,,,,,,,,,,,,,,,,,269,
Y,,,,,,,,,,,,,,,,,,,,,,,,,,639,
Y,,,,,,,,,,,,,,,,,,,,,,,,,,879,
Y,,,,,,,,,,,,,,,,,,,,,,,,,,269,
Y,,,,,,,,,,,,,,,,,,,,,,,,,,299,
